price,bedrooms,bathrooms,sqft_living,sqft_lot,floors,waterfront,view,condition,sqft_above,sqft_basement,house_age,was_renovated,years_since_renovation,city_encoded
313000.0,3.0,1.5,1340,7912,1.5,0,0,3,1340,0,59,1,9,0.02673913043478261
342000.0,3.0,2.0,1930,11947,1.0,0,0,4,1930,0,48,0,48,0.04021739130434782
420000.0,3.0,2.25,2000,8030,1.0,0,0,4,1000,1000,51,0,51,0.06217391304347826
550000.0,4.0,2.5,1940,10500,1.0,0,0,4,1140,800,38,1,22,0.051086956521739134
490000.0,2.0,1.0,880,6380,1.0,0,0,3,880,0,76,1,20,0.34195652173913044
335000.0,2.0,2.0,1350,2560,1.0,0,0,3,1350,0,38,0,38,0.051086956521739134
482000.0,4.0,2.5,2710,35868,2.0,0,0,3,2710,0,25,0,25,0.020869565217391306
452500.0,3.0,2.5,2430,88426,1.0,0,0,4,1570,860,29,0,29,0.010869565217391304
640000.0,4.0,2.0,1520,6200,1.5,0,0,3,1520,0,69,1,4,0.34195652173913044
463000.0,3.0,1.75,1710,7320,1.0,0,0,3,1710,0,66,1,20,0.00782608695652174
588500.0,3.0,1.75,2330,14892,1.0,0,0,3,1970,360,34,0,34,0.03804347826086957
365000.0,3.0,1.0,1090,6435,1.0,0,0,4,1090,0,59,1,5,0.34195652173913044
242500.0,3.0,1.5,1200,9720,1.0,0,0,4,1200,0,49,0,49,0.04021739130434782
419000.0,3.0,1.5,1570,6700,1.0,0,0,4,1570,0,58,0,58,0.06217391304347826
367500.0,4.0,3.0,3110,7231,2.0,0,0,3,3110,0,17,0,17,0.03826086956521739
257950.0,3.0,1.75,1370,5858,1.0,0,0,3,1370,0,27,1,14,0.012608695652173913
275000.0,3.0,1.5,1180,10277,1.0,0,0,3,1180,0,31,1,5,0.010869565217391304
750000.0,3.0,1.75,2240,10578,2.0,0,0,5,1550,690,91,0,91,0.34195652173913044
435000.0,4.0,1.0,1450,8800,1.0,0,0,4,1450,0,60,1,35,0.06217391304347826
626000.0,3.0,2.25,1750,1572,2.5,0,0,3,1470,280,9,0,9,0.34195652173913044
612500.0,4.0,2.5,2730,12261,2.0,0,0,3,2730,0,23,0,23,0.007173913043478261
495000.0,4.0,1.75,1600,6380,1.0,0,0,3,1130,470,55,1,25,0.34195652173913044
285000.0,3.0,2.5,2090,10834,1.0,0,0,4,1360,730,27,0,27,0.03217391304347826
615000.0,3.0,1.75,2360,7291,1.0,0,0,4,1360,1000,66,0,66,0.34195652173913044
698000.0,4.0,2.25,2200,11250,1.5,0,0,5,1300,900,94,0,94,0.04065217391304348
675000.0,5.0,2.5,2820,67518,2.0,0,0,3,2820,0,35,1,0,0.04065217391304348
790000.0,3.0,2.5,2600,4750,1.0,0,0,4,1700,900,63,1,15,0.34195652173913044
382500.0,4.0,1.75,1560,8700,1.0,0,0,4,1560,0,47,0,47,0.04065217391304348
499950.0,4.0,2.5,2860,3345,2.0,0,0,3,2190,670,10,1,11,0.025
650000.0,4.0,2.0,1820,5000,1.5,0,1,3,1640,180,69,1,4,0.34195652173913044
625000.0,4.0,2.5,2820,8408,2.0,0,0,3,2820,0,0,0,0,0.02673913043478261
400000.0,4.0,2.5,3630,42884,1.5,0,0,3,2300,1330,35,1,0,0.03826086956521739
604000.0,3.0,2.5,3240,33151,2.0,0,2,3,3240,0,19,0,19,0.03217391304347826
440000.0,2.0,1.0,800,4850,1.0,0,0,4,800,0,70,0,70,0.34195652173913044
287200.0,3.0,3.0,1850,19966,1.0,0,0,4,1090,760,22,0,22,0.020869565217391306
403000.0,3.0,2.0,1960,13100,1.0,0,2,5,1650,310,57,0,57,0.00391304347826087
750000.0,3.0,2.5,2390,6550,1.0,0,2,4,1440,950,59,1,5,0.34195652173913044
335000.0,3.0,2.25,1580,16215,1.0,0,0,4,1580,0,36,1,14,0.002391304347826087
260000.0,4.0,2.0,1480,8625,1.0,0,0,4,1480,0,40,0,40,0.06369565217391304
308500.0,2.0,1.0,850,6174,1.0,0,0,4,850,0,64,1,31,0.02673913043478261
439950.0,3.0,2.5,1770,2875,2.0,0,0,3,1770,0,24,1,5,0.34195652173913044
235000.0,2.0,1.0,1210,9400,1.0,0,0,2,1210,0,65,0,65,0.34195652173913044
315000.0,3.0,1.0,1160,9180,1.0,0,0,3,1160,0,46,1,17,0.025
437500.0,3.0,2.25,1970,35100,2.0,0,0,4,1970,0,37,0,37,0.04065217391304348
407500.0,3.0,2.5,1930,10460,2.0,0,0,3,1930,0,18,0,18,0.06369565217391304
445700.0,3.0,2.5,1270,1180,3.0,0,0,3,1270,0,13,0,13,0.34195652173913044
838000.0,4.0,2.5,3310,42998,2.0,0,0,3,3310,0,13,0,13,0.051086956521739134
630000.0,4.0,2.75,2710,37277,2.0,0,0,3,2710,0,14,0,14,0.04065217391304348
550000.0,3.0,1.75,2910,35200,1.5,0,0,3,2910,0,35,1,0,0.03804347826086957
805000.0,3.0,2.0,2710,4500,1.5,0,0,4,1880,830,85,0,85,0.34195652173913044
284000.0,3.0,1.75,1800,23103,1.0,0,0,3,1800,0,46,1,17,0.004782608695652174
470000.0,5.0,2.5,2210,9655,1.0,0,0,3,1460,750,38,0,38,0.007173913043478261
430000.0,4.0,1.5,1920,10000,1.0,0,0,4,1070,850,60,1,35,0.06217391304347826
491500.0,4.0,1.75,2190,125452,1.0,0,2,3,2190,0,46,1,17,0.03826086956521739
785000.0,5.0,3.25,3660,11995,2.0,0,2,3,3660,0,8,0,8,0.015434782608695652
385000.0,3.0,3.25,1320,1327,2.0,0,0,3,1040,280,6,0,6,0.34195652173913044
295000.0,2.0,2.5,1630,1368,2.0,0,0,3,1280,350,5,0,5,0.34195652173913044
555000.0,4.0,2.5,3310,6500,2.0,0,0,3,3310,0,2,1,102,0.015434782608695652
459990.0,3.0,2.5,2680,5539,2.0,0,0,3,2680,0,1,1,91,0.010869565217391304
625000.0,4.0,3.25,2730,54014,1.0,0,0,3,1560,1170,7,0,7,0.06369565217391304
300000.0,3.0,2.5,2540,5050,2.0,0,0,3,2540,0,8,0,8,0.04021739130434782
625000.0,4.0,2.75,2920,6605,2.0,0,0,3,2920,0,2,1,102,0.06369565217391304
553000.0,2.0,1.0,900,5000,1.0,0,0,3,900,0,70,0,70,0.34195652173913044
379880.0,3.0,2.5,1650,14054,1.0,0,0,4,1130,520,28,0,28,0.04065217391304348
310000.0,3.0,1.0,1010,9945,1.0,0,0,4,1010,0,41,0,41,0.015434782608695652
775000.0,2.0,2.5,2680,7392,1.0,0,0,3,2680,0,10,1,11,0.051086956521739134
365000.0,3.0,2.5,2200,7350,1.0,0,0,5,1570,630,26,0,26,0.06369565217391304
331950.0,4.0,2.5,2530,9933,2.0,0,2,3,2010,520,24,1,5,0.03826086956521739
783500.0,3.0,2.5,2850,7130,2.0,0,0,3,1990,860,34,0,34,0.34195652173913044
628000.0,4.0,2.0,2280,6010,1.0,0,0,3,1140,1140,114,1,9,0.34195652173913044
560000.0,3.0,2.5,1900,8744,2.0,0,0,3,1900,0,27,1,14,0.03804347826086957
900000.0,3.0,1.0,1330,77972,1.0,0,0,3,1330,0,86,1,60,0.04065217391304348
531000.0,2.0,3.0,1270,1175,2.0,0,0,3,1110,160,14,0,14,0.34195652173913044
831000.0,4.0,3.0,2170,4000,2.0,0,0,4,1610,560,32,1,3,0.34195652173913044
780000.0,4.0,2.5,2730,10281,2.0,0,2,3,2730,0,18,0,18,0.03804347826086957
755000.0,4.0,2.5,2120,10202,1.0,0,0,4,1620,500,54,1,13,0.06217391304347826
705380.0,3.0,2.5,2490,4343,2.0,0,0,3,2490,0,11,0,11,0.04065217391304348
627000.0,4.0,2.25,1990,7712,1.0,0,0,3,1210,780,41,1,1,0.04065217391304348
865000.0,4.0,3.0,3690,9892,2.0,0,0,3,3690,0,16,1,8,0.03804347826086957
580000.0,2.0,1.0,2540,7000,1.0,0,0,5,1320,1220,72,0,72,0.34195652173913044
410000.0,3.0,2.25,1800,36704,1.0,0,0,4,1360,440,36,1,14,0.04065217391304348
485000.0,4.0,3.0,2340,7048,1.0,0,0,4,1340,1000,35,0,35,0.04065217391304348
400000.0,2.0,1.75,2110,9519,1.0,0,0,2,2110,0,66,0,66,0.02673913043478261
549000.0,2.0,1.0,1140,5400,1.0,0,0,5,1140,0,106,0,106,0.34195652173913044
620000.0,3.0,1.75,1480,2185,2.5,0,0,3,1480,0,9,0,9,0.04065217391304348
405000.0,2.0,3.0,1410,1240,2.0,0,0,3,1140,270,8,0,8,0.34195652173913044
232000.0,2.0,1.0,1200,8063,1.0,0,0,4,1200,0,56,1,42,0.012608695652173913
800866.0,5.0,2.5,3180,13806,2.0,0,0,4,3180,0,24,0,24,0.04065217391304348
650000.0,3.0,1.5,2160,9000,1.0,0,2,4,1400,760,65,1,29,0.34195652173913044
823000.0,6.0,1.75,2920,5000,2.5,0,0,4,2780,140,106,0,106,0.34195652173913044
770000.0,3.0,2.0,2350,5700,1.5,0,0,4,1810,540,75,1,25,0.34195652173913044
524000.0,3.0,1.75,1560,5520,1.0,0,0,4,780,780,70,0,70,0.34195652173913044
541125.0,5.0,2.75,2740,8426,1.0,0,0,4,1370,1370,54,1,13,0.06217391304347826
670000.0,3.0,2.5,1680,2000,3.0,0,0,3,1680,0,105,1,16,0.34195652173913044
384900.0,5.0,2.5,3090,12750,1.0,0,0,3,1750,1340,46,1,17,0.03217391304347826
406100.0,3.0,2.25,1410,1332,3.0,0,0,3,1410,0,9,0,9,0.34195652173913044
736500.0,4.0,2.5,3180,21904,2.0,0,3,3,3180,0,14,0,14,0.06369565217391304
570000.0,3.0,2.25,2010,6000,1.0,0,0,3,1330,680,39,0,39,0.051086956521739134
787000.0,3.0,1.75,1330,7500,1.0,0,0,3,1330,0,53,1,10,0.06217391304347826
328000.0,4.0,2.5,2370,6500,2.0,0,0,3,2370,0,16,1,8,0.03826086956521739
435000.0,5.0,2.0,1840,9240,1.0,0,0,4,1540,300,72,1,56,0.34195652173913044
499000.0,4.0,2.5,2910,6479,2.0,0,0,3,2910,0,8,0,8,0.015434782608695652
501000.0,4.0,1.0,2070,7519,1.0,0,0,3,1160,910,51,1,6,0.06217391304347826
400000.0,2.0,1.0,840,5510,1.0,0,0,3,840,0,59,1,9,0.34195652173913044
220000.0,4.0,1.5,1240,9600,1.0,0,0,3,1240,0,43,0,43,0.03217391304347826
657100.0,4.0,1.0,1390,4240,1.0,0,0,3,1050,340,90,1,3,0.34195652173913044
309950.0,4.0,2.75,2310,5000,2.0,0,0,3,2310,0,8,0,8,0.020869565217391306
300000.0,3.0,2.0,1050,10072,1.0,0,0,3,1050,0,28,0,28,0.009130434782608696
525888.0,5.0,1.75,2550,71874,1.0,0,0,5,1810,740,54,0,54,0.04065217391304348
740000.0,4.0,1.75,2010,3600,1.5,0,0,3,2010,0,112,0,112,0.34195652173913044
340000.0,5.0,1.0,1120,9022,1.5,0,0,4,1120,0,52,0,52,0.04065217391304348
398750.0,3.0,2.5,2230,4000,2.0,0,0,3,2230,0,60,1,9,0.34195652173913044
206000.0,2.0,1.0,810,7158,1.0,0,0,5,810,0,70,0,70,0.01608695652173913
1030000.0,5.0,2.75,3190,16920,1.0,0,3,3,1690,1500,38,0,38,0.06217391304347826
600000.0,3.0,1.75,1670,39639,1.0,0,0,4,1670,0,38,1,22,0.03804347826086957
379950.0,4.0,1.75,1970,9389,1.0,0,0,5,1140,830,54,0,54,0.02673913043478261
287000.0,3.0,1.0,1450,6000,1.0,0,0,4,1450,0,61,1,31,0.34195652173913044
309950.0,3.0,2.5,1880,7838,2.0,0,0,3,1880,0,20,0,20,0.06369565217391304
600000.0,3.0,1.75,1880,6360,1.0,0,0,4,1040,840,69,0,69,0.34195652173913044
418000.0,3.0,2.0,1410,6030,1.5,0,0,4,1410,0,84,0,84,0.34195652173913044
449250.0,4.0,2.0,1480,3844,1.5,0,0,5,1480,0,86,1,44,0.34195652173913044
329950.0,2.0,1.0,1140,5250,1.5,0,0,4,1140,0,65,1,29,0.34195652173913044
245000.0,3.0,1.75,1920,9306,1.0,0,0,3,1000,920,30,0,30,0.03826086956521739
549000.0,4.0,2.5,2910,6338,2.0,0,0,3,2910,0,6,0,6,0.06369565217391304
800000.0,3.0,2.5,3240,7857,2.0,0,0,3,3240,0,20,0,20,0.03804347826086957
249950.0,3.0,2.0,1550,15040,1.0,0,0,4,1550,0,56,1,42,0.06369565217391304
210000.0,5.0,2.0,2050,10200,1.0,0,0,3,1430,620,58,1,13,0.012608695652173913
585000.0,2.0,1.0,1770,8640,1.5,0,0,3,1520,250,65,1,16,0.34195652173913044
615000.0,4.0,1.75,2300,11700,1.0,0,0,4,1960,340,37,0,37,0.051086956521739134
618500.0,3.0,2.0,1800,5000,1.0,0,0,4,1080,720,72,1,32,0.34195652173913044
487585.0,4.0,1.75,2010,9211,1.0,0,0,3,1470,540,37,1,10,0.04065217391304348
509900.0,3.0,2.5,1790,2700,2.0,0,0,3,1790,0,4,0,4,0.04065217391304348
631625.0,4.0,2.5,2440,6651,2.0,0,0,3,2440,0,0,0,0,0.34195652173913044
555000.0,3.0,2.5,1940,3211,2.0,0,0,3,1940,0,5,0,5,0.04065217391304348
340000.0,2.0,1.5,1160,1438,2.0,0,0,3,1160,0,13,0,13,0.34195652173913044
830000.0,4.0,2.5,3400,9692,2.0,0,0,3,3400,0,7,0,7,0.051086956521739134
366750.0,3.0,3.0,1571,2017,3.0,0,0,3,1571,0,6,0,6,0.34195652173913044
415000.0,3.0,2.25,1620,998,2.5,0,0,3,1540,80,4,0,4,0.04065217391304348
416286.0,3.0,2.5,1408,989,3.0,0,0,3,1408,0,9,0,9,0.34195652173913044
478000.0,3.0,2.5,3040,4535,2.0,0,0,3,3040,0,7,0,7,0.06369565217391304
419190.0,2.0,2.5,1590,1426,2.0,0,0,3,1590,0,0,0,0,0.04065217391304348
712198.0,4.0,2.5,2450,4247,2.0,0,0,3,2450,0,1,1,91,0.051086956521739134
397000.0,4.0,2.0,1440,7680,1.0,0,0,3,1200,240,43,0,43,0.04065217391304348
450000.0,2.0,2.0,1100,3000,1.5,0,0,3,1100,0,102,1,9,0.34195652173913044
353000.0,3.0,1.0,1350,7740,1.0,0,0,4,860,490,67,1,26,0.34195652173913044
609000.0,4.0,2.5,2150,37981,2.0,0,0,3,2150,0,29,0,29,0.051086956521739134
234000.0,3.0,1.75,1490,8366,1.0,0,0,4,1010,480,39,0,39,0.009347826086956522
561000.0,3.0,2.0,2000,7000,2.0,0,0,3,2000,0,98,1,28,0.34195652173913044
469000.0,2.0,1.0,1030,4400,1.0,0,0,3,1030,0,90,1,3,0.34195652173913044
329350.0,2.0,1.0,720,6687,1.0,0,0,3,720,0,72,1,15,0.34195652173913044
488000.0,5.0,2.0,2020,5000,1.5,0,0,4,2020,0,76,0,76,0.34195652173913044
279900.0,3.0,1.75,1580,8151,1.0,0,1,4,1100,480,52,0,52,0.012608695652173913
606000.0,4.0,2.5,2110,13850,2.0,0,0,3,2110,0,27,1,14,0.04065217391304348
312000.0,4.0,2.0,1300,7054,1.0,0,0,3,1300,0,64,1,1,0.34195652173913044
650000.0,3.0,1.5,1630,7475,1.0,0,1,3,1160,470,74,1,18,0.34195652173913044
1135000.0,4.0,2.75,3370,8103,1.0,0,3,3,1970,1400,44,1,0,0.34195652173913044
325000.0,4.0,2.5,1890,6156,1.0,0,0,3,980,910,34,0,34,0.34195652173913044
425000.0,4.0,2.0,1520,7983,1.0,0,0,5,1520,0,47,0,47,0.0002173913043478261
219000.0,2.0,1.0,900,5160,1.0,0,0,3,900,0,62,1,6,0.34195652173913044
250000.0,3.0,1.0,1050,6874,1.0,0,0,3,1050,0,60,1,9,0.02673913043478261
390000.0,3.0,1.75,1260,6500,1.0,0,0,4,1260,0,48,0,48,0.06217391304347826
475000.0,6.0,3.0,3470,117612,1.5,0,0,3,3470,0,90,1,3,0.014347826086956521
736000.0,4.0,2.5,2290,12047,2.0,0,0,4,2290,0,26,0,26,0.06217391304347826
407000.0,4.0,2.25,2810,23400,1.0,0,1,3,1710,1100,56,1,10,0.012608695652173913
272000.0,3.0,2.5,1650,13816,2.0,0,0,3,1650,0,16,1,8,0.004782608695652174
362000.0,3.0,2.25,1640,14374,1.0,0,0,4,1140,500,51,0,51,0.01608695652173913
535000.0,3.0,2.5,1850,10109,2.0,0,0,3,1850,0,23,0,23,0.04065217391304348
284000.0,4.0,2.5,2000,5390,2.0,0,0,3,2000,0,11,0,11,0.04021739130434782
367500.0,3.0,1.5,1410,9647,1.0,0,0,3,1410,0,53,1,10,0.02673913043478261
379900.0,4.0,1.75,1500,11600,1.0,0,0,4,1000,500,59,1,5,0.014347826086956521
520000.0,3.0,2.5,2460,54885,2.0,0,0,4,2460,0,34,0,34,0.06369565217391304
175000.0,3.0,1.0,1010,7034,1.0,0,0,3,1010,0,60,1,9,0.06369565217391304
460000.0,2.0,2.25,1230,929,2.0,0,0,3,1020,210,10,1,11,0.34195652173913044
345000.0,4.0,2.5,2331,3826,2.0,0,0,3,2331,0,7,0,7,0.06369565217391304
455000.0,5.0,2.5,2240,7770,1.0,0,0,3,1340,900,36,0,36,0.04065217391304348
610000.0,4.0,3.0,2450,10117,1.0,0,0,5,1580,870,47,0,47,0.06217391304347826
563000.0,4.0,3.0,3100,15480,2.0,0,0,3,2400,700,18,0,18,0.014347826086956521
612500.0,4.0,2.0,2060,5000,1.0,0,0,3,1030,1030,65,1,1,0.34195652173913044
218000.0,3.0,1.75,1850,7684,1.0,0,0,3,1320,530,35,1,0,0.03217391304347826
404000.0,4.0,1.75,1840,10720,1.0,0,0,3,960,880,56,1,10,0.06217391304347826
860000.0,4.0,2.0,3740,32417,2.0,0,0,3,3740,0,14,0,14,0.051086956521739134
136500.0,3.0,1.5,1420,8580,1.0,0,0,3,1420,0,52,1,11,0.03217391304347826
313950.0,3.0,1.0,1510,6083,1.0,0,0,4,860,650,74,1,13,0.34195652173913044
575000.0,3.0,1.75,2130,6500,1.0,0,2,3,1170,960,60,1,9,0.34195652173913044
280000.0,3.0,1.75,1630,11800,1.0,0,0,4,1630,0,43,0,43,0.010869565217391304
515000.0,3.0,2.5,1790,7167,2.0,0,0,3,1790,0,25,0,25,0.03804347826086957
513000.0,4.0,2.5,2000,5684,2.0,0,0,3,2000,0,18,0,18,0.014347826086956521
599000.0,4.0,2.25,2260,29930,2.0,0,0,4,1400,860,37,0,37,0.06217391304347826
685000.0,4.0,2.5,3030,7864,2.0,0,0,3,3030,0,15,0,15,0.03804347826086957
365000.0,3.0,1.5,1310,8160,1.0,0,0,3,1310,0,64,1,9,0.34195652173913044
762300.0,4.0,2.5,3880,14550,2.0,0,0,3,3880,0,27,1,14,0.03804347826086957
562000.0,5.0,2.25,3040,8111,2.0,0,0,3,3040,0,30,0,30,0.051086956521739134
530000.0,5.0,2.5,2910,9636,1.0,0,0,4,1690,1220,50,0,50,0.06217391304347826
525000.0,3.0,2.5,2970,11985,1.0,0,0,3,1770,1200,19,0,19,0.03804347826086957
484000.0,2.0,1.75,1660,6000,1.0,0,0,3,1160,500,72,1,15,0.34195652173913044
725126.0,4.0,2.5,3200,12369,2.0,0,0,3,3200,0,16,1,8,0.007173913043478261
360000.0,4.0,2.0,2680,18768,1.0,0,0,5,2680,0,49,0,49,0.03826086956521739
387000.0,3.0,1.0,1230,9568,1.0,0,0,5,1230,0,52,0,52,0.007173913043478261
483500.0,4.0,2.5,2740,45732,2.0,0,0,3,2740,0,19,0,19,0.025
655500.0,4.0,3.5,3380,8330,2.0,0,0,3,3380,0,14,0,14,0.02673913043478261
345000.0,3.0,1.0,1110,6250,1.0,0,0,3,1110,0,58,1,13,0.34195652173913044
533000.0,5.0,2.75,1800,3780,1.5,0,0,3,1400,400,88,1,11,0.34195652173913044
385000.0,3.0,1.75,1900,5520,1.0,0,0,3,1280,620,32,0,32,0.34195652173913044
675000.0,2.0,1.0,930,36478,1.0,0,2,3,930,0,63,1,20,0.06217391304347826
197000.0,3.0,1.75,1690,7735,1.0,0,0,4,1060,630,38,1,22,0.03826086956521739
485000.0,3.0,2.0,1420,4080,1.5,0,0,3,1420,0,109,1,1,0.34195652173913044
295000.0,3.0,2.25,1980,8000,1.0,0,0,4,1560,420,40,0,40,0.03217391304347826
499000.0,2.0,1.75,1170,2400,1.0,0,0,4,740,430,111,0,111,0.34195652173913044
1050000.0,3.0,2.5,2200,1970,2.0,0,0,3,1610,590,6,0,6,0.34195652173913044
191000.0,3.0,1.5,800,8850,1.0,0,0,4,800,0,55,0,55,0.03217391304347826
500000.0,3.0,2.5,1480,1171,3.0,0,0,3,1480,0,8,0,8,0.34195652173913044
390000.0,5.0,3.75,2890,5000,1.0,0,0,3,1310,1580,8,0,8,0.34195652173913044
979000.0,3.0,2.5,2690,4047,3.0,0,0,3,2690,0,0,0,0,0.34195652173913044
580000.0,4.0,3.25,3569,8327,2.0,0,0,3,3569,0,1,1,91,0.06369565217391304
369950.0,3.0,2.0,1270,1320,3.0,0,0,3,1270,0,8,0,8,0.34195652173913044
776000.0,4.0,2.5,3040,6425,2.0,0,0,3,3040,0,6,0,6,0.051086956521739134
519950.0,3.0,2.25,1170,1249,3.0,0,0,3,1170,0,0,0,0,0.34195652173913044
255000.0,5.0,2.25,2060,8632,1.0,0,0,3,1030,1030,52,1,11,0.01608695652173913
495000.0,3.0,1.0,990,6000,1.0,0,0,3,990,0,71,1,12,0.34195652173913044
510000.0,4.0,2.5,2430,5203,2.0,0,0,3,2430,0,11,0,11,0.02673913043478261
253000.0,3.0,1.75,1250,10122,1.0,0,0,3,1250,0,20,0,20,0.001956521739130435
503000.0,3.0,2.75,1540,6760,1.0,0,0,5,1210,330,34,0,34,0.04065217391304348
275000.0,3.0,2.5,1600,7000,2.0,0,0,4,1600,0,21,0,21,0.020869565217391306
249000.0,3.0,1.0,1110,8423,1.0,0,0,3,1110,0,62,1,6,0.01608695652173913
310000.0,3.0,1.75,1840,10723,1.0,0,0,4,1220,620,40,0,40,0.06369565217391304
750000.0,3.0,2.75,2520,5401,1.0,0,0,4,1360,1160,68,1,25,0.34195652173913044
630000.0,3.0,2.5,2680,327135,2.0,0,0,3,2680,0,19,0,19,0.0015217391304347826
599999.0,9.0,4.5,3830,6988,2.5,0,0,3,2450,1380,76,1,11,0.34195652173913044
758000.0,4.0,2.75,2410,9549,1.0,0,0,4,1780,630,58,0,58,0.04065217391304348
248500.0,4.0,1.75,1720,10018,1.0,0,0,5,1720,0,54,0,54,0.009347826086956522
310000.0,3.0,1.75,2070,37904,1.0,0,0,4,1420,650,41,0,41,0.04021739130434782
460000.0,3.0,2.0,1760,9055,2.0,0,0,4,1760,0,29,0,29,0.051086956521739134
675000.0,3.0,1.75,1680,10500,1.0,0,0,4,1680,0,55,0,55,0.06217391304347826
526000.0,2.0,2.0,1550,2400,1.5,0,0,4,1550,0,114,1,43,0.34195652173913044
560000.0,3.0,3.0,4120,60392,2.0,0,2,3,3180,940,20,0,20,0.004782608695652174
415000.0,4.0,3.0,1830,9548,2.0,0,0,3,1830,0,23,0,23,0.007173913043478261
246000.0,3.0,1.0,1400,7410,1.0,0,0,3,1400,0,70,0,70,0.01608695652173913
314500.0,3.0,1.75,1870,12381,1.0,0,0,4,1870,0,57,1,13,0.03217391304347826
420000.0,2.0,1.5,1040,3500,1.5,0,0,4,1040,0,110,0,110,0.34195652173913044
535000.0,3.0,1.75,2720,149410,1.5,0,0,3,2720,0,26,1,14,0.004782608695652174
350000.0,3.0,1.0,1010,9360,1.0,0,0,3,1010,0,33,1,1,0.04065217391304348
515000.0,3.0,1.75,1580,9147,1.0,0,1,4,1210,370,47,0,47,0.06217391304347826
749950.0,4.0,2.75,2600,6050,2.0,0,0,5,1960,640,65,0,65,0.34195652173913044
230000.0,3.0,2.5,1920,9180,2.0,0,0,3,1920,0,26,1,14,0.06369565217391304
568000.0,3.0,2.0,2350,5080,1.5,0,0,3,1780,570,85,0,85,0.34195652173913044
250000.0,1.0,1.0,1100,4373,1.0,0,0,2,820,280,67,0,67,0.01608695652173913
581000.0,4.0,2.0,2510,13695,1.0,0,0,4,1280,1230,53,1,13,0.04065217391304348
651000.0,3.0,2.5,3240,108366,2.0,0,0,4,3240,0,23,0,23,0.04021739130434782
600000.0,3.0,2.5,2460,108900,1.0,0,0,4,1860,600,37,0,37,0.04065217391304348
500000.0,2.0,1.0,1010,3885,1.5,0,0,4,1010,0,108,1,24,0.34195652173913044
475000.0,2.0,1.0,820,2723,1.0,0,0,3,820,0,93,1,14,0.34195652173913044
352000.0,5.0,2.5,2420,8560,1.0,0,2,3,1620,800,36,0,36,0.34195652173913044
420000.0,3.0,2.25,1770,8165,2.0,0,0,3,1770,0,37,1,10,0.04065217391304348
428000.0,2.0,2.0,1350,3900,1.0,0,0,3,1350,0,11,0,11,0.051086956521739134
599000.0,3.0,1.75,1960,4788,1.0,0,0,4,1090,870,94,0,94,0.34195652173913044
492000.0,4.0,2.5,3305,16164,1.5,0,0,5,2245,1060,92,1,58,0.02673913043478261
630000.0,2.0,2.25,2550,5663,1.0,0,0,3,1720,830,3,0,3,0.06369565217391304
900000.0,5.0,3.75,4130,226076,2.0,0,0,3,3170,960,29,0,29,0.025
1110000.0,4.0,1.5,2310,13300,1.0,0,0,3,1890,420,64,1,9,0.002391304347826087
575000.0,4.0,2.0,1650,5000,1.0,0,0,3,1650,0,59,1,9,0.34195652173913044
705000.0,4.0,2.5,2650,4316,1.5,0,0,3,1520,1130,109,1,1,0.34195652173913044
940000.0,4.0,2.25,1890,5940,1.0,0,1,3,1470,420,51,1,6,0.34195652173913044
313000.0,3.0,1.75,2190,8000,1.0,0,0,4,2190,0,47,0,47,0.03217391304347826
618080.0,3.0,2.5,2030,6500,2.0,0,0,3,2030,0,26,1,14,0.04065217391304348
640000.0,3.0,3.0,2270,5175,2.0,0,0,3,2130,140,12,0,12,0.06369565217391304
485000.0,3.0,2.0,1610,4160,1.0,0,0,4,1010,600,97,0,97,0.34195652173913044
300000.0,2.0,1.0,760,3001,1.0,0,0,3,760,0,101,1,31,0.34195652173913044
379500.0,2.0,1.0,1640,17335,1.0,0,0,3,840,800,36,0,36,0.051086956521739134
339950.0,3.0,2.25,1630,12295,2.0,0,0,4,1630,0,29,0,29,0.06369565217391304
500000.0,3.0,2.5,1940,37565,1.0,0,0,4,1940,0,27,0,27,0.04065217391304348
239900.0,3.0,2.0,1410,7566,1.0,0,0,3,1410,0,29,0,29,0.04021739130434782
314950.0,3.0,1.0,1040,16986,1.0,0,0,4,1040,0,46,0,46,0.06369565217391304
361280.0,2.0,1.0,820,6400,1.0,0,0,4,820,0,70,0,70,0.34195652173913044
100000.0,2.0,1.0,910,22000,1.0,0,0,3,910,0,58,1,13,0.0010869565217391304
540000.0,7.0,5.75,3700,7647,2.0,0,1,3,3700,0,66,1,30,0.00782608695652174
480500.0,4.0,2.5,2180,11200,1.0,0,0,4,2180,0,46,0,46,0.025
280000.0,3.0,2.5,1600,4271,2.0,0,0,3,1600,0,14,0,14,0.03826086956521739
440000.0,3.0,1.75,1500,6180,1.0,0,0,4,1060,440,67,1,26,0.34195652173913044
530000.0,3.0,1.0,1340,4284,1.0,0,0,3,1080,260,104,1,8,0.34195652173913044
560000.0,3.0,2.0,1860,13374,1.0,0,0,3,1860,0,29,0,29,0.04065217391304348
775000.0,3.0,2.0,2540,7200,1.5,0,3,4,1600,940,109,0,109,0.34195652173913044
160000.0,2.0,1.0,1040,13100,1.0,0,0,5,1040,0,102,0,102,0.04021739130434782
209950.0,3.0,1.5,1380,11130,1.0,0,0,3,1380,0,54,1,2,0.03217391304347826
226500.0,3.0,1.75,1640,10762,1.0,0,0,3,1130,510,26,1,14,0.009347826086956522
380000.0,5.0,1.75,3000,6000,1.0,0,0,5,1500,1500,56,0,56,0.34195652173913044
409500.0,4.0,2.75,2140,13000,1.0,0,0,3,1320,820,46,1,17,0.014347826086956521
690000.0,3.0,2.0,1760,6428,1.0,0,0,4,980,780,72,1,32,0.34195652173913044
405000.0,3.0,2.25,1660,8307,1.0,0,0,4,1660,0,53,1,13,0.02673913043478261
375000.0,3.0,2.5,1830,13042,2.0,0,0,3,1830,0,24,1,5,0.020869565217391306
794154.0,4.0,2.0,2210,8556,1.0,0,1,4,1210,1000,60,1,35,0.34195652173913044
185000.0,4.0,1.0,1490,6600,1.0,0,0,3,1490,0,45,1,4,0.01608695652173913
245000.0,3.0,1.5,1260,1270,2.0,0,0,3,1040,220,9,0,9,0.34195652173913044
1040000.0,4.0,3.5,3900,8391,2.0,0,0,3,3900,0,8,0,8,0.04065217391304348
425000.0,2.0,2.5,1150,1027,3.0,0,0,3,1150,0,6,0,6,0.34195652173913044
495000.0,4.0,2.75,2656,21195,2.0,0,0,3,2656,0,0,0,0,0.03826086956521739
365000.0,5.0,2.75,2410,5003,1.0,0,0,3,1410,1000,6,0,6,0.34195652173913044
417250.0,3.0,2.25,1606,1452,3.0,0,0,3,1606,0,5,0,5,0.34195652173913044
339950.0,2.0,1.0,820,681,3.0,0,0,3,820,0,8,0,8,0.34195652173913044
615000.0,2.0,1.0,1540,6872,1.0,0,0,4,820,720,68,1,25,0.34195652173913044
403000.0,3.0,2.75,2090,8354,2.0,0,0,3,2090,0,2,1,102,0.009130434782608696
980000.0,5.0,2.5,3160,11470,1.0,0,0,4,1780,1380,43,0,43,0.018695652173913044
258000.0,4.0,1.75,1730,8320,1.0,0,0,3,1230,500,37,1,10,0.03217391304347826
533000.0,3.0,1.0,1670,4080,1.0,0,0,3,1170,500,47,1,3,0.34195652173913044
537500.0,4.0,2.5,2550,4630,2.0,0,0,3,2550,0,9,0,9,0.03804347826086957
830000.0,5.0,3.0,3040,9601,1.0,0,0,5,1970,1070,46,0,46,0.018695652173913044
712000.0,3.0,1.0,1250,4620,1.5,0,0,4,1150,100,114,1,43,0.34195652173913044
262000.0,4.0,2.5,2020,6236,2.0,0,0,3,2020,0,12,0,12,0.0010869565217391304
753888.0,4.0,2.5,2660,5500,2.0,0,2,3,2660,0,11,0,11,0.04065217391304348
134000.0,2.0,1.5,980,5000,2.0,0,0,3,980,0,92,1,11,0.0006521739130434783
402000.0,3.0,2.5,1960,8000,1.0,0,0,4,1290,670,37,0,37,0.04065217391304348
205000.0,2.0,1.0,720,5040,1.0,0,0,3,720,0,59,1,9,0.34195652173913044
553650.0,2.0,2.5,1360,1349,2.0,0,0,3,1050,310,17,0,17,0.34195652173913044
559950.0,2.0,2.0,1870,4950,1.0,0,0,3,1870,0,8,0,8,0.051086956521739134
260000.0,4.0,1.5,2130,8800,1.0,0,0,3,1100,1030,52,1,11,0.04021739130434782
270000.0,4.0,2.5,1810,6509,2.0,0,0,3,1810,0,20,0,20,0.04021739130434782
295000.0,2.0,1.75,2200,89298,1.0,0,0,3,1100,1100,41,1,1,0.04065217391304348
719000.0,3.0,2.5,1690,4500,1.5,0,1,4,1690,0,86,0,86,0.34195652173913044
266000.0,3.0,2.5,1940,8547,1.0,0,0,3,1460,480,25,0,25,0.04021739130434782
325900.0,4.0,2.5,2320,6270,2.0,0,0,3,2320,0,10,1,11,0.04021739130434782
647500.0,4.0,1.75,2060,26036,1.0,0,0,4,1160,900,67,1,26,0.00391304347826087
1039000.0,4.0,1.0,3410,5000,2.0,0,0,5,2190,1220,104,0,104,0.34195652173913044
569000.0,4.0,2.25,2250,41688,2.0,0,0,3,2250,0,34,0,34,0.051086956521739134
246000.0,3.0,1.75,1390,7399,1.0,0,0,4,1390,0,39,0,39,0.04021739130434782
515000.0,2.0,1.0,1060,4960,1.0,0,0,3,1060,0,88,1,11,0.34195652173913044
207000.0,3.0,1.0,1490,8995,1.0,0,0,4,1490,0,60,1,35,0.34195652173913044
780000.0,4.0,1.75,2480,9195,1.0,0,0,3,1390,1090,64,1,9,0.06217391304347826
489990.0,5.0,2.25,2440,20828,1.5,0,0,4,2440,0,39,0,39,0.04021739130434782
335000.0,3.0,1.5,2240,87625,1.5,0,0,2,1480,760,34,0,34,0.03826086956521739
295000.0,3.0,2.5,1920,7229,2.0,0,0,3,1920,0,21,0,21,0.03217391304347826
385000.0,3.0,1.75,1890,9920,1.0,0,0,3,1230,660,70,0,70,0.34195652173913044
350000.0,4.0,1.75,2250,13515,1.0,0,0,4,2150,100,74,1,13,0.04021739130434782
235000.0,2.0,1.0,1270,3008,1.0,0,0,4,650,620,91,0,91,0.34195652173913044
358000.0,2.0,1.5,960,1808,2.0,0,0,3,960,0,21,0,21,0.34195652173913044
716500.0,4.0,2.5,3290,6465,2.0,0,0,3,3290,0,12,0,12,0.03804347826086957
228000.0,4.0,1.75,2000,6120,1.0,0,0,3,1100,900,49,1,21,0.34195652173913044
405000.0,2.0,1.0,1020,8155,1.0,0,0,4,1020,0,66,0,66,0.34195652173913044
538000.0,4.0,1.75,1840,9600,1.0,0,0,3,1220,620,47,1,3,0.051086956521739134
530000.0,3.0,1.75,1980,6760,1.0,0,0,4,1980,0,41,0,41,0.06217391304347826
636000.0,2.0,1.75,1230,3600,1.5,0,0,5,1230,0,89,0,89,0.34195652173913044
535000.0,4.0,2.5,2280,65836,2.0,0,0,3,2280,0,10,1,11,0.025
868500.0,3.0,2.5,2920,3942,3.0,0,0,3,2920,0,6,0,6,0.06369565217391304
530000.0,4.0,2.75,2280,2850,1.5,0,0,4,1540,740,84,0,84,0.34195652173913044
450000.0,3.0,2.0,1510,43560,1.0,0,0,3,1510,0,60,1,9,0.025
230000.0,3.0,1.75,950,6000,1.0,0,0,3,790,160,75,1,45,0.34195652173913044
229000.0,3.0,2.5,1190,3000,2.0,0,0,3,1190,0,12,0,12,0.006304347826086957
437000.0,3.0,1.75,1310,9282,1.0,0,0,4,1310,0,38,1,22,0.051086956521739134
595000.0,3.0,2.5,1750,3354,2.0,0,0,4,1750,0,23,0,23,0.04065217391304348
660000.0,3.0,1.75,1320,5750,1.5,0,0,5,1320,0,96,0,96,0.34195652173913044
347500.0,4.0,2.5,2460,7350,2.0,0,0,3,2460,0,25,0,25,0.03217391304347826
297950.0,3.0,2.0,1240,10800,1.0,0,0,3,1240,0,47,1,4,0.06369565217391304
245000.0,3.0,1.5,1260,7964,1.0,0,0,4,1260,0,59,1,5,0.012608695652173913
543200.0,6.0,2.25,2820,15600,1.5,0,2,5,1970,850,74,0,74,0.01608695652173913
413450.0,3.0,2.5,1540,1614,3.0,0,0,3,1470,70,6,0,6,0.34195652173913044
330000.0,2.0,2.0,1550,435600,1.5,0,0,2,1550,0,42,0,42,0.015434782608695652
424500.0,3.0,1.75,1460,7700,1.0,0,0,3,1460,0,35,1,0,0.051086956521739134
230000.0,3.0,1.0,1390,16000,1.0,0,0,4,1390,0,54,1,13,0.0010869565217391304
930000.0,3.0,3.25,2640,4080,2.0,0,0,3,1840,800,102,1,14,0.34195652173913044
349000.0,3.0,1.75,1590,9620,1.0,0,0,3,1590,0,26,1,14,0.06369565217391304
835000.0,4.0,2.0,1910,6960,1.5,0,0,5,1910,0,73,0,73,0.34195652173913044
988500.0,3.0,2.75,2015,16807,2.0,1,4,3,2015,0,7,0,7,0.01608695652173913
500000.0,3.0,1.75,1410,1197,3.0,0,0,3,1410,0,2,1,102,0.34195652173913044
499000.0,2.0,1.5,1110,957,2.0,0,0,3,930,180,9,0,9,0.34195652173913044
321950.0,2.0,1.25,860,1277,2.0,0,0,3,860,0,7,0,7,0.34195652173913044
494000.0,3.0,2.5,2310,4729,2.0,0,0,3,2310,0,3,0,3,0.014347826086956521
441750.0,2.0,1.5,1020,1060,3.0,0,0,3,1020,0,6,0,6,0.34195652173913044
438000.0,2.0,1.0,980,1179,2.0,0,0,3,980,0,4,0,4,0.34195652173913044
352000.0,3.0,2.25,1640,11050,1.0,0,0,4,1640,0,42,0,42,0.06369565217391304
839900.0,4.0,3.5,3810,13592,1.0,0,1,3,2560,1250,1,1,91,0.06369565217391304
765000.0,4.0,2.75,2790,10819,2.0,0,0,3,2790,0,18,0,18,0.04065217391304348
460000.0,4.0,1.75,1750,5500,1.5,0,0,5,1050,700,88,0,88,0.34195652173913044
224500.0,4.0,1.0,1430,8355,1.5,0,0,4,1430,0,31,0,31,0.03826086956521739
254000.0,3.0,2.5,1850,4597,2.0,0,0,3,1850,0,11,0,11,0.009347826086956522
255000.0,2.0,1.0,960,28717,1.0,0,0,4,960,0,30,0,30,0.006304347826086957
610000.0,3.0,3.0,2480,45302,1.0,0,0,4,1620,860,38,1,22,0.025
920000.0,4.0,3.0,3750,11025,2.0,0,0,3,3750,0,38,0,38,0.03804347826086957
402500.0,4.0,2.5,2600,11951,2.0,0,0,3,2600,0,26,1,14,0.03217391304347826
280950.0,3.0,1.75,1390,8700,1.0,0,3,4,840,550,102,1,25,0.06369565217391304
604000.0,4.0,2.5,2260,7753,2.0,0,0,3,2260,0,25,0,25,0.04065217391304348
565000.0,4.0,2.25,2470,7447,2.0,0,0,3,2470,0,30,0,30,0.00782608695652174
255000.0,2.0,1.0,810,7980,1.0,0,0,1,810,0,86,0,86,0.34195652173913044
445000.0,4.0,2.0,1650,6000,1.0,0,0,5,1000,650,55,0,55,0.34195652173913044
195000.0,2.0,1.0,720,18000,1.0,0,0,3,720,0,64,1,9,0.34195652173913044
275000.0,3.0,1.5,1390,48257,1.0,0,0,3,1390,0,92,1,1,0.002391304347826087
387000.0,3.0,2.25,1445,1606,2.0,0,0,3,1300,145,11,0,11,0.04065217391304348
490000.0,2.0,1.0,1840,3300,1.5,0,0,4,1130,710,104,0,104,0.34195652173913044
505000.0,3.0,2.5,2100,5824,2.0,0,2,3,2100,0,15,0,15,0.015434782608695652
303500.0,3.0,1.5,1060,10464,1.0,0,0,4,1060,0,41,0,41,0.04065217391304348
270000.0,3.0,1.5,1500,6337,1.0,0,0,5,1500,0,61,0,61,0.34195652173913044
323000.0,4.0,2.75,1970,7213,1.0,0,0,3,1170,800,37,1,10,0.06369565217391304
382000.0,3.0,3.25,1410,1253,3.0,0,0,3,1410,0,9,0,9,0.34195652173913044
280000.0,4.0,2.0,2190,14439,1.0,0,0,4,1180,1010,37,0,37,0.03826086956521739
260000.0,3.0,2.0,1920,8075,1.0,0,0,4,1510,410,45,0,45,0.03217391304347826
201500.0,3.0,1.0,1160,8320,1.0,0,0,4,1160,0,55,0,55,0.04021739130434782
536500.0,4.0,1.75,2000,4000,1.5,0,0,5,1450,550,88,0,88,0.34195652173913044
248000.0,4.0,3.0,2163,5883,2.0,0,0,3,2163,0,8,0,8,0.0010869565217391304
532000.0,5.0,3.0,3480,57499,1.0,0,0,4,2340,1140,38,1,22,0.04065217391304348
580000.0,4.0,2.5,2840,6268,2.0,0,0,3,2840,0,16,1,8,0.014347826086956521
463000.0,2.0,1.0,1150,4400,1.0,0,0,4,1150,0,109,0,109,0.34195652173913044
742500.0,4.0,2.75,3100,3773,2.0,0,0,3,2000,1100,95,1,18,0.34195652173913044
260000.0,3.0,2.5,1420,14850,1.0,0,0,4,1020,400,51,0,51,0.04021739130434782
590000.0,4.0,2.25,2430,32496,1.0,0,0,3,2430,0,21,0,21,0.025
312000.0,4.0,2.25,1930,7452,1.0,0,0,3,1430,500,30,0,30,0.04021739130434782
566000.0,3.0,2.25,1660,10140,1.0,0,0,4,1370,290,34,0,34,0.051086956521739134
511555.0,3.0,2.0,1400,7293,1.0,0,0,4,1400,0,51,0,51,0.06217391304347826
583000.0,4.0,2.5,2660,4000,2.0,0,0,3,2660,0,13,0,13,0.051086956521739134
290000.0,4.0,2.5,2000,13300,1.0,0,0,4,1200,800,46,0,46,0.03826086956521739
311100.0,4.0,2.25,2130,8078,1.0,0,0,4,1380,750,37,0,37,0.06369565217391304
325000.0,3.0,2.25,1352,1694,3.0,0,0,3,1352,0,7,0,7,0.34195652173913044
491300.0,3.0,1.75,1750,11340,1.0,0,1,4,1300,450,27,0,27,0.03804347826086957
315000.0,5.0,1.75,2320,8100,1.0,0,0,4,1160,1160,58,0,58,0.01608695652173913
360000.0,2.0,1.0,1420,81892,1.0,0,0,3,1180,240,58,1,13,0.06369565217391304
330000.0,4.0,2.5,1940,3784,2.0,0,0,3,1940,0,11,0,11,0.06369565217391304
481450.0,3.0,2.0,1410,4800,1.0,0,0,3,1410,0,74,1,18,0.34195652173913044
234950.0,3.0,1.0,1360,9948,1.0,0,0,3,1360,0,37,1,10,0.001956521739130435
251000.0,3.0,1.75,1220,7250,1.0,0,0,3,1220,0,52,1,11,0.010869565217391304
782000.0,4.0,2.5,2830,20345,2.0,0,0,3,1980,850,35,1,0,0.06217391304347826
833000.0,4.0,2.75,3780,10308,2.0,0,0,3,3780,0,15,0,15,0.03804347826086957
542500.0,4.0,2.5,2330,14289,2.0,0,0,4,2330,0,36,1,14,0.06217391304347826
851000.0,3.0,2.5,3560,107290,2.0,0,0,3,3560,0,27,1,14,0.051086956521739134
325000.0,4.0,1.5,1470,70800,1.0,0,0,3,1470,0,38,0,38,0.0015217391304347826
415000.0,4.0,2.25,3060,48787,2.0,0,0,3,3060,0,22,0,22,0.0015217391304347826
252500.0,3.0,1.0,1030,6127,1.0,0,0,3,880,150,67,1,2,0.34195652173913044
465000.0,4.0,2.5,1930,9653,1.0,0,0,4,1930,0,46,0,46,0.03217391304347826
336900.0,3.0,1.75,1780,120661,1.0,0,0,4,1780,0,35,0,35,0.009130434782608696
225000.0,3.0,2.5,2000,9202,2.0,0,0,4,2000,0,22,0,22,0.020869565217391306
270000.0,3.0,2.0,1690,9583,1.0,0,0,4,1690,0,45,0,45,0.06369565217391304
536000.0,3.0,1.75,1300,5413,1.5,0,0,3,1300,0,89,1,22,0.34195652173913044
585000.0,4.0,3.25,2400,29252,2.0,0,0,4,2400,0,32,1,3,0.025
445000.0,2.0,2.0,1150,6634,1.0,0,0,3,860,290,74,1,18,0.34195652173913044
320000.0,4.0,2.25,2310,7490,2.0,0,0,3,2310,0,34,0,34,0.06369565217391304
769900.0,4.0,3.5,2730,3047,2.0,0,0,3,2400,330,8,0,8,0.34195652173913044
557000.0,4.0,2.5,2840,4500,2.0,0,0,3,2840,0,2,1,102,0.014347826086956521
212000.0,2.0,1.5,1020,1525,2.0,0,0,3,1020,0,10,1,11,0.34195652173913044
376000.0,3.0,2.0,1340,1384,3.0,0,0,3,1340,0,6,0,6,0.34195652173913044
800000.0,4.0,3.25,3540,159430,2.0,0,0,3,3540,0,7,0,7,0.004782608695652174
324000.0,3.0,2.25,998,904,2.0,0,0,3,798,200,7,0,7,0.34195652173913044
549900.0,5.0,2.75,3060,7015,1.0,0,0,5,1600,1460,35,0,35,0.34195652173913044
320000.0,3.0,2.5,2130,6969,2.0,0,0,3,2130,0,11,0,11,0.020869565217391306
875000.0,4.0,2.0,2520,6000,1.0,0,0,3,1400,1120,93,1,7,0.34195652173913044
265000.0,4.0,1.0,1940,9533,1.0,0,0,3,1080,860,52,1,11,0.04021739130434782
394950.0,3.0,2.5,1350,1250,3.0,0,0,3,1270,80,8,0,8,0.34195652173913044
842500.0,4.0,2.5,2160,5298,2.5,0,0,4,2160,0,112,0,112,0.34195652173913044
368000.0,3.0,2.5,1370,1350,2.0,0,0,3,1010,360,7,0,7,0.34195652173913044
885000.0,4.0,2.5,2830,5000,2.0,0,0,3,2830,0,19,0,19,0.34195652173913044
453246.0,3.0,2.5,2010,2287,2.0,0,0,3,1390,620,0,0,0,0.04065217391304348
927000.0,4.0,2.75,3300,12090,2.0,0,0,3,3300,0,61,0,61,0.002391304347826087
490000.0,2.0,2.5,1230,1391,2.0,0,0,3,870,360,10,1,11,0.34195652173913044
341000.0,3.0,1.5,1720,7119,1.5,0,0,4,1720,0,62,0,62,0.02673913043478261
235000.0,1.0,1.0,810,2451,1.0,0,0,5,810,0,73,0,73,0.34195652173913044
560000.0,3.0,2.0,2560,216777,1.0,0,0,3,2560,0,28,0,28,0.03826086956521739
255000.0,2.0,1.0,1220,2500,1.0,0,0,3,770,450,104,1,8,0.34195652173913044
876650.0,3.0,3.25,2170,12508,1.5,0,0,5,1650,520,86,1,44,0.018695652173913044
540000.0,4.0,2.25,2540,228254,1.0,0,0,3,1450,1090,24,1,5,0.009130434782608696
350000.0,2.0,1.0,910,4500,1.5,0,0,4,910,0,108,1,24,0.34195652173913044
750000.0,4.0,2.5,2980,4930,2.0,0,0,3,2890,90,14,0,14,0.06217391304347826
582000.0,4.0,1.75,2120,4650,1.0,0,1,3,1190,930,63,1,20,0.34195652173913044
372500.0,5.0,3.0,2480,10090,1.0,0,0,3,1300,1180,10,1,11,0.34195652173913044
410000.0,3.0,2.25,2200,16921,2.0,0,0,3,2200,0,27,1,14,0.020869565217391306
360000.0,4.0,2.0,1730,5500,1.0,0,0,5,1010,720,71,0,71,0.34195652173913044
1015000.0,3.0,2.5,2920,34527,1.0,0,4,4,1800,1120,60,1,31,0.34195652173913044
225000.0,3.0,1.0,990,8012,1.0,0,0,4,990,0,48,0,48,0.06369565217391304
647000.0,4.0,2.5,3040,6887,2.0,0,0,3,3040,0,15,0,15,0.03804347826086957
185000.0,3.0,1.5,1370,8470,1.0,0,0,4,1370,0,53,1,13,0.03826086956521739
335000.0,3.0,2.5,1940,4927,2.0,0,0,3,1940,0,10,1,11,0.06369565217391304
210000.0,3.0,2.5,1040,2643,2.0,0,0,3,720,320,10,1,11,0.34195652173913044
522000.0,4.0,2.25,1800,8623,1.0,0,0,4,1360,440,34,0,34,0.04065217391304348
770000.0,3.0,1.75,1720,5000,1.0,0,0,3,1720,0,60,1,0,0.34195652173913044
499950.0,3.0,1.0,980,6380,1.0,0,0,3,760,220,73,1,20,0.34195652173913044
751000.0,4.0,2.5,3110,6142,2.0,0,0,3,3110,0,10,1,11,0.051086956521739134
330000.0,5.0,3.0,2100,7715,1.0,0,0,3,1250,850,1,1,91,0.01608695652173913
465000.0,3.0,1.5,2020,11358,1.0,0,0,4,1190,830,58,0,58,0.04065217391304348
850000.0,4.0,1.75,2350,11914,1.0,0,0,4,2350,0,53,1,13,0.018695652173913044
947500.0,4.0,2.25,3290,12329,1.5,0,0,4,3290,0,46,0,46,0.018695652173913044
302000.0,5.0,2.25,2180,7813,2.0,0,0,3,2180,0,28,0,28,0.020869565217391306
500000.0,2.0,2.25,1290,1334,3.0,0,0,3,1290,0,7,0,7,0.34195652173913044
201000.0,3.0,1.0,1460,9750,1.0,0,0,4,1460,0,45,0,45,0.04021739130434782
265000.0,2.0,1.0,1290,2828,2.0,0,0,3,1290,0,6,0,6,0.051086956521739134
870300.0,4.0,2.5,2350,3150,1.5,0,0,4,1690,660,104,0,104,0.34195652173913044
339000.0,3.0,1.0,1080,8100,1.0,0,0,4,1080,0,59,1,5,0.02673913043478261
690000.0,4.0,2.5,2670,13463,2.0,0,0,4,2670,0,25,0,25,0.04065217391304348
788000.0,4.0,3.25,3680,5759,2.0,0,0,3,2840,840,11,0,11,0.04065217391304348
315275.0,3.0,1.75,1440,8040,1.0,0,0,3,960,480,63,1,20,0.34195652173913044
505000.0,4.0,1.75,1940,4800,1.0,0,0,5,1030,910,92,1,58,0.34195652173913044
368000.0,3.0,1.0,1280,9898,1.0,0,0,3,1280,0,46,1,17,0.025
947500.0,3.0,2.75,2980,27144,1.5,1,2,5,2180,800,97,0,97,0.01608695652173913
156000.0,3.0,1.0,970,8580,1.0,0,0,3,970,0,55,1,25,0.03217391304347826
610000.0,4.0,3.0,2110,5000,1.5,0,2,4,1640,470,84,0,84,0.34195652173913044
420000.0,2.0,2.5,1480,1369,3.0,0,0,3,1480,0,5,0,5,0.051086956521739134
192000.0,2.0,1.0,700,10540,1.0,0,0,3,700,0,61,0,61,0.00391304347826087
910000.0,3.0,2.0,2700,6120,1.0,0,0,4,1350,1350,52,0,52,0.34195652173913044
840000.0,4.0,2.75,2600,2750,1.5,0,0,3,1620,980,78,0,78,0.34195652173913044
300000.0,2.0,1.75,1360,8100,1.0,0,0,3,860,500,39,0,39,0.34195652173913044
505000.0,4.0,2.5,2780,6369,1.0,0,0,3,1590,1190,36,0,36,0.04065217391304348
110000.0,3.0,1.0,1250,53143,1.0,0,0,5,1250,0,69,0,69,0.020869565217391306
746000.0,3.0,2.5,2620,8950,2.0,0,0,3,2620,0,22,0,22,0.06217391304347826
211000.0,3.0,1.5,1350,7620,1.0,0,0,5,1350,0,73,0,73,0.01608695652173913
675000.0,4.0,3.0,2400,3340,1.0,0,0,4,1200,1200,50,0,50,0.34195652173913044
734200.0,4.0,2.5,2760,5000,1.5,0,0,5,1680,1080,86,1,44,0.34195652173913044
615000.0,2.0,1.75,2040,28593,1.5,1,3,4,2040,0,95,1,24,0.006304347826086957
630000.0,4.0,2.0,1770,6000,2.0,0,0,5,1770,0,103,1,33,0.34195652173913044
301500.0,2.0,1.5,830,1333,2.0,0,0,3,830,0,9,0,9,0.34195652173913044
369000.0,2.0,2.5,980,895,2.0,0,0,3,670,310,5,0,5,0.34195652173913044
635000.0,3.0,2.5,1570,1433,3.0,0,0,3,1570,0,4,0,4,0.34195652173913044
1033888.0,4.0,3.25,3270,5187,2.0,0,0,3,3110,160,0,0,0,0.051086956521739134
383000.0,4.0,2.5,2160,6223,2.0,0,0,3,2160,0,4,0,4,0.020869565217391306
1050000.0,4.0,3.75,3280,11000,2.0,0,0,3,2320,960,6,0,6,0.04065217391304348
455000.0,4.0,2.5,3360,7685,2.0,0,0,3,3360,0,13,0,13,0.06369565217391304
819900.0,5.0,2.75,3150,7119,2.0,0,0,3,3150,0,1,1,91,0.051086956521739134
625000.0,3.0,3.5,1810,1846,2.0,0,0,4,1440,370,5,0,5,0.34195652173913044
651000.0,4.0,2.5,2740,7140,2.0,0,0,3,2740,0,21,0,21,0.03804347826086957
480000.0,5.0,4.75,3830,35000,1.0,0,0,3,2130,1700,38,0,38,0.025
757000.0,3.0,3.25,3190,5283,2.0,0,0,3,3190,0,7,0,7,0.04065217391304348
460000.0,3.0,2.25,2350,10450,1.0,0,0,3,1390,960,37,1,10,0.014347826086956521
267345.0,4.0,2.25,2510,8165,1.0,0,0,4,1610,900,42,0,42,0.03217391304347826
530000.0,2.0,2.0,1680,4950,1.0,0,0,3,1680,0,8,0,8,0.051086956521739134
449500.0,3.0,2.0,1770,6610,1.0,0,0,4,960,810,60,1,35,0.02673913043478261
289000.0,3.0,1.0,1090,7315,1.0,0,0,5,1090,0,33,0,33,0.06369565217391304
373000.0,5.0,2.5,3001,5710,2.0,0,0,3,3001,0,8,0,8,0.04021739130434782
525000.0,5.0,3.0,2450,4591,2.0,0,0,3,2450,0,20,0,20,0.34195652173913044
777000.0,3.0,3.25,3610,59677,2.0,0,0,3,2440,1170,11,0,11,0.04065217391304348
550000.0,4.0,2.0,2250,7500,1.0,0,0,5,1200,1050,58,0,58,0.06217391304347826
523000.0,3.0,1.5,1240,7735,1.0,0,0,4,1240,0,57,1,13,0.06217391304347826
628000.0,4.0,2.0,2260,6000,1.0,0,0,3,1430,830,56,1,10,0.34195652173913044
581000.0,4.0,1.75,2090,8164,1.0,0,0,4,1070,1020,51,0,51,0.051086956521739134
245000.0,5.0,1.75,2020,7902,1.0,0,0,3,1220,800,52,1,11,0.34195652173913044
415000.0,3.0,1.75,1960,5000,1.0,0,0,5,980,980,103,1,30,0.34195652173913044
225000.0,3.0,1.5,1250,7500,1.0,0,0,3,1250,0,47,1,3,0.04021739130434782
287000.0,3.0,2.25,1490,9600,1.0,0,0,4,1170,320,27,0,27,0.009130434782608696
799200.0,6.0,3.0,2890,2370,2.5,0,0,3,2290,600,108,1,0,0.34195652173913044
239950.0,3.0,1.0,1900,33888,1.5,0,0,4,1900,0,72,1,32,0.03826086956521739
591000.0,3.0,1.75,1680,2400,1.0,0,0,5,870,810,92,1,58,0.34195652173913044
700000.0,3.0,2.5,2030,8398,2.0,0,0,4,2030,0,39,0,39,0.06217391304347826
475000.0,4.0,2.5,3740,8700,1.0,0,0,3,2260,1480,10,1,11,0.06369565217391304
575000.0,3.0,1.75,1580,11750,1.0,0,0,4,1180,400,63,1,15,0.34195652173913044
771000.0,3.0,2.25,1780,6120,1.5,0,0,4,1390,390,87,0,87,0.34195652173913044
155000.0,2.0,1.0,910,6232,1.0,0,0,3,910,0,71,1,12,0.34195652173913044
550000.0,7.0,4.0,3440,8100,2.0,0,0,3,3440,0,44,1,0,0.34195652173913044
645000.0,3.0,2.5,1740,13750,2.0,0,0,4,1740,0,39,0,39,0.06217391304347826
464000.0,5.0,2.5,3400,8970,1.0,0,0,4,1700,1700,55,0,55,0.02673913043478261
350000.0,3.0,2.5,2010,14298,2.0,0,0,3,2010,0,37,1,10,0.006304347826086957
591000.0,4.0,2.25,2710,38180,2.0,0,0,4,2710,0,37,0,37,0.025
717000.0,3.0,1.5,1310,3880,1.0,0,0,3,1090,220,58,1,13,0.34195652173913044
225000.0,4.0,1.5,1950,12559,1.5,0,0,3,1950,0,75,1,45,0.006304347826086957
225000.0,3.0,1.0,1040,6535,1.0,0,0,3,1040,0,67,1,2,0.34195652173913044
345000.0,3.0,1.75,1090,7200,1.0,0,0,3,1090,0,46,1,17,0.04065217391304348
230000.0,2.0,0.75,650,5360,1.0,0,0,4,650,0,83,0,83,0.34195652173913044
385000.0,3.0,2.0,1480,6600,1.0,0,2,3,740,740,71,1,12,0.34195652173913044
90000.0,2.0,1.0,790,2640,1.0,0,0,3,790,0,41,1,1,0.04065217391304348
860000.0,4.0,2.5,3560,11119,1.0,0,2,3,2290,1270,28,0,28,0.06217391304347826
675000.0,4.0,2.5,3000,5548,2.0,0,0,3,3000,0,8,0,8,0.007173913043478261
975000.0,4.0,2.5,3490,7494,2.0,0,3,3,3490,0,14,0,14,0.06217391304347826
780000.0,3.0,1.75,2340,10495,1.0,0,0,4,2340,0,47,0,47,0.018695652173913044
370000.0,3.0,1.75,1650,8254,1.0,0,0,5,1060,590,63,0,63,0.02673913043478261
665000.0,3.0,2.0,1940,5820,1.5,0,0,5,1150,790,70,0,70,0.34195652173913044
675000.0,5.0,3.0,3410,9600,1.0,0,0,4,1870,1540,46,0,46,0.051086956521739134
620000.0,3.0,1.0,1710,4050,1.5,0,0,3,1710,0,105,1,10,0.34195652173913044
1105000.0,4.0,1.5,2740,4000,2.0,0,0,5,1930,810,109,0,109,0.34195652173913044
450000.0,3.0,2.75,1250,892,2.0,0,0,3,1040,210,4,0,4,0.34195652173913044
450000.0,3.0,2.25,2450,42180,1.0,0,0,4,2450,0,36,1,14,0.009347826086956522
530000.0,3.0,1.75,1690,8190,1.0,0,0,4,1690,0,56,1,42,0.06217391304347826
635000.0,4.0,1.75,1950,13320,1.0,0,0,4,1370,580,45,0,45,0.06217391304347826
580000.0,5.0,2.0,2290,7125,1.0,0,0,3,1190,1100,50,1,14,0.06217391304347826
285000.0,3.0,1.0,1090,8640,1.0,0,0,4,1090,0,41,0,41,0.01608695652173913
375000.0,3.0,1.0,1190,9486,1.0,0,0,4,1190,0,61,1,31,0.00391304347826087
560000.0,3.0,1.0,1440,5000,2.0,0,0,3,1440,0,104,1,8,0.34195652173913044
405000.0,4.0,1.75,2180,13529,1.0,0,0,3,1090,1090,58,1,13,0.00782608695652174
413000.0,4.0,1.0,1410,6000,1.0,0,0,3,810,600,89,1,12,0.34195652173913044
287600.0,3.0,2.5,1950,8251,2.0,0,0,3,1950,0,24,1,5,0.03826086956521739
225000.0,3.0,1.0,1660,7210,1.0,0,0,3,1100,560,51,1,6,0.03826086956521739
319000.0,3.0,1.0,1390,12823,1.0,0,0,4,1390,0,46,0,46,0.025
322500.0,3.0,2.0,1350,14200,1.0,0,0,3,1350,0,25,0,25,0.009130434782608696
570000.0,3.0,2.0,1530,5401,1.0,0,0,4,1530,0,77,0,77,0.34195652173913044
465000.0,3.0,1.5,1270,5112,1.0,0,0,3,1270,0,64,1,9,0.34195652173913044
435000.0,4.0,2.25,2140,6355,2.0,0,0,3,2140,0,12,0,12,0.015434782608695652
502000.0,4.0,2.5,2040,5616,2.0,0,0,3,2040,0,2,1,102,0.014347826086956521
525000.0,3.0,3.5,2876,5086,2.0,0,0,3,2360,516,7,0,7,0.025
525000.0,3.0,2.5,1580,1161,2.0,0,0,3,1010,570,6,0,6,0.34195652173913044
660000.0,4.0,3.5,3400,5196,2.0,0,0,3,3400,0,2,1,102,0.015434782608695652
870000.0,4.0,2.5,3520,6773,2.5,0,0,3,2650,870,8,0,8,0.34195652173913044
650000.0,4.0,2.5,2210,4861,2.0,0,0,3,2210,0,1,1,91,0.34195652173913044
505000.0,4.0,2.5,2790,5602,2.0,0,0,3,2790,0,5,0,5,0.06369565217391304
330000.0,3.0,2.5,1450,5008,1.0,0,0,3,840,610,7,0,7,0.34195652173913044
385000.0,4.0,1.75,1620,4980,1.0,0,0,4,860,760,67,1,26,0.34195652173913044
306000.0,3.0,1.5,1220,1086,3.0,0,0,3,1220,0,7,0,7,0.34195652173913044
546000.0,3.0,1.75,2000,5000,1.0,0,0,4,1110,890,93,0,93,0.34195652173913044
925000.0,4.0,2.5,2190,7350,2.5,0,0,5,2190,0,56,0,56,0.018695652173913044
542000.0,4.0,1.75,1900,8250,1.0,0,0,4,950,950,59,1,5,0.06217391304347826
800000.0,3.0,1.0,1700,4400,1.5,0,0,4,1700,0,108,1,24,0.34195652173913044
620000.0,5.0,2.5,2540,3832,2.0,0,0,5,1760,780,85,0,85,0.34195652173913044
175000.0,2.0,1.0,1170,8925,1.0,0,2,3,1170,0,103,1,35,0.012608695652173913
345000.0,3.0,2.25,2120,15003,2.0,0,0,3,2120,0,30,0,30,0.06369565217391304
510000.0,3.0,1.75,2170,26460,1.0,0,0,3,1450,720,28,0,28,0.03804347826086957
530000.0,4.0,2.75,2450,15002,1.0,0,0,5,2450,0,40,0,40,0.00391304347826087
155000.0,2.0,1.0,700,5200,1.0,0,0,5,700,0,62,1,16,0.06369565217391304
266000.0,3.0,2.5,1780,7214,1.0,0,0,4,1400,380,28,0,28,0.04021739130434782
257200.0,3.0,2.0,1850,8250,1.0,0,0,4,1150,700,62,0,62,0.03826086956521739
265000.0,3.0,2.0,1570,5706,1.0,0,0,3,1570,0,16,1,8,0.03826086956521739
372220.0,3.0,1.0,1290,5500,1.0,0,0,3,980,310,63,1,20,0.34195652173913044
337500.0,5.0,2.0,1700,7314,1.0,0,0,3,1000,700,58,1,13,0.34195652173913044
582500.0,2.0,1.5,1159,4800,1.0,0,0,3,1159,0,66,1,20,0.34195652173913044
489200.0,3.0,2.75,1850,9600,1.5,0,0,5,1850,0,49,0,49,0.04065217391304348
405100.0,2.0,1.0,840,3522,1.0,0,0,3,840,0,67,1,2,0.34195652173913044
372977.0,3.0,2.5,1690,1618,2.0,0,0,3,1150,540,0,0,0,0.04065217391304348
310000.0,3.0,1.0,1050,9876,1.0,0,0,3,1050,0,61,0,61,0.014347826086956521
538000.0,3.0,1.75,1400,3825,1.5,0,0,4,1100,300,110,0,110,0.34195652173913044
317000.0,3.0,2.5,1840,5011,2.0,0,0,3,1840,0,2,1,102,0.020869565217391306
702500.0,3.0,1.5,2360,6750,2.0,0,0,5,1930,430,88,0,88,0.34195652173913044
565000.0,4.0,2.5,2240,14667,2.0,0,0,4,2240,0,25,0,25,0.007173913043478261
723000.0,4.0,2.5,2700,4004,2.0,0,0,3,2700,0,10,1,11,0.04065217391304348
766950.0,3.0,2.5,3030,30007,1.5,0,0,4,3030,0,22,0,22,0.025
682000.0,3.0,1.75,1830,5120,1.5,0,2,5,1830,0,111,0,111,0.34195652173913044
325000.0,3.0,2.5,2220,6049,2.0,0,0,4,2220,0,24,0,24,0.04021739130434782
543000.0,3.0,2.5,2090,7640,1.0,0,0,3,1360,730,52,1,0,0.02673913043478261
525000.0,3.0,1.75,1600,6120,1.5,0,0,3,1600,0,90,1,3,0.34195652173913044
364000.0,4.0,1.75,2010,8625,1.0,0,0,4,1340,670,57,1,13,0.02673913043478261
394475.0,2.0,1.0,830,4000,1.0,0,0,3,830,0,59,1,9,0.34195652173913044
316000.0,4.0,2.5,2010,7226,2.0,0,0,3,2010,0,19,0,19,0.03826086956521739
339950.0,3.0,1.0,1050,5402,1.5,0,0,4,1050,0,108,1,24,0.34195652173913044
486000.0,4.0,2.5,2150,39449,1.0,0,0,3,1420,730,36,0,36,0.002391304347826087
160000.0,3.0,1.0,860,11900,1.0,0,0,4,860,0,51,0,51,0.04021739130434782
930000.0,3.0,2.5,3100,20553,1.0,0,0,3,3100,0,60,1,9,0.02673913043478261
139000.0,3.0,1.0,1100,17334,1.0,0,0,3,1100,0,36,0,36,0.03826086956521739
562000.0,3.0,1.5,1830,8000,1.0,0,0,4,1830,0,57,1,13,0.06217391304347826
299000.0,2.0,1.75,1250,34395,1.0,0,0,4,1250,0,64,1,31,0.03217391304347826
511000.0,3.0,2.5,1820,4883,2.0,0,0,3,1820,0,9,0,9,0.014347826086956521
499000.0,3.0,2.0,2090,42689,1.5,0,0,3,2090,0,55,1,16,0.0015217391304347826
356000.0,3.0,3.5,2100,12384,2.0,0,0,3,2100,0,34,0,34,0.006304347826086957
470000.0,4.0,2.5,2310,14023,2.0,0,0,3,2310,0,23,0,23,0.009130434782608696
715000.0,4.0,2.25,2060,5649,1.0,0,0,5,1360,700,73,0,73,0.34195652173913044
458000.0,3.0,1.0,1660,7500,1.0,0,0,4,1060,600,74,1,13,0.34195652173913044
966000.0,5.0,4.5,3810,8019,2.0,0,0,3,3810,0,6,0,6,0.03804347826086957
305495.0,3.0,1.75,2110,10200,2.0,0,0,4,2110,0,48,0,48,0.06369565217391304
543000.0,2.0,2.0,2370,217800,1.5,0,0,3,1600,770,22,0,22,0.04065217391304348
340000.0,3.0,2.25,1970,3716,2.0,0,0,3,1970,0,17,0,17,0.06369565217391304
633100.0,4.0,2.5,2470,33305,2.0,0,0,3,2470,0,21,0,21,0.051086956521739134
310000.0,3.0,1.0,1480,7830,1.0,0,0,3,1480,0,62,1,6,0.02673913043478261
349950.0,5.0,3.0,2257,10117,1.0,0,0,3,1363,894,9,0,9,0.006304347826086957
267800.0,2.0,1.0,700,6000,1.0,0,0,4,700,0,65,1,29,0.02673913043478261
234000.0,4.0,2.0,1630,9010,1.0,0,0,4,1050,580,39,0,39,0.03826086956521739
740000.0,4.0,2.5,3430,10157,2.0,0,0,3,3430,0,14,0,14,0.04065217391304348
607500.0,5.0,1.75,2220,6000,1.5,0,0,3,1420,800,91,1,16,0.34195652173913044
223000.0,3.0,1.75,1340,7473,1.0,0,0,4,1340,0,41,0,41,0.03826086956521739
400000.0,2.0,1.0,980,2130,1.0,0,0,4,860,120,96,1,40,0.34195652173913044
802000.0,3.0,2.5,2580,13096,2.0,0,0,3,2580,0,28,0,28,0.051086956521739134
253000.0,4.0,2.5,2230,4541,2.0,0,0,3,2230,0,8,0,8,0.009347826086956522
1058000.0,4.0,2.0,2290,11137,1.0,0,0,4,2290,0,59,1,5,0.06217391304347826
300000.0,3.0,1.0,1260,8280,1.0,0,0,3,1260,0,68,0,68,0.34195652173913044
625000.0,4.0,2.75,1680,11180,1.0,0,0,4,1680,0,48,0,48,0.051086956521739134
707000.0,4.0,3.25,3200,7081,2.0,0,0,3,3200,0,10,1,11,0.03804347826086957
950000.0,4.0,2.5,3320,7644,2.0,0,0,3,3320,0,19,0,19,0.06217391304347826
420000.0,4.0,2.5,3040,24123,2.0,0,0,3,3040,0,15,0,15,0.03826086956521739
498000.0,4.0,2.75,2270,7375,1.0,0,0,4,1290,980,41,0,41,0.04065217391304348
450000.0,3.0,2.5,2910,17172,2.0,0,0,3,2910,0,25,0,25,0.03217391304347826
955000.0,5.0,2.25,2510,9887,2.0,0,0,3,2510,0,42,1,12,0.018695652173913044
215000.0,2.0,1.0,1240,7200,1.0,0,0,3,1240,0,47,1,3,0.006304347826086957
437000.0,3.0,2.75,2580,5200,2.0,0,0,3,2580,0,6,0,6,0.06369565217391304
773000.0,3.0,2.75,2470,3600,2.0,0,0,3,2470,0,7,0,7,0.04065217391304348
256883.0,3.0,2.5,1690,5025,2.0,0,0,3,1690,0,11,0,11,0.03217391304347826
592500.0,4.0,2.5,2240,12032,1.0,0,0,3,2240,0,31,1,5,0.03804347826086957
252350.0,3.0,2.0,1650,7352,1.0,0,0,3,1160,490,35,1,0,0.06369565217391304
370000.0,4.0,2.5,2710,5880,2.0,0,0,3,2710,0,16,1,8,0.03826086956521739
465750.0,3.0,1.5,1260,10350,1.0,0,0,3,1260,0,55,1,25,0.06217391304347826
185000.0,3.0,1.0,1150,8100,1.0,0,0,3,1150,0,82,0,82,0.34195652173913044
582800.0,4.0,2.75,2550,7636,1.0,0,0,3,1440,1110,28,0,28,0.03804347826086957
245000.0,3.0,1.75,1490,6930,1.0,0,0,4,1490,0,24,0,24,0.04021739130434782
302000.0,4.0,1.75,2020,7865,1.0,0,0,4,1010,1010,51,0,51,0.06369565217391304
451555.0,2.0,1.0,1320,4520,1.0,0,1,3,1320,0,102,1,43,0.34195652173913044
250000.0,3.0,1.0,1230,10350,1.0,0,0,4,1230,0,57,1,13,0.06369565217391304
255000.0,4.0,2.5,2070,7800,2.0,0,0,3,2070,0,25,0,25,0.03217391304347826
840000.0,4.0,1.75,2930,11562,1.0,0,3,3,1670,1260,67,1,2,0.34195652173913044
190000.0,3.0,1.0,1090,8520,1.0,0,0,3,1090,0,47,1,3,0.03217391304347826
349950.0,3.0,1.0,1400,7066,1.0,0,0,3,1400,0,57,1,14,0.34195652173913044
613000.0,4.0,2.0,1550,4815,1.5,0,0,3,1550,0,105,1,10,0.34195652173913044
300000.0,3.0,1.0,1220,13000,1.0,0,0,4,1220,0,59,1,5,0.02673913043478261
455000.0,3.0,2.5,1870,7344,1.0,0,0,3,1470,400,34,0,34,0.04065217391304348
335000.0,3.0,2.25,2150,30476,2.0,0,0,3,2150,0,23,0,23,0.006304347826086957
197500.0,3.0,1.0,980,3090,1.5,0,0,3,980,0,111,1,9,0.34195652173913044
412500.0,3.0,1.5,1490,8475,1.0,0,0,4,1490,0,51,0,51,0.051086956521739134
395300.0,3.0,1.5,1120,7000,1.0,0,0,3,1120,0,59,1,9,0.06217391304347826
342400.0,3.0,2.25,1180,9630,2.0,0,0,3,1180,0,28,0,28,0.014347826086956521
749400.0,4.0,2.5,3240,20301,2.0,0,0,3,3240,0,29,0,29,0.051086956521739134
316500.0,4.0,2.5,2150,6807,2.0,0,0,4,2150,0,23,0,23,0.04021739130434782
390000.0,3.0,2.5,2240,10800,2.0,0,0,3,2240,0,18,0,18,0.014347826086956521
225000.0,3.0,2.0,1400,7384,1.0,0,0,3,1150,250,35,1,0,0.06369565217391304
550000.0,3.0,2.25,1980,40887,1.0,0,0,4,1980,0,34,0,34,0.051086956521739134
280000.0,3.0,1.0,1330,20562,1.5,0,0,3,1330,0,55,1,25,0.010869565217391304
575000.0,2.0,1.0,1490,6000,1.0,0,0,3,1090,400,68,0,68,0.34195652173913044
1000000.0,5.0,4.25,3920,16258,2.0,0,0,3,2900,1020,24,1,5,0.06217391304347826
585000.0,5.0,1.75,2000,3750,2.0,0,0,4,2000,0,93,0,93,0.34195652173913044
620000.0,4.0,2.5,2680,9185,2.0,0,0,3,2680,0,25,0,25,0.04065217391304348
204700.0,4.0,2.0,1670,9987,1.0,0,0,3,1670,0,47,1,3,0.03826086956521739
695000.0,4.0,3.0,3150,9130,2.0,0,0,3,3150,0,13,0,13,0.03804347826086957
689900.0,4.0,3.25,2740,7266,2.0,0,0,3,2060,680,11,0,11,0.04065217391304348
375000.0,4.0,1.75,1890,8000,1.0,0,0,4,1250,640,54,1,13,0.02673913043478261
475000.0,7.0,3.5,2870,29699,1.0,0,0,3,1520,1350,53,1,10,0.34195652173913044
215000.0,3.0,1.0,1160,10384,1.0,0,0,4,1160,0,45,0,45,0.020869565217391306
790000.0,3.0,1.75,1790,6117,1.0,0,2,3,1350,440,74,1,18,0.34195652173913044
350000.0,3.0,1.75,1680,250470,1.0,0,0,4,1070,610,74,1,13,0.009130434782608696
263000.0,3.0,2.25,1590,7748,2.0,0,0,4,1590,0,23,0,23,0.03217391304347826
400000.0,3.0,1.0,1630,10304,1.0,0,0,5,1630,0,61,0,61,0.02673913043478261
525000.0,3.0,2.5,2700,7434,2.0,0,0,3,2700,0,23,0,23,0.025
349950.0,3.0,2.5,1700,7496,2.0,0,0,3,1700,0,20,0,20,0.06369565217391304
1085000.0,4.0,3.25,3740,12080,1.0,0,0,3,2000,1740,26,1,14,0.025
744000.0,4.0,3.0,1980,5352,2.5,0,0,3,1980,0,73,1,9,0.34195652173913044
312500.0,2.0,1.0,880,6345,1.0,0,0,3,880,0,95,1,13,0.34195652173913044
240000.0,3.0,2.0,1400,6200,1.0,0,0,3,700,700,66,1,20,0.02673913043478261
495000.0,4.0,2.0,2050,4000,1.5,0,0,5,1210,840,73,0,73,0.34195652173913044
580050.0,3.0,2.5,2360,4638,2.0,0,3,3,2360,0,18,0,18,0.34195652173913044
640000.0,4.0,2.0,2560,7798,1.0,0,0,4,1890,670,67,1,26,0.34195652173913044
417000.0,3.0,1.5,1340,10224,1.0,0,0,4,1340,0,58,0,58,0.06217391304347826
174950.0,3.0,1.0,1060,5200,1.0,0,0,5,1060,0,44,0,44,0.009347826086956522
295000.0,3.0,1.5,850,2500,1.0,0,0,3,850,0,28,0,28,0.34195652173913044
423000.0,4.0,1.75,1880,7303,1.0,0,0,3,1010,870,38,0,38,0.04065217391304348
839000.0,3.0,1.0,1230,12305,1.0,0,0,3,1230,0,59,1,24,0.06217391304347826
343000.0,4.0,1.75,2290,10290,1.0,0,0,3,1340,950,54,1,2,0.34195652173913044
467000.0,3.0,1.0,1660,6582,1.0,0,0,5,1000,660,68,0,68,0.34195652173913044
512500.0,3.0,2.5,1840,2875,2.0,0,0,4,1840,0,17,0,17,0.34195652173913044
575000.0,4.0,2.5,3020,17810,1.0,0,0,3,1600,1420,35,1,0,0.00782608695652174
465000.0,3.0,1.75,1410,6886,1.0,0,0,3,1410,0,90,1,1,0.34195652173913044
270000.0,3.0,1.0,1010,9514,1.0,0,0,3,1010,0,45,1,4,0.06369565217391304
340000.0,3.0,1.75,1960,8136,1.0,0,0,3,980,980,66,1,20,0.34195652173913044
765000.0,5.0,3.75,3580,14275,2.0,0,0,3,3190,390,15,0,15,0.04065217391304348
497000.0,4.0,2.5,2240,7200,2.0,0,0,3,2240,0,19,0,19,0.34195652173913044
803100.0,4.0,2.5,3310,5404,2.0,0,0,3,3310,0,10,1,11,0.051086956521739134
344000.0,3.0,2.5,1232,1130,3.0,0,0,3,1232,0,7,0,7,0.34195652173913044
828950.0,4.0,3.5,3930,5680,2.0,0,1,3,2820,1110,1,1,91,0.04065217391304348
386380.0,3.0,2.5,1720,3600,2.0,0,0,3,1720,0,4,0,4,0.051086956521739134
312000.0,3.0,2.25,1490,974,2.0,0,0,3,1220,270,5,0,5,0.34195652173913044
720000.0,3.0,2.5,3150,151588,2.0,0,0,3,3150,0,7,0,7,0.002391304347826087
914500.0,4.0,2.5,3950,10856,3.0,0,0,3,3950,0,1,1,91,0.03804347826086957
819995.0,5.0,2.75,3030,10335,2.0,0,0,3,3030,0,1,1,91,0.007173913043478261
252700.0,2.0,1.5,1070,9643,1.0,0,0,3,1070,0,29,0,29,0.04021739130434782
437500.0,3.0,2.5,2320,36847,2.0,0,2,3,2320,0,22,0,22,0.010869565217391304
350000.0,1.0,1.0,700,5100,1.0,0,0,3,700,0,72,1,15,0.34195652173913044
619000.0,3.0,2.5,2720,6439,2.0,0,0,3,2720,0,9,0,9,0.015434782608695652
408200.0,3.0,2.5,1800,5761,2.0,0,0,4,1800,0,24,0,24,0.34195652173913044
451000.0,3.0,1.75,1560,4049,1.5,0,2,3,1000,560,88,1,11,0.34195652173913044
317000.0,3.0,2.0,1760,11410,1.0,0,0,5,1060,700,37,0,37,0.06369565217391304
799000.0,4.0,3.25,3120,5000,2.0,0,0,3,2370,750,9,0,9,0.34195652173913044
720000.0,2.0,1.0,2020,7200,1.0,0,3,4,1700,320,67,1,26,0.34195652173913044
490000.0,3.0,2.0,1450,2400,1.5,0,0,3,1450,0,114,1,11,0.34195652173913044
239900.0,4.0,2.25,1860,7000,1.0,0,0,3,1120,740,35,1,0,0.03217391304347826
446000.0,4.0,2.25,2270,7800,1.0,0,0,3,1290,980,37,1,10,0.04065217391304348
275000.0,3.0,2.5,1480,15639,2.0,0,0,3,1480,0,27,1,14,0.010869565217391304
239950.0,5.0,1.0,1460,6032,2.0,0,0,4,1460,0,73,1,16,0.006304347826086957
248000.0,4.0,3.5,1850,6519,2.0,0,0,3,1130,720,28,0,28,0.03217391304347826
619500.0,3.0,2.5,2170,5000,2.0,0,0,3,2170,0,11,0,11,0.04065217391304348
363750.0,3.0,1.75,1726,197326,2.0,0,0,4,1726,0,32,1,3,0.006304347826086957
385000.0,3.0,1.75,1180,10541,1.0,0,0,4,940,240,33,0,33,0.03804347826086957
370000.0,4.0,1.5,1370,9957,1.0,0,0,3,900,470,42,1,12,0.04065217391304348
425000.0,3.0,2.5,2670,13218,1.0,0,0,4,2670,0,26,0,26,0.04021739130434782
342000.0,3.0,1.0,1260,6826,1.0,0,0,3,720,540,70,0,70,0.34195652173913044
345000.0,4.0,1.0,1980,7991,1.5,0,0,3,1980,0,52,1,11,0.06369565217391304
724800.0,3.0,2.0,2050,3933,1.0,0,0,3,1180,870,88,1,13,0.34195652173913044
725000.0,5.0,2.75,2830,5310,2.0,0,0,3,2830,0,8,0,8,0.051086956521739134
605000.0,2.0,1.0,910,3600,1.0,0,0,4,910,0,105,1,25,0.34195652173913044
350000.0,4.0,2.5,2440,4000,2.0,0,0,3,2440,0,5,0,5,0.020869565217391306
785000.0,3.0,2.0,2180,5440,1.0,0,0,5,1100,1080,110,0,110,0.34195652173913044
250000.0,3.0,2.0,1900,6660,1.0,0,0,5,950,950,48,0,48,0.020869565217391306
565000.0,3.0,2.25,1520,1221,3.0,0,0,3,1520,0,1,1,91,0.34195652173913044
875000.0,3.0,2.0,2220,6641,1.0,0,2,4,1220,1000,67,1,26,0.34195652173913044
862500.0,4.0,2.75,3280,24440,2.0,0,0,3,3280,0,18,0,18,0.025
400000.0,3.0,2.5,2740,83199,2.0,0,4,3,2740,0,41,1,1,0.04021739130434782
282613.0,2.0,1.0,830,6017,1.0,0,0,4,830,0,60,1,35,0.02673913043478261
174500.0,2.0,1.0,1010,5200,1.0,0,0,3,1010,0,59,1,9,0.012608695652173913
306500.0,3.0,2.25,2060,38377,1.0,0,0,4,1560,500,36,1,14,0.03217391304347826
445000.0,3.0,2.25,1990,7340,2.0,0,0,3,1990,0,30,0,30,0.025
433000.0,4.0,2.5,2280,7568,2.0,0,0,4,2280,0,13,0,13,0.06369565217391304
306000.0,3.0,2.5,1870,5874,2.0,0,0,3,1870,0,9,0,9,0.04021739130434782
620000.0,3.0,2.25,1720,4000,1.5,0,0,4,1450,270,93,0,93,0.34195652173913044
245000.0,2.0,1.0,870,6150,1.0,0,0,3,870,0,73,1,20,0.34195652173913044
238000.0,3.0,2.0,1020,1204,2.0,0,0,3,720,300,10,1,11,0.34195652173913044
523000.0,3.0,1.5,1260,3135,1.5,0,0,3,1260,0,83,0,83,0.34195652173913044
522500.0,3.0,2.5,2370,7875,2.0,0,0,3,2370,0,11,0,11,0.015434782608695652
180000.0,3.0,1.0,1000,18513,1.0,0,0,3,1000,0,74,1,18,0.34195652173913044
375000.0,3.0,1.5,1100,1751,2.0,0,0,3,940,160,7,0,7,0.34195652173913044
249000.0,3.0,2.25,1440,7673,1.0,0,0,3,940,500,32,0,32,0.04021739130434782
730100.0,4.0,2.5,3120,14300,2.0,0,0,3,3120,0,11,0,11,0.04065217391304348
551000.0,2.0,2.0,2260,9604,1.0,0,0,3,2260,0,24,1,5,0.007173913043478261
375000.0,4.0,2.5,2790,7956,2.0,0,0,3,2790,0,9,0,9,0.012608695652173913
540000.0,1.0,1.0,1140,6700,1.5,0,0,3,1140,0,94,1,35,0.34195652173913044
605000.0,3.0,2.25,1290,2500,2.0,0,0,4,1290,0,27,0,27,0.34195652173913044
205000.0,5.0,1.75,1730,5200,1.0,0,0,4,1050,680,36,1,14,0.009347826086956522
645000.0,4.0,2.5,3160,11380,2.0,0,0,3,3160,0,31,1,5,0.03804347826086957
314000.0,4.0,2.5,2340,8990,2.0,0,0,3,2340,0,11,0,11,0.020869565217391306
330000.0,3.0,1.5,1170,4950,1.0,0,0,4,1170,0,54,1,13,0.06217391304347826
490000.0,2.0,1.0,1160,5000,1.0,0,0,4,1160,0,77,0,77,0.34195652173913044
445000.0,3.0,3.0,1970,24318,1.0,0,0,3,1970,0,4,0,4,0.014347826086956521
377500.0,3.0,2.25,1410,1377,2.0,0,0,3,1290,120,9,0,9,0.04065217391304348
480000.0,4.0,2.5,2430,5000,2.0,0,0,3,2430,0,5,0,5,0.015434782608695652
804995.0,5.0,1.5,3360,5402,2.0,0,0,3,3360,0,0,0,0,0.03804347826086957
341000.0,3.0,2.5,1480,1663,2.0,0,0,3,1180,300,2,1,102,0.34195652173913044
675000.0,5.0,2.5,3200,6455,2.0,0,0,3,3200,0,5,0,5,0.015434782608695652
611000.0,3.0,2.5,2134,1984,2.5,0,0,3,2134,0,6,0,6,0.04065217391304348
379950.0,3.0,3.25,1860,1787,3.0,0,0,3,1860,0,7,0,7,0.02673913043478261
500000.0,2.0,2.5,1310,1500,2.0,0,0,3,1160,150,8,0,8,0.34195652173913044
410000.0,3.0,2.0,1700,4250,1.0,0,0,3,890,810,70,0,70,0.34195652173913044
415000.0,3.0,2.5,2480,8342,2.0,0,0,3,2480,0,28,0,28,0.06369565217391304
297000.0,5.0,2.5,1970,8605,2.0,0,0,4,1970,0,20,0,20,0.00608695652173913
575550.0,4.0,2.5,2060,7475,1.0,0,0,3,1440,620,29,0,29,0.051086956521739134
534640.0,3.0,2.5,2130,3500,1.0,0,0,4,1210,920,20,0,20,0.025
352500.0,3.0,2.25,1410,14110,1.0,0,2,3,1170,240,27,1,14,0.015434782608695652
488000.0,2.0,2.0,1360,4688,1.0,0,0,3,780,580,70,0,70,0.34195652173913044
732000.0,3.0,2.0,1940,55756,1.0,0,0,5,1940,0,60,0,60,0.06217391304347826
215000.0,2.0,2.25,1610,2040,2.0,0,0,4,1610,0,35,0,35,0.06369565217391304
592500.0,2.0,2.0,1420,9191,1.5,0,2,5,1420,0,86,1,44,0.34195652173913044
290000.0,4.0,2.5,1700,7280,2.0,0,0,4,1700,0,26,0,26,0.04021739130434782
475000.0,2.0,1.0,1490,3825,1.0,0,0,3,860,630,85,0,85,0.34195652173913044
320000.0,3.0,2.5,2680,7757,2.0,0,0,3,2680,0,24,1,5,0.03217391304347826
290000.0,5.0,1.5,2120,7700,1.5,0,0,5,2120,0,52,0,52,0.06369565217391304
487250.0,4.0,2.0,1690,3250,1.5,0,0,3,1550,140,113,0,113,0.34195652173913044
339000.0,4.0,2.5,1830,8601,2.0,0,0,3,1830,0,11,0,11,0.020869565217391306
440000.0,2.0,1.5,1010,1968,1.5,0,0,5,1010,0,108,0,108,0.34195652173913044
366500.0,4.0,2.75,2070,9300,1.0,0,0,5,1120,950,69,0,69,0.02673913043478261
462000.0,3.0,1.5,1710,4500,1.5,0,0,3,1410,300,86,1,60,0.34195652173913044
560000.0,4.0,1.0,1660,4690,1.5,0,0,3,1260,400,69,1,4,0.34195652173913044
285000.0,4.0,1.75,2080,13629,1.0,0,0,4,1040,1040,59,1,5,0.34195652173913044
280000.0,3.0,2.5,1270,9675,2.0,0,0,3,1270,0,21,0,21,0.010869565217391304
210000.0,3.0,1.0,1080,21043,1.0,0,0,3,1080,0,72,1,15,0.34195652173913044
690000.0,3.0,2.0,1610,5100,1.5,0,0,5,1610,0,74,0,74,0.34195652173913044
256500.0,2.0,1.0,1120,9912,1.0,0,0,4,1120,0,34,0,34,0.006304347826086957
411000.0,4.0,2.75,2500,5257,2.0,0,0,3,2500,0,48,1,51,0.34195652173913044
215000.0,3.0,1.0,970,7275,1.0,0,0,4,970,0,44,0,44,0.04021739130434782
762000.0,5.0,2.0,3370,5000,1.5,0,0,4,2140,1230,107,0,107,0.34195652173913044
359950.0,3.0,1.0,1290,189486,1.0,0,0,4,1290,0,54,1,13,0.03826086956521739
480000.0,4.0,3.5,3370,435600,2.0,0,3,3,3370,0,9,0,9,0.010869565217391304
390000.0,4.0,2.5,2490,8290,2.0,0,0,3,2490,0,15,0,15,0.03826086956521739
413500.0,2.0,1.0,770,4000,1.0,0,0,5,770,0,90,1,58,0.34195652173913044
285000.0,1.0,1.5,810,3211,2.0,0,0,4,810,0,32,1,3,0.04065217391304348
475000.0,4.0,2.5,3060,10043,1.0,0,0,4,1700,1360,46,0,46,0.02673913043478261
386591.0,3.0,2.5,1690,1613,2.0,0,0,3,1150,540,0,0,0,0.04065217391304348
524950.0,3.0,1.75,1890,3825,1.0,0,0,3,1290,600,40,0,40,0.34195652173913044
241000.0,2.0,2.0,1470,3128,2.0,0,0,3,1470,0,9,0,9,0.020869565217391306
461000.0,2.0,1.0,1060,7193,1.0,0,0,3,1060,0,88,1,11,0.34195652173913044
810000.0,4.0,2.5,3480,59242,2.0,0,0,3,3480,0,26,1,14,0.025
885000.0,4.0,2.75,2730,3560,1.5,0,0,3,1550,1180,93,1,7,0.34195652173913044
247000.0,3.0,2.25,1580,7941,2.0,0,0,4,1580,0,28,0,28,0.03217391304347826
296500.0,3.0,2.75,2170,7900,1.0,0,0,4,1380,790,36,1,14,0.04021739130434782
141800.0,2.0,1.0,930,4743,1.0,0,0,4,930,0,72,1,32,0.06369565217391304
333000.0,4.0,2.0,1580,7800,2.0,0,0,2,1580,0,108,0,108,0.34195652173913044
602000.0,5.0,1.75,3290,11900,1.5,0,0,3,3290,0,41,1,1,0.051086956521739134
565000.0,4.0,2.25,2110,10698,2.0,0,0,4,2110,0,35,0,35,0.04065217391304348
373000.0,3.0,2.5,1670,3565,2.0,0,0,3,1670,0,15,0,15,0.025
588000.0,3.0,2.25,2030,7350,1.0,0,0,4,1190,840,37,0,37,0.051086956521739134
485000.0,3.0,1.0,1500,4100,1.5,0,0,3,1370,130,88,1,11,0.34195652173913044
482500.0,3.0,2.25,1450,1445,2.0,0,0,3,980,470,9,0,9,0.34195652173913044
251200.0,4.0,1.5,1310,8250,1.0,0,0,3,1060,250,61,0,61,0.012608695652173913
464000.0,3.0,1.75,1630,28600,1.0,0,0,3,1630,0,47,1,3,0.025
755000.0,4.0,2.5,2660,10452,2.0,0,0,3,2660,0,21,0,21,0.051086956521739134
280000.0,3.0,2.5,1720,1916,2.0,0,0,3,1720,0,9,0,9,0.06369565217391304
485000.0,2.0,2.25,1260,1240,3.0,0,0,3,1260,0,10,1,11,0.34195652173913044
305000.0,3.0,1.75,1610,12247,1.0,0,0,3,1610,0,33,1,1,0.06369565217391304
110700.0,2.0,1.0,680,8064,1.0,0,0,3,680,0,73,1,20,0.006304347826086957
850000.0,4.0,3.5,2640,5900,2.0,0,2,3,2640,0,77,1,16,0.34195652173913044
350000.0,3.0,2.25,1640,7200,2.0,0,0,4,1640,0,29,0,29,0.06217391304347826
319950.0,4.0,1.75,2310,8045,1.0,0,0,4,1650,660,38,1,22,0.06369565217391304
700000.0,3.0,1.75,2010,4905,1.0,0,0,5,1230,780,102,0,102,0.34195652173913044
368000.0,2.0,1.5,1660,4680,1.0,0,0,5,830,830,106,0,106,0.34195652173913044
433500.0,3.0,2.5,2200,3360,2.0,0,0,3,2200,0,5,0,5,0.34195652173913044
611000.0,4.0,2.5,2460,4200,2.0,0,0,3,2460,0,16,1,8,0.051086956521739134
1000000.0,2.0,1.75,2430,23400,1.0,0,4,3,2430,0,63,1,20,0.02673913043478261
307000.0,3.0,1.0,1370,7500,1.0,0,0,3,1370,0,54,1,2,0.004782608695652174
442500.0,3.0,1.75,1800,10200,1.0,0,0,3,1800,0,47,1,3,0.06369565217391304
485000.0,3.0,1.75,2200,7706,2.0,0,2,3,2200,0,106,1,26,0.012608695652173913
367000.0,2.0,1.0,700,2334,1.0,0,0,3,700,0,69,1,4,0.34195652173913044
429000.0,3.0,2.5,1920,15124,2.0,0,0,3,1920,0,19,0,19,0.010869565217391304
446000.0,5.0,2.75,2190,12687,1.0,0,0,5,1370,820,36,0,36,0.014347826086956521
572500.0,3.0,2.25,2030,9791,1.0,0,0,4,1500,530,30,0,30,0.007173913043478261
477000.0,3.0,2.5,1350,2053,3.0,0,0,3,1350,0,9,0,9,0.34195652173913044
518000.0,3.0,2.5,1680,2096,2.0,0,0,3,1380,300,6,0,6,0.34195652173913044
462000.0,5.0,1.75,1250,10530,1.0,0,0,4,1250,0,48,0,48,0.06217391304347826
137000.0,3.0,1.0,950,7620,1.0,0,0,3,950,0,60,1,9,0.34195652173913044
530000.0,3.0,3.5,2320,3174,2.0,0,0,3,2060,260,17,0,17,0.04065217391304348
818000.0,2.0,2.5,2380,9374,1.0,0,2,3,2380,0,3,0,3,0.051086956521739134
640000.0,2.0,2.25,1540,958,3.0,0,0,3,1540,0,7,0,7,0.34195652173913044
298450.0,5.0,3.0,2100,9752,1.0,0,0,3,1200,900,7,0,7,0.03217391304347826
575000.0,4.0,2.5,2500,4945,2.0,0,0,3,2500,0,1,1,91,0.015434782608695652
730000.0,4.0,2.5,3230,7331,2.0,0,0,3,3230,0,10,1,11,0.03804347826086957
551000.0,3.0,2.5,2830,5802,2.0,0,0,3,2830,0,13,0,13,0.014347826086956521
271310.0,2.0,1.0,870,5340,1.5,0,0,2,870,0,108,0,108,0.34195652173913044
675000.0,4.0,3.0,2690,28300,1.0,0,0,3,2690,0,60,1,15,0.00391304347826087
479000.0,3.0,2.5,1260,889,3.0,0,0,3,1260,0,6,0,6,0.34195652173913044
520000.0,4.0,3.5,2680,10000,2.0,0,0,3,2040,640,72,1,0,0.34195652173913044
599950.0,3.0,2.5,2660,4975,2.0,0,0,3,2660,0,0,0,0,0.34195652173913044
483945.0,2.0,1.75,1480,5120,1.0,0,0,4,840,640,63,1,15,0.34195652173913044
390000.0,4.0,2.25,1770,33132,1.0,0,0,4,1190,580,49,0,49,0.06369565217391304
192500.0,2.0,1.0,950,7692,1.0,0,0,3,950,0,88,1,11,0.34195652173913044
330000.0,2.0,1.0,860,8308,1.0,0,0,4,860,0,66,0,66,0.34195652173913044
250000.0,4.0,2.0,1960,7560,1.0,0,0,5,1160,800,36,0,36,0.04021739130434782
243000.0,2.0,1.0,1770,5522,1.5,0,0,4,960,810,71,0,71,0.34195652173913044
575000.0,4.0,1.75,1280,6060,1.0,0,0,3,860,420,88,1,11,0.34195652173913044
639000.0,4.0,2.5,2150,12028,2.0,0,0,4,2150,0,32,1,3,0.051086956521739134
710000.0,2.0,1.0,1790,4000,1.0,0,0,4,1040,750,91,0,91,0.34195652173913044
675000.0,3.0,2.25,1990,10260,2.0,0,0,4,1990,0,27,0,27,0.051086956521739134
405000.0,5.0,2.5,2430,4781,2.0,0,0,3,2430,0,13,0,13,0.06369565217391304
615000.0,4.0,2.75,2820,13193,1.0,0,0,3,1860,960,49,1,21,0.06217391304347826
490000.0,3.0,1.0,1910,8190,1.0,0,0,4,1010,900,68,1,25,0.34195652173913044
467000.0,3.0,2.25,1270,1213,2.0,0,0,3,1040,230,9,0,9,0.34195652173913044
480000.0,4.0,2.75,2050,3960,1.0,0,0,4,1180,870,28,0,28,0.34195652173913044
755000.0,6.0,2.0,2150,4505,1.0,0,0,3,1270,880,62,1,6,0.34195652173913044
760000.0,4.0,1.75,2450,13300,1.0,0,2,4,1630,820,27,0,27,0.06217391304347826
387000.0,2.0,2.25,1230,1280,2.0,0,0,3,960,270,2,1,102,0.34195652173913044
925000.0,4.0,2.25,2260,41984,1.0,0,0,4,2260,0,47,0,47,0.04065217391304348
415000.0,2.0,1.0,1050,60113,1.0,0,0,4,1050,0,71,0,71,0.03826086956521739
263000.0,3.0,1.75,1570,7775,2.0,0,0,3,1570,0,32,0,32,0.04021739130434782
519900.0,4.0,2.0,1820,9350,1.0,0,0,4,1820,0,47,0,47,0.051086956521739134
570000.0,2.0,1.75,1540,4025,1.0,0,0,4,1190,350,106,0,106,0.34195652173913044
450000.0,3.0,1.5,2060,44866,1.0,0,0,3,2060,0,61,0,61,0.025
300000.0,3.0,1.0,1090,9900,1.0,0,0,4,1090,0,59,1,5,0.051086956521739134
320000.0,3.0,1.75,1480,7225,1.0,0,0,4,1480,0,49,0,49,0.06369565217391304
387500.0,4.0,1.0,1320,4440,1.5,0,0,3,1320,0,85,0,85,0.34195652173913044
458000.0,1.0,2.25,2140,10350,1.0,0,0,3,1470,670,38,0,38,0.025
380000.0,4.0,3.0,2800,9764,2.0,0,0,3,2800,0,12,0,12,0.020869565217391306
200000.0,3.0,1.0,1050,5000,1.0,0,0,4,1050,0,47,0,47,0.06369565217391304
385000.0,3.0,1.5,1490,9630,1.0,0,0,4,1490,0,55,0,55,0.014347826086956521
396675.0,2.0,1.0,1730,6375,2.0,0,0,4,1730,0,69,0,69,0.34195652173913044
452000.0,4.0,1.0,1210,3760,1.5,0,0,3,1210,0,114,1,9,0.34195652173913044
426000.0,4.0,2.5,2800,8494,2.0,0,0,3,2800,0,10,1,11,0.020869565217391306
792000.0,3.0,1.5,1570,1050,2.0,0,0,3,1570,0,99,0,99,0.34195652173913044
315000.0,3.0,2.25,1400,31626,1.0,0,0,2,1140,260,27,0,27,0.03826086956521739
326000.0,6.0,3.0,1880,7200,1.0,0,0,4,1880,0,48,0,48,0.06369565217391304
268500.0,2.0,1.0,790,8424,1.0,0,0,4,790,0,61,1,31,0.02673913043478261
440000.0,2.0,1.75,1300,4000,2.0,0,0,3,1300,0,66,1,20,0.34195652173913044
300000.0,3.0,1.0,2120,7735,1.0,0,0,4,1060,1060,47,0,47,0.06369565217391304
525000.0,3.0,1.5,1540,4773,2.0,0,0,3,1540,0,73,1,5,0.34195652173913044
978000.0,4.0,2.75,2620,13777,1.5,0,2,4,1720,900,88,1,21,0.34195652173913044
1125000.0,6.0,3.0,2880,3192,2.0,0,0,4,2180,700,95,1,29,0.34195652173913044
700000.0,4.0,1.0,1680,4021,1.5,0,0,3,1680,0,93,1,14,0.34195652173913044
315000.0,2.0,1.0,790,6969,1.0,0,0,3,790,0,59,1,30,0.051086956521739134
309000.0,3.0,1.0,1092,7500,1.5,0,0,3,1092,0,96,0,96,0.34195652173913044
219950.0,3.0,1.5,1650,9936,1.0,0,0,3,1090,560,47,1,3,0.03217391304347826
289000.0,3.0,2.5,2090,4700,2.0,0,0,3,2090,0,12,0,12,0.009347826086956522
210000.0,4.0,1.75,2180,28710,1.0,0,0,3,1180,1000,64,1,9,0.006304347826086957
260000.0,4.0,2.5,1990,6671,2.0,0,0,3,1990,0,25,0,25,0.03217391304347826
699000.0,4.0,2.5,2650,7945,2.0,0,0,3,2650,0,8,0,8,0.34195652173913044
299950.0,3.0,1.0,910,8000,1.0,0,0,4,740,170,64,1,31,0.02673913043478261
749950.0,3.0,2.5,2770,10773,2.0,0,2,3,2770,0,22,0,22,0.06217391304347826
1100000.0,3.0,2.0,2390,6888,2.0,0,1,5,2390,0,75,0,75,0.34195652173913044
555000.0,3.0,2.5,3050,158558,1.0,0,0,4,3050,0,27,0,27,0.06369565217391304
384000.0,3.0,2.5,1700,4000,2.0,0,0,3,1700,0,11,0,11,0.015434782608695652
499950.0,5.0,3.5,3200,43560,2.0,0,0,3,3200,0,25,0,25,0.06369565217391304
430000.0,3.0,1.75,1200,4500,1.0,0,0,5,1200,0,108,0,108,0.34195652173913044
350000.0,4.0,2.25,2220,6953,2.0,0,0,4,2220,0,15,0,15,0.020869565217391306
620000.0,3.0,2.5,2480,9041,2.0,0,0,3,2480,0,10,1,11,0.051086956521739134
765000.0,4.0,2.25,2560,12100,1.0,0,0,4,1760,800,38,1,22,0.051086956521739134
250000.0,4.0,1.5,2500,6300,1.0,0,0,4,1500,1000,53,1,13,0.04021739130434782
376000.0,2.0,1.0,1150,4000,1.0,0,0,3,1150,0,67,1,2,0.34195652173913044
475000.0,4.0,1.75,1650,7775,1.0,0,0,4,1150,500,64,1,31,0.34195652173913044
120750.0,3.0,1.75,1140,9628,1.0,0,0,4,1140,0,45,0,45,0.03217391304347826
330000.0,3.0,1.0,1180,43124,1.0,0,0,4,1180,0,55,0,55,0.04065217391304348
619500.0,3.0,2.5,1700,4105,2.0,0,0,3,1700,0,22,0,22,0.34195652173913044
345000.0,3.0,1.5,1240,11200,1.0,0,0,4,1240,0,60,1,35,0.06217391304347826
598000.0,5.0,2.25,2890,12478,2.0,0,0,3,2890,0,37,1,10,0.03804347826086957
335000.0,3.0,1.0,1060,10050,1.0,0,0,4,1060,0,47,0,47,0.014347826086956521
372500.0,4.0,1.75,1590,10523,2.0,0,0,4,1590,0,92,0,92,0.02673913043478261
300000.0,6.0,5.25,2860,5682,2.0,0,0,3,2860,0,36,0,36,0.03826086956521739
194000.0,1.0,1.0,820,1060,1.0,0,0,3,760,60,7,0,7,0.34195652173913044
507500.0,3.0,2.0,2020,8118,1.0,0,0,3,1020,1000,51,1,6,0.06217391304347826
325000.0,4.0,2.25,1870,9680,1.0,0,0,4,1170,700,55,0,55,0.04065217391304348
329900.0,3.0,2.5,2170,4905,2.0,0,0,3,2170,0,10,1,11,0.020869565217391306
329000.0,4.0,2.5,1600,6765,1.0,0,0,3,830,770,67,1,3,0.34195652173913044
494000.0,4.0,1.75,2090,4300,1.5,0,0,4,1250,840,89,1,46,0.34195652173913044
206000.0,4.0,2.0,1700,6025,1.0,0,0,3,1700,0,36,0,36,0.03826086956521739
423000.0,4.0,1.75,1940,6909,1.0,0,0,4,970,970,73,1,16,0.34195652173913044
259000.0,3.0,1.0,1320,8625,1.0,0,0,4,1320,0,57,1,13,0.06369565217391304
879950.0,4.0,2.25,3500,13875,1.0,0,4,4,1830,1670,76,0,76,0.34195652173913044
345600.0,5.0,3.5,2800,5120,2.5,0,0,3,2800,0,111,1,9,0.34195652173913044
395000.0,3.0,1.5,1080,2940,1.5,0,0,4,1080,0,94,0,94,0.34195652173913044
625000.0,4.0,2.5,3550,8048,2.0,0,0,3,3550,0,7,0,7,0.015434782608695652
439000.0,3.0,2.0,2010,251341,2.0,0,0,3,1510,500,11,0,11,0.009130434782608696
380000.0,3.0,1.75,1690,1468,2.0,0,0,3,1380,310,6,0,6,0.34195652173913044
440000.0,3.0,1.5,1270,1443,3.0,0,0,3,1270,0,7,0,7,0.34195652173913044
415000.0,3.0,2.25,1970,2377,2.0,0,0,3,1680,290,6,0,6,0.34195652173913044
860000.0,4.0,2.75,3160,8097,2.0,0,0,3,3160,0,0,0,0,0.04065217391304348
500000.0,3.0,2.5,1210,1200,3.0,0,0,3,1210,0,6,0,6,0.34195652173913044
953007.0,4.0,3.5,3120,5086,2.0,0,0,3,2480,640,6,0,6,0.34195652173913044
515000.0,4.0,2.5,2670,8765,2.0,0,0,3,2670,0,8,0,8,0.06369565217391304
772000.0,3.0,2.25,1640,1204,3.0,0,0,3,1640,0,0,0,0,0.34195652173913044
329995.0,4.0,2.5,2303,3680,2.0,0,0,3,2303,0,1,1,91,0.03826086956521739
409316.0,3.0,2.5,1800,3168,2.0,0,0,3,1800,0,0,0,0,0.015434782608695652
305000.0,2.0,2.5,1590,2656,2.0,0,0,3,1220,370,5,0,5,0.34195652173913044
785000.0,4.0,3.5,3070,4684,2.0,0,0,3,2190,880,5,0,5,0.04065217391304348
240000.0,2.0,1.75,1330,7200,1.0,0,0,3,1330,0,21,0,21,0.006304347826086957
325000.0,3.0,1.0,990,6750,1.0,0,0,4,990,0,67,1,26,0.34195652173913044
535800.0,4.0,2.5,1900,5790,2.0,0,0,3,1900,0,20,0,20,0.04065217391304348
720000.0,3.0,2.5,2020,1159,3.0,0,3,3,2020,0,14,0,14,0.34195652173913044
374000.0,3.0,1.75,2000,9416,1.0,0,0,4,2000,0,53,1,13,0.04065217391304348
189650.0,2.0,1.75,1100,7600,1.0,0,0,3,1100,0,34,0,34,0.012608695652173913
420850.0,1.0,1.0,960,40946,1.0,0,0,5,960,0,69,0,69,0.004782608695652174
815000.0,4.0,2.75,3488,9614,2.0,0,0,3,3488,0,16,1,8,0.051086956521739134
1065000.0,2.0,1.75,1890,9466,2.0,0,0,3,1890,0,27,1,14,0.06217391304347826
199000.0,4.0,2.0,2030,8120,2.0,0,0,3,2030,0,64,1,9,0.34195652173913044
195000.0,3.0,1.75,1380,7350,1.0,0,0,3,990,390,33,1,1,0.009347826086956522
288400.0,3.0,2.25,1870,3230,2.0,0,0,3,1870,0,17,0,17,0.06369565217391304
442000.0,4.0,2.25,2080,12007,1.0,0,0,4,1220,860,35,0,35,0.03804347826086957
619420.0,4.0,2.75,2450,14803,2.0,0,0,4,2450,0,26,0,26,0.007173913043478261
635000.0,4.0,2.25,2750,6180,1.0,0,0,4,1500,1250,66,0,66,0.34195652173913044
210000.0,3.0,1.0,1240,4842,1.0,0,0,4,1240,0,98,0,98,0.34195652173913044
512500.0,3.0,2.5,1900,7604,2.0,0,0,3,1900,0,24,1,5,0.04065217391304348
567000.0,3.0,2.5,2540,6093,2.0,0,0,3,2540,0,15,0,15,0.04065217391304348
525000.0,3.0,2.75,2100,10362,2.0,0,0,3,1510,590,16,1,8,0.0002173913043478261
475000.0,4.0,2.0,1790,2250,1.0,0,2,4,840,950,105,1,25,0.34195652173913044
250000.0,3.0,2.0,1170,7258,1.0,0,0,3,1170,0,30,0,30,0.03826086956521739
220000.0,3.0,1.0,1060,9126,1.0,0,2,5,1060,0,58,0,58,0.00608695652173913
230000.0,5.0,2.0,1930,6120,1.5,0,0,3,1930,0,73,1,45,0.34195652173913044
385500.0,3.0,2.0,1540,7947,1.0,0,0,3,1120,420,53,1,10,0.007173913043478261
895000.0,5.0,3.0,2876,13927,1.0,0,2,4,1970,906,41,0,41,0.018695652173913044
368250.0,3.0,2.5,2150,7484,2.0,0,0,3,2150,0,26,1,14,0.03804347826086957
249900.0,2.0,1.0,1140,5500,1.0,0,0,3,1140,0,67,1,2,0.34195652173913044
350000.0,3.0,1.5,980,7790,1.0,0,0,5,980,0,45,0,45,0.04065217391304348
175000.0,3.0,1.75,1230,13056,1.0,0,0,4,1230,0,52,0,52,0.03826086956521739
270000.0,3.0,1.75,1390,10905,1.0,0,0,3,860,530,57,1,14,0.34195652173913044
495000.0,3.0,3.5,2380,6250,2.0,0,3,3,1670,710,17,0,17,0.34195652173913044
542500.0,5.0,3.25,3010,1074218,1.5,0,0,5,2010,1000,83,0,83,0.04065217391304348
330000.0,3.0,1.0,1250,9126,1.0,0,0,3,1250,0,45,1,4,0.025
1003000.0,4.0,2.75,2290,6120,2.0,0,0,4,2170,120,88,1,21,0.34195652173913044
299800.0,2.0,1.0,790,5240,1.0,0,0,4,790,0,89,1,46,0.34195652173913044
299900.0,3.0,2.5,2720,6014,2.0,0,0,3,2720,0,12,0,12,0.03826086956521739
691000.0,4.0,2.75,2550,8632,1.0,0,0,3,1700,850,42,1,12,0.04065217391304348
195000.0,2.0,1.0,1080,3899,1.0,0,0,4,1080,0,42,0,42,0.012608695652173913
405000.0,3.0,1.75,2470,9620,1.0,0,1,4,1570,900,52,0,52,0.012608695652173913
360000.0,2.0,0.75,850,7710,1.0,0,2,5,550,300,105,1,26,0.34195652173913044
256750.0,3.0,2.5,1990,8991,1.0,0,0,3,1570,420,45,1,4,0.04021739130434782
332500.0,3.0,2.25,1800,10500,2.0,0,0,3,1800,0,19,0,19,0.020869565217391306
218000.0,3.0,1.0,1020,7874,1.0,0,0,3,1020,0,58,1,13,0.34195652173913044
429000.0,3.0,2.5,2420,49928,2.0,0,0,3,1860,560,29,0,29,0.04065217391304348
589000.0,4.0,2.5,2910,5776,2.0,0,2,3,2910,0,16,1,8,0.015434782608695652
255000.0,3.0,1.5,1060,9039,1.0,0,0,3,1060,0,41,1,1,0.06369565217391304
668750.0,4.0,2.5,2340,6420,1.0,0,2,3,1590,750,50,1,14,0.02673913043478261
344500.0,4.0,2.75,1800,5453,1.0,0,0,3,1050,750,12,0,12,0.06369565217391304
452000.0,4.0,2.0,1660,6150,1.0,0,0,3,850,810,69,1,4,0.34195652173913044
540000.0,3.0,1.75,1300,62290,1.0,0,0,3,1300,0,31,1,5,0.051086956521739134
246000.0,3.0,1.5,1780,23819,1.0,0,0,3,1780,0,61,0,61,0.34195652173913044
535000.0,2.0,1.0,1030,4841,1.0,0,0,3,920,110,75,1,45,0.34195652173913044
970000.0,4.0,3.25,2790,5420,1.0,0,3,3,1130,1660,51,1,1,0.02673913043478261
430000.0,3.0,1.0,1150,3000,1.0,0,0,5,1150,0,108,0,108,0.34195652173913044
520000.0,4.0,2.5,3290,11446,2.0,0,0,3,3290,0,22,0,22,0.014347826086956521
712000.0,4.0,2.5,3400,247421,2.0,0,0,3,3400,0,13,0,13,0.0015217391304347826
450000.0,2.0,1.0,1200,4000,1.0,0,0,3,1070,130,74,1,18,0.34195652173913044
220000.0,4.0,2.5,2160,8005,2.0,0,0,3,2160,0,21,0,21,0.0013043478260869566
525000.0,3.0,1.0,1450,4000,1.0,0,1,4,950,500,66,0,66,0.34195652173913044
540000.0,3.0,2.0,1470,1691,2.0,0,0,3,1000,470,7,0,7,0.34195652173913044
600000.0,4.0,2.5,2360,5226,2.0,0,0,3,2360,0,13,0,13,0.04065217391304348
600000.0,3.0,2.25,2230,9053,2.0,0,0,4,2230,0,27,0,27,0.06217391304347826
625000.0,4.0,2.5,2630,48706,2.0,0,0,3,2630,0,28,0,28,0.025
150000.0,3.0,1.0,1010,25000,1.0,0,0,3,1010,0,48,1,51,0.004782608695652174
389999.0,3.0,2.25,1445,1471,2.0,0,0,3,1300,145,11,0,11,0.04065217391304348
285000.0,3.0,1.75,2380,6000,1.5,0,0,3,1320,1060,79,1,40,0.34195652173913044
744000.0,4.0,2.75,2830,13059,2.0,0,0,3,2830,0,16,1,8,0.03804347826086957
700000.0,4.0,2.5,3010,46173,2.0,0,0,3,3010,0,18,0,18,0.051086956521739134
318989.0,4.0,2.25,2000,9000,1.0,0,0,4,2000,0,36,1,14,0.03217391304347826
556000.0,3.0,2.25,2020,3600,2.0,0,0,3,2020,0,16,1,8,0.04065217391304348
275000.0,3.0,2.5,2030,6326,2.0,0,0,3,2030,0,21,0,21,0.020869565217391306
430000.0,3.0,2.75,2550,11160,2.0,0,0,3,2550,0,20,0,20,0.02673913043478261
300000.0,2.0,1.0,970,13700,1.0,0,0,3,970,0,65,1,16,0.34195652173913044
396450.0,3.0,1.75,1540,12446,1.0,0,0,5,1540,0,47,0,47,0.04065217391304348
225000.0,2.0,1.0,1396,111949,1.0,0,0,3,1396,0,74,1,17,0.051086956521739134
700000.0,4.0,3.25,2780,7875,2.0,0,0,3,2780,0,8,0,8,0.34195652173913044
260000.0,6.0,2.0,2220,8797,1.0,0,0,3,2220,0,37,1,10,0.03826086956521739
655000.0,4.0,3.5,2350,13402,2.0,0,3,3,1670,680,20,0,20,0.04065217391304348
413800.0,3.0,2.0,1440,4421,1.0,0,0,3,1440,0,7,0,7,0.051086956521739134
334990.0,4.0,2.5,2220,4228,2.0,0,0,3,2220,0,0,0,0,0.34195652173913044
1030000.0,3.0,4.0,3880,13095,2.0,0,3,3,3700,180,5,0,5,0.04065217391304348
1130000.0,4.0,3.25,3810,8519,1.0,0,1,3,2680,1130,7,0,7,0.04065217391304348
556000.0,3.0,3.0,1960,1168,2.0,0,0,3,1600,360,7,0,7,0.04065217391304348
360000.0,3.0,2.5,1530,1131,3.0,0,0,3,1530,0,5,0,5,0.34195652173913044
480000.0,4.0,2.25,3250,34293,2.0,0,0,4,3250,0,31,0,31,0.04021739130434782
324000.0,3.0,2.5,1750,7208,2.0,0,0,3,1750,0,20,0,20,0.06369565217391304
1050000.0,4.0,3.25,3440,35021,2.0,0,0,3,3440,0,31,1,5,0.04065217391304348
275000.0,1.0,0.75,1170,14149,1.0,0,0,5,880,290,52,0,52,0.00608695652173913
180000.0,3.0,1.0,870,5330,1.0,0,0,3,870,0,45,1,0,0.009347826086956522
749000.0,4.0,2.5,2930,18199,2.0,0,0,3,2930,0,16,1,8,0.03804347826086957
373500.0,2.0,1.0,800,3330,1.0,0,0,3,800,0,96,0,96,0.34195652173913044
770000.0,4.0,2.5,2350,8001,2.0,0,0,4,2350,0,27,0,27,0.06217391304347826
356000.0,2.0,1.75,1060,16470,1.0,0,0,3,1060,0,37,1,10,0.025
625000.0,3.0,1.75,2060,12558,1.0,0,0,4,1350,710,30,0,30,0.051086956521739134
494400.0,2.0,1.75,1560,1750,1.0,0,0,4,780,780,110,0,110,0.34195652173913044
585000.0,4.0,1.75,3000,42200,1.0,0,3,3,1500,1500,64,1,9,0.06369565217391304
926300.0,3.0,1.5,1660,4800,2.0,0,0,3,1660,0,107,1,31,0.34195652173913044
600000.0,3.0,1.75,1650,5100,1.0,0,0,5,1040,610,106,0,106,0.34195652173913044
430000.0,4.0,3.0,3220,8936,2.0,0,0,3,2450,770,24,1,5,0.04021739130434782
307000.0,3.0,1.5,2320,7500,1.0,0,0,3,2320,0,38,0,38,0.009130434782608696
604700.0,4.0,2.75,2750,14982,1.0,0,3,3,1720,1030,33,1,1,0.012608695652173913
219900.0,3.0,1.0,910,6000,1.0,0,0,2,910,0,58,0,58,0.34195652173913044
270000.0,2.0,1.5,840,867,2.0,0,0,3,840,0,9,0,9,0.34195652173913044
432000.0,3.0,2.25,1470,1578,2.0,0,0,3,1090,380,7,0,7,0.34195652173913044
300000.0,6.0,2.0,2040,10812,1.0,0,0,4,2040,0,71,0,71,0.06369565217391304
361000.0,3.0,1.0,1100,4046,1.5,0,4,4,1100,0,92,0,92,0.012608695652173913
249950.0,2.0,1.0,940,8532,1.0,0,0,4,940,0,55,0,55,0.01608695652173913
320000.0,3.0,2.0,1110,10500,1.0,0,0,5,1110,0,36,0,36,0.010869565217391304
305000.0,4.0,1.75,2200,8100,1.5,0,0,5,1400,800,72,0,72,0.34195652173913044
503000.0,2.0,1.75,2860,59612,1.0,1,4,3,1510,1350,66,1,11,0.03217391304347826
235750.0,2.0,1.0,740,11250,1.0,0,0,2,740,0,76,0,76,0.34195652173913044
657000.0,4.0,1.75,2740,8520,1.0,0,2,3,1370,1370,60,1,9,0.34195652173913044
385000.0,3.0,1.0,1250,7300,1.0,0,0,4,1250,0,58,0,58,0.06217391304347826
389950.0,4.0,2.5,3140,8060,2.0,0,0,3,3140,0,23,0,23,0.03217391304347826
150000.0,2.0,1.0,820,10270,1.0,0,0,3,820,0,60,1,9,0.34195652173913044
254500.0,4.0,2.75,2570,7264,2.0,0,0,3,1720,850,16,1,8,0.03826086956521739
555000.0,4.0,2.25,2350,8140,1.0,0,0,4,1430,920,37,0,37,0.06217391304347826
1075000.0,4.0,3.0,3600,9200,1.0,0,4,4,2100,1500,38,1,22,0.06217391304347826
245000.0,4.0,2.0,1580,8000,1.0,0,0,3,1040,540,47,1,3,0.03217391304347826
319950.0,2.0,1.0,1070,5824,1.0,0,2,5,1070,0,65,0,65,0.34195652173913044
337000.0,3.0,1.0,1070,6109,1.0,0,0,5,1070,0,63,0,63,0.34195652173913044
492000.0,4.0,2.0,1640,5000,2.0,0,0,3,1640,0,107,1,31,0.34195652173913044
348580.0,3.0,1.0,1220,7876,1.0,0,0,3,1220,0,48,1,51,0.04065217391304348
180000.0,2.0,1.0,1400,4500,1.0,0,0,3,900,500,92,1,6,0.06369565217391304
400000.0,3.0,1.0,1040,6250,1.0,0,0,3,1040,0,72,1,15,0.34195652173913044
295000.0,4.0,2.0,980,10640,1.0,0,0,5,980,0,36,0,36,0.010869565217391304
910000.0,4.0,3.25,3340,10890,1.5,0,0,3,2240,1100,51,1,14,0.051086956521739134
431500.0,3.0,3.5,1900,1612,2.0,0,0,3,1430,470,6,0,6,0.34195652173913044
180000.0,4.0,1.5,1740,7292,1.0,0,0,3,1020,720,52,1,11,0.006304347826086957
677000.0,3.0,2.0,2000,3207,1.0,0,0,4,1100,900,98,0,98,0.34195652173913044
635700.0,4.0,2.5,3240,13978,1.0,0,0,3,1860,1380,37,1,10,0.03804347826086957
482000.0,5.0,2.25,2230,9600,1.0,0,0,3,1320,910,36,0,36,0.025
168000.0,2.0,2.5,1160,2174,2.0,0,0,3,1160,0,16,1,8,0.34195652173913044
805000.0,4.0,2.75,2410,6000,1.0,0,0,5,1410,1000,64,0,64,0.34195652173913044
398000.0,2.0,1.0,590,10945,1.5,0,0,3,590,0,31,1,5,0.001956521739130435
665000.0,4.0,2.5,2600,17388,2.0,0,0,3,2600,0,18,0,18,0.007173913043478261
592500.0,4.0,3.0,2170,8240,1.0,0,0,4,1370,800,46,0,46,0.051086956521739134
940000.0,4.0,2.75,2080,4000,1.5,0,0,3,2080,0,102,1,14,0.34195652173913044
655000.0,4.0,2.5,2860,12394,2.0,0,0,3,2860,0,15,0,15,0.03804347826086957
622500.0,4.0,2.5,2980,8107,2.0,0,0,3,2980,0,14,0,14,0.015434782608695652
380000.0,2.0,2.5,1230,987,2.0,0,0,3,1060,170,3,0,3,0.34195652173913044
648360.0,4.0,1.75,2260,7005,1.0,0,1,4,1130,1130,67,1,26,0.04065217391304348
432000.0,3.0,2.75,2200,14925,1.0,0,0,3,1100,1100,32,0,32,0.051086956521739134
1050000.0,4.0,2.5,3030,12590,1.5,0,0,4,3030,0,26,0,26,0.06217391304347826
353250.0,2.0,1.0,1060,1600,2.0,0,0,3,1060,0,35,1,0,0.34195652173913044
320000.0,3.0,2.25,998,844,2.0,0,0,3,798,200,7,0,7,0.34195652173913044
349900.0,4.0,2.5,2052,3723,2.0,0,0,3,2052,0,0,0,0,0.03217391304347826
330000.0,4.0,3.5,3150,6202,2.0,0,0,3,3150,0,9,0,9,0.04021739130434782
408000.0,3.0,2.25,1950,7221,1.0,0,0,4,1950,0,8,0,8,0.006304347826086957
321000.0,3.0,2.25,1347,1292,3.0,0,0,3,1347,0,4,0,4,0.34195652173913044
1051000.0,4.0,3.75,3860,5474,2.5,0,0,3,3860,0,7,0,7,0.04065217391304348
359000.0,3.0,1.5,1360,885,3.0,0,0,3,1360,0,6,0,6,0.34195652173913044
300000.0,5.0,2.5,2760,6000,2.0,0,0,3,2760,0,8,0,8,0.34195652173913044
380000.0,5.0,3.5,2420,4670,2.0,0,0,3,2420,0,1,1,91,0.34195652173913044
660000.0,3.0,2.5,2450,4332,2.0,0,0,3,2450,0,4,0,4,0.051086956521739134
355000.0,3.0,2.25,1280,959,3.0,0,0,3,1280,0,9,0,9,0.34195652173913044
259000.0,3.0,2.5,1550,3569,2.0,0,0,3,1550,0,3,0,3,0.03826086956521739
353000.0,1.0,1.0,550,1279,2.0,0,0,3,550,0,6,0,6,0.34195652173913044
430000.0,2.0,2.5,1520,1588,2.0,0,0,3,1240,280,7,0,7,0.34195652173913044
460000.0,3.0,1.0,1670,4005,1.5,0,0,4,1170,500,75,1,25,0.34195652173913044
80000.0,1.0,0.75,430,5050,1.0,0,0,2,430,0,102,0,102,0.004782608695652174
782000.0,4.0,2.5,2380,9614,2.0,0,0,4,2380,0,23,0,23,0.06217391304347826
218000.0,3.0,1.0,960,9633,1.0,0,0,5,960,0,32,0,32,0.00608695652173913
325000.0,3.0,1.0,1920,6862,1.0,0,2,3,1120,800,62,1,6,0.34195652173913044
980000.0,4.0,3.0,3680,5854,1.0,0,3,3,2060,1620,47,1,3,0.34195652173913044
902000.0,4.0,2.25,2530,9200,1.0,0,0,5,1570,960,38,0,38,0.06217391304347826
556000.0,5.0,2.5,3840,16905,2.0,0,0,3,3840,0,23,0,23,0.03217391304347826
662990.0,3.0,1.75,1240,3600,1.5,0,0,5,1240,0,88,0,88,0.34195652173913044
225000.0,2.0,1.0,1300,11867,1.5,0,0,4,1300,0,39,0,39,0.0015217391304347826
439950.0,4.0,2.5,2380,12067,2.0,0,0,3,2380,0,12,0,12,0.06369565217391304
175000.0,2.0,1.0,1300,44431,1.0,0,0,5,1300,0,56,0,56,0.03826086956521739
306000.0,2.0,1.0,780,13500,1.0,0,0,4,780,0,68,1,25,0.025
235000.0,4.0,2.5,1810,39639,1.0,0,0,3,1230,580,44,1,0,0.04021739130434782
399500.0,3.0,1.75,2420,12676,2.0,0,0,3,2420,0,103,1,28,0.010869565217391304
478000.0,3.0,1.0,1280,2580,1.5,0,0,3,1280,0,104,1,0,0.34195652173913044
515000.0,2.0,1.0,1680,6500,1.0,0,0,4,1140,540,73,1,16,0.34195652173913044
550000.0,3.0,2.5,2510,5400,2.0,0,0,3,2510,0,22,0,22,0.06369565217391304
149000.0,3.0,1.0,1700,8645,1.0,0,0,3,1700,0,59,1,9,0.34195652173913044
526000.0,3.0,1.75,1680,3420,1.0,0,0,3,960,720,22,0,22,0.34195652173913044
527550.0,1.0,0.75,820,59677,1.0,0,0,3,820,0,15,0,15,0.015434782608695652
625000.0,3.0,2.5,2600,10092,1.0,0,0,3,2600,0,30,0,30,0.03804347826086957
950000.0,5.0,3.25,3400,7452,2.0,0,0,3,3400,0,15,0,15,0.06217391304347826
377691.0,5.0,1.75,2120,8399,1.0,0,0,4,1320,800,72,1,32,0.02673913043478261
648475.0,4.0,2.75,2250,5700,1.0,0,0,3,1200,1050,63,1,20,0.34195652173913044
383000.0,3.0,1.0,1800,5612,1.0,0,0,4,1200,600,72,1,32,0.34195652173913044
535000.0,3.0,2.5,2210,7620,2.0,0,0,3,2210,0,20,0,20,0.051086956521739134
449950.0,3.0,2.0,1560,4080,2.0,0,0,3,1560,0,91,1,32,0.34195652173913044
465425.0,4.0,2.75,2430,20720,1.0,0,0,3,2430,0,47,1,3,0.025
675000.0,4.0,2.5,2560,36601,2.0,0,0,4,2560,0,27,0,27,0.03804347826086957
599000.0,3.0,2.75,1960,2500,1.5,0,0,5,1410,550,88,0,88,0.34195652173913044
416000.0,3.0,1.5,1110,9762,1.0,0,0,4,1110,0,51,0,51,0.051086956521739134
595000.0,2.0,1.5,1030,4500,1.0,0,0,3,830,200,90,1,3,0.34195652173913044
200000.0,4.0,1.0,1350,11507,1.0,0,0,3,1350,0,48,1,51,0.06369565217391304
402000.0,3.0,2.0,1540,1827,2.0,0,0,3,1540,0,9,0,9,0.04065217391304348
433000.0,4.0,1.75,1830,9600,1.0,0,0,4,1010,820,48,0,48,0.06217391304347826
275000.0,4.0,1.5,1930,15531,2.0,0,0,3,1930,0,35,1,0,0.03217391304347826
410000.0,3.0,2.0,1650,9641,1.5,0,0,3,1650,0,31,1,5,0.04065217391304348
554820.0,4.0,2.0,3510,12905,1.0,0,2,3,2210,1300,49,1,32,0.01608695652173913
735000.0,3.0,2.5,2390,9157,2.0,0,0,3,2390,0,30,0,30,0.051086956521739134
607000.0,3.0,1.0,1230,8114,1.0,0,0,4,1230,0,63,1,15,0.06217391304347826
549900.0,4.0,3.0,2830,213879,2.0,0,0,4,2830,0,27,0,27,0.03826086956521739
258000.0,3.0,1.75,1620,7540,1.0,0,0,3,1310,310,26,1,14,0.020869565217391306
661254.0,4.0,4.0,2290,6250,1.5,0,0,5,1690,600,74,0,74,0.34195652173913044
945000.0,4.0,2.0,2840,13367,1.0,0,0,3,1420,1420,62,1,6,0.002391304347826087
132500.0,3.0,1.0,1080,10500,1.0,0,0,3,1080,0,47,1,3,0.03826086956521739
467100.0,3.0,1.75,1620,8645,1.0,0,0,3,1190,430,41,1,1,0.051086956521739134
641000.0,3.0,1.75,1620,3975,1.0,0,0,5,940,680,88,0,88,0.34195652173913044
350000.0,3.0,1.0,1010,11244,1.0,0,0,4,1010,0,67,1,26,0.02673913043478261
335000.0,4.0,2.5,1750,8476,1.0,0,0,4,1240,510,31,0,31,0.06369565217391304
900000.0,3.0,3.5,4080,217697,1.5,0,3,3,4080,0,14,0,14,0.03826086956521739
440000.0,4.0,2.5,2560,10400,1.0,0,0,4,1280,1280,49,0,49,0.04065217391304348
464600.0,3.0,1.75,1120,5500,1.5,0,0,4,1120,0,89,1,46,0.34195652173913044
300000.0,2.0,1.0,1340,7788,1.0,0,2,3,1340,0,67,1,2,0.34195652173913044
670500.0,4.0,2.0,1590,6750,1.0,0,0,3,1590,0,63,1,20,0.34195652173913044
552000.0,3.0,1.0,1430,5000,1.0,0,0,4,1080,350,95,1,29,0.34195652173913044
244000.0,4.0,1.0,1450,8960,1.0,0,0,3,1450,0,71,1,12,0.34195652173913044
788600.0,4.0,2.75,3500,7200,2.0,0,0,3,3500,0,9,0,9,0.051086956521739134
445000.0,3.0,2.0,1630,8702,1.0,0,0,3,1630,0,27,1,14,0.06369565217391304
530000.0,4.0,1.75,1814,5000,1.0,0,0,4,944,870,63,1,15,0.34195652173913044
90000.0,2.0,1.0,580,7500,1.0,0,0,3,580,0,71,1,12,0.34195652173913044
585000.0,3.0,2.0,1670,4572,1.5,0,0,3,1670,0,83,0,83,0.34195652173913044
498000.0,2.0,2.0,1140,8282,1.0,0,0,3,1140,0,90,1,5,0.04065217391304348
379000.0,2.0,1.0,800,6380,1.0,0,2,3,800,0,74,1,18,0.34195652173913044
462000.0,3.0,1.75,1300,2580,1.0,0,0,5,820,480,95,1,80,0.34195652173913044
388000.0,4.0,2.5,2440,7155,2.0,0,0,3,2440,0,21,0,21,0.06369565217391304
255000.0,3.0,2.0,1490,8371,1.5,0,0,3,1490,0,30,0,30,0.04021739130434782
665000.0,3.0,2.75,1800,9550,1.0,0,0,4,1320,480,48,0,48,0.06217391304347826
550000.0,3.0,2.0,1830,9152,1.0,0,0,5,1830,0,55,0,55,0.06217391304347826
606000.0,3.0,1.0,1500,3920,1.0,0,0,3,1000,500,67,1,2,0.34195652173913044
334000.0,4.0,2.5,2210,6080,1.0,0,2,4,1410,800,49,0,49,0.34195652173913044
360000.0,3.0,2.0,1270,1323,3.0,0,0,3,1270,0,8,0,8,0.34195652173913044
235000.0,2.0,1.0,1140,1730,1.5,0,0,3,1010,130,7,0,7,0.34195652173913044
580000.0,3.0,2.5,1620,1173,3.0,0,4,3,1470,150,6,0,6,0.34195652173913044
355000.0,3.0,2.0,1220,1186,3.0,0,0,3,1220,0,7,0,7,0.34195652173913044
375000.0,2.0,2.5,750,1430,2.0,0,0,3,750,0,8,0,8,0.34195652173913044
372000.0,4.0,1.75,1960,9300,1.0,0,0,5,1340,620,35,0,35,0.010869565217391304
479000.0,3.0,1.0,1370,3000,1.5,0,0,3,1370,0,90,1,3,0.34195652173913044
501000.0,2.0,1.0,1010,4320,1.0,0,0,5,1010,0,90,1,58,0.34195652173913044
245000.0,3.0,1.75,1260,6908,1.0,0,0,3,1260,0,20,0,20,0.020869565217391306
496700.0,3.0,2.5,1740,5782,2.0,0,0,4,1740,0,25,0,25,0.04065217391304348
347000.0,4.0,1.5,2670,10026,2.0,0,0,3,2670,0,18,0,18,0.03826086956521739
199000.0,2.0,1.0,720,7200,1.0,0,0,5,720,0,71,0,71,0.06369565217391304
440500.0,3.0,2.5,2460,4399,2.0,0,0,3,2460,0,7,0,7,0.015434782608695652
820000.0,4.0,2.5,3670,7000,2.0,0,0,3,3670,0,9,0,9,0.03804347826086957
325000.0,4.0,3.5,2630,3435,1.5,0,3,3,1640,990,30,0,30,0.006304347826086957
195000.0,3.0,1.75,1570,8459,1.0,0,0,3,1570,0,23,0,23,0.00608695652173913
675000.0,3.0,3.0,2980,28000,1.0,0,0,3,1820,1160,33,1,1,0.051086956521739134
295000.0,3.0,2.5,1560,4200,2.0,0,0,3,1560,0,11,0,11,0.020869565217391306
355300.0,3.0,2.5,1620,7410,1.0,0,0,5,1620,0,59,0,59,0.02673913043478261
276000.0,3.0,1.0,1140,5000,1.0,0,0,3,1140,0,54,1,2,0.34195652173913044
460000.0,2.0,1.5,2730,19877,1.0,0,0,4,1570,1160,38,1,22,0.009130434782608696
880000.0,3.0,2.0,2130,35169,1.0,0,0,4,2130,0,25,0,25,0.025
370000.0,3.0,2.5,1780,4050,2.0,0,0,3,1780,0,13,0,13,0.02673913043478261
346000.0,4.0,2.5,2100,3916,2.0,0,0,3,2100,0,5,0,5,0.06369565217391304
172500.0,3.0,1.0,1140,8800,1.0,0,0,3,1140,0,42,1,12,0.03826086956521739
379950.0,3.0,1.5,1690,9144,1.0,0,0,4,1140,550,58,0,58,0.014347826086956521
468000.0,2.0,1.0,1160,6000,1.0,0,0,4,860,300,72,1,32,0.34195652173913044
477000.0,4.0,2.75,1720,6270,2.0,0,0,3,1720,0,36,0,36,0.34195652173913044
529000.0,3.0,1.0,1210,3328,1.5,0,0,4,1210,0,90,0,90,0.34195652173913044
312000.0,3.0,1.5,1255,1374,3.0,0,0,3,1255,0,10,1,11,0.34195652173913044
326100.0,2.0,1.0,880,7683,1.0,0,0,3,880,0,72,1,15,0.34195652173913044
360000.0,3.0,1.0,1050,9206,1.5,0,0,3,1050,0,60,1,9,0.34195652173913044
438000.0,3.0,1.75,1650,12940,1.0,0,0,4,1650,0,53,1,13,0.014347826086956521
360000.0,3.0,1.0,1570,9467,1.0,0,0,3,1570,0,60,1,9,0.02673913043478261
1050000.0,4.0,2.5,2920,7200,1.0,0,3,3,1470,1450,93,1,8,0.34195652173913044
688000.0,4.0,3.0,3000,4000,1.5,0,3,3,1970,1030,101,1,0,0.34195652173913044
585000.0,3.0,1.75,1850,7735,1.0,0,0,4,1850,0,31,0,31,0.04065217391304348
265000.0,3.0,2.5,1440,7741,1.0,0,0,4,1000,440,31,0,31,0.04021739130434782
375000.0,3.0,1.75,1440,8775,1.0,0,0,3,1440,0,41,1,1,0.04065217391304348
326500.0,3.0,1.0,1810,12375,2.0,0,0,3,1810,0,44,1,0,0.025
160000.0,2.0,1.0,1180,9350,1.0,0,0,3,1180,0,96,0,96,0.34195652173913044
735000.0,5.0,2.75,3390,5211,2.0,0,0,3,3390,0,10,1,11,0.03804347826086957
400000.0,2.0,1.0,1470,6120,1.0,0,0,2,1470,0,74,0,74,0.34195652173913044
800000.0,4.0,2.5,2680,7200,1.0,0,0,3,1380,1300,62,1,1,0.04065217391304348
949880.0,4.0,2.25,2290,10687,2.0,0,0,3,2290,0,36,0,36,0.06217391304347826
405000.0,3.0,1.75,1980,8100,1.0,0,0,4,1310,670,65,1,29,0.02673913043478261
399000.0,4.0,2.5,2870,9292,2.0,0,0,3,2540,330,35,1,0,0.06369565217391304
730001.0,3.0,2.0,1840,4750,1.0,0,0,5,1010,830,63,0,63,0.34195652173913044
260000.0,3.0,2.0,1630,8018,1.0,0,0,3,1630,0,11,0,11,0.0013043478260869566
751750.0,2.0,2.0,1880,5400,1.5,0,0,3,1880,0,112,0,112,0.34195652173913044
325000.0,3.0,1.75,1780,13095,1.0,0,0,4,1780,0,31,0,31,0.04021739130434782
344950.0,4.0,2.0,2330,6250,1.0,0,0,4,1400,930,73,1,16,0.04021739130434782
457500.0,3.0,1.75,1840,4030,1.0,0,0,5,1050,790,89,0,89,0.34195652173913044
389000.0,5.0,2.0,2330,10750,1.0,0,0,4,1190,1140,52,0,52,0.014347826086956521
515000.0,4.0,2.5,3200,6473,2.0,0,0,3,3200,0,9,0,9,0.06369565217391304
732000.0,3.0,2.5,2330,1987,2.0,0,4,3,1410,920,10,1,11,0.34195652173913044
415000.0,3.0,2.25,1950,8868,1.0,0,0,3,1350,600,50,1,14,0.02673913043478261
535000.0,2.0,1.0,1040,5527,1.0,0,0,3,1040,0,63,1,20,0.34195652173913044
540000.0,4.0,4.25,1960,3565,2.0,0,0,3,1960,0,74,1,11,0.34195652173913044
525000.0,5.0,3.0,2750,3800,1.5,0,0,5,1750,1000,88,0,88,0.34195652173913044
570000.0,3.0,1.75,1930,36210,1.0,0,0,3,1930,0,37,1,10,0.025
283200.0,4.0,2.5,1982,6406,2.0,0,0,3,1982,0,10,1,11,0.04021739130434782
1100000.0,3.0,2.75,2640,4050,1.5,0,0,5,1750,890,88,0,88,0.34195652173913044
830000.0,4.0,2.5,1850,50662,1.0,0,0,3,1430,420,36,0,36,0.051086956521739134
495000.0,4.0,2.25,1940,9144,1.0,0,0,4,1430,510,58,0,58,0.06217391304347826
292050.0,5.0,3.0,2840,7199,1.0,0,0,3,1710,1130,11,0,11,0.006304347826086957
415000.0,5.0,1.5,1900,10226,1.0,0,0,3,1130,770,53,1,10,0.04065217391304348
295832.0,5.0,1.0,1410,6400,1.0,0,0,5,960,450,59,0,59,0.012608695652173913
450000.0,4.0,2.5,2520,8515,2.0,0,0,3,2520,0,15,0,15,0.009130434782608696
857000.0,4.0,3.0,3720,29043,2.0,0,0,3,3720,0,23,0,23,0.04065217391304348
499950.0,3.0,3.5,1820,1501,2.0,0,0,3,1430,390,0,0,0,0.34195652173913044
465000.0,3.0,2.0,1560,8640,1.0,0,0,5,1560,0,47,0,47,0.04065217391304348
329000.0,3.0,1.0,1600,5952,1.0,0,0,4,1150,450,50,0,50,0.34195652173913044
475000.0,3.0,2.0,1230,11502,1.0,0,0,4,1230,0,30,0,30,0.051086956521739134
255000.0,3.0,1.0,960,8100,1.0,0,0,3,960,0,59,1,9,0.02673913043478261
435000.0,3.0,1.0,1270,4000,1.5,0,2,3,1270,0,86,1,60,0.34195652173913044
685000.0,3.0,2.5,2810,7700,2.0,0,0,3,2810,0,13,0,13,0.06217391304347826
715000.0,2.0,2.5,2160,5581,1.0,0,0,3,2160,0,12,0,12,0.051086956521739134
780000.0,3.0,3.0,2520,2152,1.5,0,0,3,1560,960,89,1,8,0.34195652173913044
345000.0,2.0,1.5,1180,844,2.0,0,0,3,990,190,9,0,9,0.34195652173913044
355000.0,4.0,2.25,1810,4970,2.0,0,0,3,1810,0,11,0,11,0.06369565217391304
282000.0,3.0,2.5,1680,15711,1.0,0,0,3,1240,440,20,0,20,0.04021739130434782
244000.0,3.0,1.0,910,5250,1.0,0,0,4,910,0,43,0,43,0.01608695652173913
967500.0,3.0,3.75,3250,5797,2.0,0,2,4,2370,880,63,1,15,0.34195652173913044
375000.0,3.0,1.5,2000,7294,1.0,0,0,3,1520,480,49,1,21,0.34195652173913044
527500.0,3.0,1.75,2310,78844,1.0,0,0,3,1760,550,37,1,10,0.04065217391304348
994000.0,3.0,2.25,2510,6339,1.5,0,2,5,1810,700,82,1,12,0.34195652173913044
313000.0,3.0,1.75,1320,6205,1.0,0,0,5,1320,0,66,1,29,0.02673913043478261
587000.0,3.0,2.25,2370,217800,2.0,0,0,3,2370,0,35,1,0,0.051086956521739134
304000.0,3.0,1.0,900,7500,1.0,0,0,4,900,0,42,0,42,0.04065217391304348
675000.0,3.0,2.5,2540,7680,2.0,0,1,4,2540,0,74,1,13,0.34195652173913044
305000.0,4.0,1.0,2100,9288,1.0,0,0,4,1050,1050,46,0,46,0.06369565217391304
280000.0,3.0,1.0,1200,6250,1.0,0,0,3,920,280,71,1,12,0.34195652173913044
960000.0,5.0,4.0,3720,15200,2.0,0,0,3,3720,0,9,0,9,0.03804347826086957
500000.0,3.0,2.25,1760,4539,2.0,0,0,3,1760,0,26,1,14,0.04065217391304348
274950.0,3.0,1.75,1670,7415,1.0,0,0,3,1320,350,27,1,14,0.009347826086956522
455600.0,3.0,2.5,2420,8252,2.0,0,0,3,2420,0,16,1,8,0.015434782608695652
970000.0,5.0,3.0,3480,15185,2.0,0,0,4,3480,0,50,0,50,0.018695652173913044
312900.0,4.0,2.5,1630,4473,2.0,0,0,3,1630,0,11,0,11,0.020869565217391306
535000.0,4.0,2.5,2340,5600,2.0,0,0,3,2340,0,93,1,1,0.34195652173913044
427000.0,2.0,1.0,920,3780,1.0,0,0,3,920,0,104,1,8,0.34195652173913044
405000.0,2.0,1.0,910,6490,1.0,0,0,3,910,0,72,1,15,0.34195652173913044
480000.0,3.0,1.0,1150,4945,1.0,0,2,3,1150,0,71,1,12,0.34195652173913044
725000.0,3.0,1.5,2500,4774,1.5,0,2,3,1450,1050,74,1,18,0.34195652173913044
293000.0,4.0,2.5,3250,235063,1.0,0,2,3,3250,0,41,1,1,0.03826086956521739
268000.0,4.0,2.0,1930,6600,1.0,0,0,4,1030,900,47,0,47,0.01608695652173913
475000.0,4.0,3.5,3400,234352,2.0,0,0,3,2500,900,23,0,23,0.006304347826086957
488000.0,3.0,2.5,1590,2550,3.0,0,0,3,1590,0,29,0,29,0.34195652173913044
760000.0,4.0,2.5,3330,7399,2.0,0,0,3,3330,0,5,0,5,0.051086956521739134
754950.0,3.0,2.5,2610,7256,2.0,0,0,3,2610,0,0,0,0,0.04065217391304348
263900.0,3.0,2.5,1658,2700,2.0,0,0,3,1658,0,0,0,0,0.012608695652173913
460000.0,3.0,3.5,1600,1431,2.0,0,0,3,1240,360,8,0,8,0.34195652173913044
399950.0,3.0,3.0,1296,1051,3.0,0,0,3,1296,0,5,0,5,0.34195652173913044
370000.0,2.0,2.25,1280,835,2.0,0,0,3,1080,200,5,0,5,0.34195652173913044
450800.0,4.0,3.25,2510,5311,2.0,0,0,3,2510,0,5,0,5,0.06369565217391304
627000.0,3.0,3.5,2710,3475,2.0,0,0,3,1650,1060,9,0,9,0.04065217391304348
495000.0,3.0,2.5,1750,1548,3.0,0,0,3,1750,0,1,1,91,0.34195652173913044
310000.0,3.0,1.0,1430,19901,1.5,0,0,4,1430,0,87,0,87,0.014347826086956521
550000.0,4.0,1.0,1660,34848,1.0,0,0,1,930,730,81,0,81,0.051086956521739134
215000.0,2.0,1.0,1320,8865,1.0,0,0,4,1320,0,71,0,71,0.01608695652173913
799000.0,4.0,3.0,2580,209523,2.0,0,0,3,2580,0,30,0,30,0.051086956521739134
630000.0,4.0,2.5,2740,43101,2.0,0,0,3,2740,0,21,0,21,0.025
267000.0,3.0,2.5,2495,4400,2.0,0,0,3,2495,0,7,0,7,0.03217391304347826
900000.0,6.0,2.75,2300,24773,1.5,0,0,4,2300,0,64,1,29,0.018695652173913044
365000.0,3.0,1.5,1300,12240,1.0,0,0,3,1300,0,51,1,6,0.014347826086956521
544500.0,4.0,2.5,2230,10414,1.0,0,0,5,1450,780,40,0,40,0.04065217391304348
599000.0,4.0,2.75,2020,2750,1.0,0,0,3,1010,1010,97,1,0,0.34195652173913044
815000.0,4.0,2.25,2000,3800,2.0,0,0,3,2000,0,13,0,13,0.34195652173913044
254000.0,2.0,1.0,1060,8187,1.0,0,0,4,1060,0,62,0,62,0.02673913043478261
740000.0,2.0,1.75,2080,4800,1.0,0,0,5,1080,1000,91,0,91,0.34195652173913044
225000.0,3.0,2.0,2030,24829,1.0,0,0,4,1220,810,35,0,35,0.03826086956521739
925000.0,3.0,2.5,2690,7000,2.0,0,0,5,1840,850,71,0,71,0.34195652173913044
537000.0,3.0,2.5,1550,12920,2.0,0,0,5,1550,0,15,0,15,0.04065217391304348
335000.0,4.0,2.0,1480,3132,1.0,0,0,5,740,740,104,0,104,0.34195652173913044
840000.0,4.0,2.75,3040,2800,2.0,0,0,3,2100,940,108,1,0,0.34195652173913044
224000.0,3.0,1.5,1560,7300,1.0,0,0,4,1040,520,50,0,50,0.03826086956521739
395000.0,3.0,2.5,2250,3757,2.0,0,0,3,2250,0,8,0,8,0.06369565217391304
450000.0,3.0,1.0,1100,4600,1.0,0,0,3,1100,0,97,1,5,0.34195652173913044
681000.0,3.0,1.0,1700,6356,1.5,0,0,3,1700,0,107,1,31,0.34195652173913044
898000.0,5.0,1.5,2680,28014,1.0,0,0,4,1450,1230,51,0,51,0.06217391304347826
370000.0,3.0,1.0,800,2296,1.0,0,0,4,800,0,106,0,106,0.34195652173913044
429000.0,2.0,1.75,1350,6315,1.0,0,0,3,1350,0,9,0,9,0.051086956521739134
150000.0,3.0,1.0,820,7680,1.5,0,0,3,820,0,104,1,8,0.34195652173913044
555000.0,3.0,2.5,3160,4270,2.0,0,0,3,2650,510,8,0,8,0.007173913043478261
326000.0,3.0,2.75,1720,28000,1.0,0,0,4,1720,0,56,1,42,0.06369565217391304
225000.0,3.0,2.5,1680,6755,2.0,0,0,3,1680,0,20,0,20,0.03826086956521739
245100.0,3.0,1.75,1300,7958,1.0,0,0,3,1300,0,18,0,18,0.03826086956521739
665000.0,3.0,2.5,2190,10370,2.0,0,0,3,2190,0,27,1,14,0.03804347826086957
535000.0,3.0,2.5,1720,4006,2.0,0,0,3,1720,0,20,0,20,0.04065217391304348
305000.0,3.0,1.0,1160,11776,1.0,0,0,3,1160,0,46,1,17,0.025
999000.0,7.0,4.0,3150,34830,1.0,0,0,3,3150,0,57,1,9,0.06217391304347826
215000.0,3.0,1.75,1210,8075,1.0,0,0,4,1210,0,31,0,31,0.0013043478260869566
432500.0,3.0,1.75,1980,5100,1.0,0,0,3,1270,710,49,1,21,0.34195652173913044
655000.0,4.0,2.5,2990,5669,2.0,0,0,3,2990,0,11,0,11,0.03804347826086957
266200.0,3.0,1.5,1430,9600,1.0,0,0,4,1430,0,48,0,48,0.06369565217391304
244615.0,3.0,2.5,2060,4030,2.0,0,0,3,2060,0,15,0,15,0.04021739130434782
460000.0,4.0,3.0,2230,52983,2.0,0,0,3,2230,0,23,0,23,0.04021739130434782
370000.0,4.0,2.5,3090,18645,2.0,0,0,3,3090,0,19,0,19,0.03217391304347826
189000.0,2.0,2.0,1700,3171,1.0,0,0,5,850,850,87,0,87,0.03826086956521739
820000.0,3.0,2.5,2510,5503,2.0,0,2,3,2510,0,19,0,19,0.34195652173913044
968000.0,6.0,2.75,3610,17580,1.0,0,4,5,2070,1540,55,0,55,0.03804347826086957
438750.0,3.0,1.75,1610,6480,1.0,0,0,4,1610,0,67,1,26,0.34195652173913044
600000.0,4.0,2.0,2510,38141,1.0,0,0,3,2510,0,54,1,2,0.04065217391304348
589000.0,3.0,1.0,1110,6000,1.5,0,0,5,1110,0,82,1,12,0.34195652173913044
590000.0,3.0,2.0,1650,6150,2.0,0,0,4,1650,0,88,1,21,0.34195652173913044
479900.0,3.0,2.0,1980,12150,1.0,0,0,3,1980,0,20,0,20,0.04021739130434782
210000.0,2.0,1.5,880,1157,2.0,0,0,3,880,0,7,0,7,0.34195652173913044
745000.0,3.0,1.75,1490,9800,1.0,0,0,4,1140,350,67,1,26,0.0002173913043478261
840500.0,3.0,2.0,2520,5400,1.5,0,0,4,1410,1110,108,1,24,0.34195652173913044
420000.0,3.0,1.75,1820,22320,1.0,0,0,3,1250,570,37,1,10,0.051086956521739134
565000.0,7.0,4.5,4140,9066,1.0,0,0,3,2070,2070,36,0,36,0.34195652173913044
840000.0,4.0,2.5,3420,8405,2.0,0,0,3,3420,0,14,0,14,0.03804347826086957
681716.0,4.0,2.5,3150,7277,2.0,0,0,3,3150,0,8,0,8,0.06369565217391304
600000.0,3.0,1.75,1580,7416,1.0,0,0,3,1150,430,47,1,3,0.06217391304347826
380000.0,3.0,2.0,1660,8281,1.0,0,0,3,1660,0,65,1,16,0.34195652173913044
168500.0,3.0,1.0,1100,10125,1.0,0,0,3,1100,0,45,1,4,0.009347826086956522
355000.0,2.0,1.0,1270,3200,1.0,0,0,4,960,310,94,0,94,0.34195652173913044
277000.0,4.0,1.0,1450,6250,1.0,0,0,3,990,460,50,1,14,0.34195652173913044
236000.0,4.0,2.25,1830,9485,1.0,0,0,4,1200,630,25,0,25,0.03217391304347826
270000.0,3.0,1.75,1300,4127,1.0,0,0,4,650,650,96,1,61,0.34195652173913044
700000.0,2.0,1.75,2320,5500,1.5,0,2,3,1720,600,89,1,14,0.34195652173913044
425000.0,4.0,2.75,1680,9545,1.0,0,0,4,1080,600,35,0,35,0.014347826086956521
635000.0,3.0,2.5,2300,5500,1.5,0,0,4,2000,300,93,0,93,0.34195652173913044
510250.0,3.0,1.75,1400,4000,1.0,0,0,3,870,530,63,1,20,0.34195652173913044
960000.0,4.0,2.25,2410,4560,2.0,0,2,5,1800,610,85,0,85,0.34195652173913044
254000.0,3.0,2.0,1480,7480,1.0,0,0,4,1480,0,22,0,22,0.020869565217391306
299000.0,3.0,1.0,1390,9624,1.5,0,0,4,1390,0,60,1,35,0.02673913043478261
175000.0,2.0,1.0,830,2699,1.0,0,0,3,830,0,18,0,18,0.020869565217391306
157500.0,2.0,1.0,740,9003,1.0,0,0,3,740,0,65,1,16,0.04021739130434782
580000.0,5.0,2.0,1940,6000,1.0,0,0,5,970,970,69,0,69,0.34195652173913044
124740.0,3.0,1.0,1340,15600,1.0,0,0,4,1340,0,36,1,14,0.04021739130434782
285000.0,2.0,1.0,800,6240,1.0,0,0,3,800,0,60,1,9,0.34195652173913044
242000.0,3.0,1.75,1310,9645,1.0,0,0,3,1310,0,35,1,0,0.006304347826086957
840000.0,4.0,1.75,2330,4000,2.0,0,0,5,1300,1030,90,1,58,0.34195652173913044
474800.0,2.0,3.25,1400,1243,3.0,0,0,3,1400,0,14,0,14,0.34195652173913044
490000.0,4.0,2.5,2360,4367,2.0,0,0,3,2360,0,11,0,11,0.025
465000.0,3.0,2.25,1840,5752,2.0,0,0,3,1840,0,11,0,11,0.04065217391304348
515000.0,4.0,2.5,2680,7178,2.0,0,0,3,2680,0,10,1,11,0.015434782608695652
430000.0,3.0,3.75,3890,7140,1.0,0,2,3,2390,1500,71,1,7,0.34195652173913044
253400.0,3.0,2.0,1400,8640,1.0,0,0,5,1400,0,46,0,46,0.03217391304347826
355000.0,3.0,2.5,2400,9701,1.0,0,0,3,2400,0,24,1,5,0.03217391304347826
740000.0,4.0,2.25,2920,46355,2.0,0,0,4,2920,0,16,0,16,0.002391304347826087
186950.0,2.0,2.0,1390,1302,2.0,0,0,3,1390,0,28,0,28,0.03217391304347826
306000.0,3.0,2.5,1680,11193,2.0,0,0,3,1680,0,30,0,30,0.06369565217391304
510000.0,4.0,1.5,2040,8800,1.0,0,0,4,1020,1020,53,1,13,0.06217391304347826
345000.0,2.0,1.0,1080,4000,1.0,0,0,3,1080,0,74,1,18,0.34195652173913044
875000.0,3.0,2.75,2280,4280,1.0,0,0,5,1280,1000,97,0,97,0.34195652173913044
499950.0,4.0,2.5,2798,4473,2.0,0,0,3,2798,0,2,1,102,0.06369565217391304
739000.0,3.0,2.5,2810,5400,2.0,0,0,3,2810,0,9,0,9,0.051086956521739134
363000.0,4.0,2.5,3753,7204,2.0,0,0,3,3336,417,6,0,6,0.03217391304347826
782000.0,4.0,3.5,3910,8095,2.0,0,0,3,3130,780,7,0,7,0.04065217391304348
325000.0,2.0,2.5,1050,1609,2.0,0,0,3,1050,0,9,0,9,0.34195652173913044
485000.0,4.0,1.0,1600,4300,1.5,0,0,4,1600,0,98,0,98,0.34195652173913044
452000.0,4.0,2.25,2590,10002,1.0,0,0,4,1340,1250,46,0,46,0.014347826086956521
264950.0,4.0,2.25,1720,9753,1.0,0,0,4,1120,600,36,1,14,0.03217391304347826
267500.0,3.0,1.75,1590,11914,1.0,0,2,3,1090,500,57,1,14,0.006304347826086957
565000.0,4.0,2.5,2440,22594,2.0,0,0,3,2440,0,18,0,18,0.051086956521739134
535000.0,3.0,2.5,1360,1016,3.0,0,0,3,1310,50,11,0,11,0.34195652173913044
389000.0,2.0,1.0,910,7000,1.0,0,0,3,910,0,62,1,6,0.34195652173913044
400000.0,4.0,1.5,1390,7200,1.0,0,0,3,1140,250,49,1,21,0.34195652173913044
264000.0,3.0,1.5,1470,14821,1.0,0,0,4,1470,0,56,1,42,0.04021739130434782
690000.0,4.0,2.5,2920,9904,2.0,0,0,4,2920,0,24,0,24,0.04065217391304348
412000.0,3.0,1.75,1950,52256,1.0,0,0,4,1950,0,29,0,29,0.04021739130434782
695000.0,3.0,2.5,2390,4555,2.0,0,0,3,2390,0,8,0,8,0.03804347826086957
246500.0,3.0,1.5,1270,11600,1.0,0,0,4,1270,0,50,0,50,0.04021739130434782
230000.0,2.0,1.0,950,7560,1.0,0,0,3,950,0,56,1,10,0.06369565217391304
302000.0,2.0,1.0,900,423838,1.0,0,2,5,900,0,89,0,89,0.00608695652173913
820000.0,4.0,2.25,2280,6660,1.5,0,2,3,1960,320,74,1,30,0.34195652173913044
145000.0,3.0,1.0,1010,5490,1.0,0,0,3,1010,0,60,1,9,0.006304347826086957
436500.0,2.0,1.0,1260,5000,1.0,0,0,3,1040,220,63,1,20,0.34195652173913044
672000.0,3.0,2.5,2620,21587,2.0,0,0,3,2620,0,22,0,22,0.051086956521739134
680000.0,3.0,2.25,2330,4000,1.5,0,2,5,1520,810,87,0,87,0.34195652173913044
750500.0,5.0,3.0,2170,2440,1.5,0,0,4,1450,720,103,1,48,0.34195652173913044
550000.0,5.0,2.0,2450,9488,1.0,0,0,4,1240,1210,114,1,59,0.34195652173913044
266500.0,4.0,1.75,1880,7632,1.0,0,0,4,1180,700,36,1,14,0.03217391304347826
619000.0,4.0,2.0,2300,3400,1.5,0,0,5,1550,750,99,0,99,0.34195652173913044
405000.0,3.0,2.0,1240,14404,1.0,0,0,3,1240,0,26,1,14,0.051086956521739134
300000.0,2.0,1.0,820,3844,1.0,0,0,4,820,0,98,0,98,0.34195652173913044
231000.0,4.0,2.0,1530,6375,2.0,0,0,3,1530,0,72,1,31,0.06369565217391304
790000.0,5.0,3.25,2900,12160,1.0,0,0,4,1890,1010,47,0,47,0.06217391304347826
400000.0,4.0,2.75,1240,3867,1.0,0,0,3,800,440,27,1,14,0.34195652173913044
950000.0,4.0,3.5,4140,13392,2.0,0,0,3,4140,0,14,0,14,0.007173913043478261
450000.0,4.0,2.0,2240,7725,1.0,0,0,5,1120,1120,58,0,58,0.34195652173913044
595000.0,3.0,2.0,1480,5000,1.0,0,0,4,750,730,86,0,86,0.34195652173913044
332000.0,3.0,2.25,2270,8876,1.0,0,0,3,1380,890,37,1,10,0.06369565217391304
155000.0,3.0,1.0,1250,6250,1.0,0,0,2,1030,220,65,0,65,0.34195652173913044
400000.0,5.0,2.0,1930,9747,1.0,0,0,4,1020,910,52,0,52,0.014347826086956521
349000.0,4.0,1.75,1700,7800,1.0,0,0,5,1120,580,33,0,33,0.06369565217391304
529000.0,3.0,1.0,1590,6420,1.0,0,0,3,1590,0,70,0,70,0.34195652173913044
405000.0,5.0,1.75,1880,10000,1.0,0,0,3,960,920,51,1,6,0.04065217391304348
635200.0,4.0,1.75,1640,4240,1.0,0,0,5,920,720,93,0,93,0.34195652173913044
540000.0,3.0,1.5,2600,5085,1.0,0,0,4,1400,1200,74,1,13,0.34195652173913044
402000.0,2.0,1.0,710,1173,2.0,0,0,4,710,0,71,0,71,0.34195652173913044
329932.0,3.0,1.5,1460,5040,1.0,0,0,3,1100,360,43,0,43,0.34195652173913044
300000.0,3.0,2.5,2080,9827,2.0,0,0,3,2080,0,25,0,25,0.03217391304347826
525000.0,5.0,2.5,2630,9216,2.0,0,0,3,2630,0,11,0,11,0.009130434782608696
602500.0,4.0,2.5,2760,6850,2.0,0,0,3,2760,0,15,0,15,0.007173913043478261
400000.0,4.0,2.0,1670,12056,1.0,0,0,3,1670,0,59,1,9,0.014347826086956521
445000.0,4.0,1.75,1990,4725,1.5,0,0,4,1190,800,70,0,70,0.34195652173913044
525000.0,3.0,3.0,2600,5238,1.5,0,3,3,1890,710,25,0,25,0.012608695652173913
395000.0,2.0,1.0,1320,1824,1.5,0,0,4,1320,0,105,1,25,0.34195652173913044
510000.0,3.0,1.5,2240,3800,2.0,0,0,3,1370,870,85,0,85,0.34195652173913044
723000.0,4.0,2.25,1960,8680,1.0,0,0,4,1290,670,55,0,55,0.06217391304347826
503000.0,3.0,2.0,2590,108900,2.0,0,0,3,1980,610,26,1,14,0.020869565217391306
672500.0,4.0,2.75,2620,6707,2.0,0,0,3,2620,0,14,0,14,0.03804347826086957
860000.0,3.0,2.5,2770,9136,2.0,0,0,3,2770,0,23,0,23,0.06217391304347826
475300.0,3.0,1.0,2110,10005,1.0,0,0,5,1110,1000,90,1,58,0.04065217391304348
295000.0,4.0,2.5,2290,4539,2.0,0,0,3,2290,0,13,0,13,0.06369565217391304
250000.0,2.0,1.0,1110,26051,1.0,0,0,3,1110,0,63,1,20,0.006304347826086957
658000.0,4.0,2.75,3310,6166,2.0,0,0,3,3310,0,6,0,6,0.015434782608695652
83000.0,2.0,1.0,900,8580,1.0,0,0,3,900,0,96,0,96,0.006304347826086957
685000.0,3.0,1.75,1940,7313,1.0,0,1,4,1440,500,54,1,13,0.34195652173913044
210000.0,3.0,1.75,1590,7617,2.0,0,0,3,1590,0,28,0,28,0.012608695652173913
650880.0,3.0,2.5,2930,6050,2.0,0,0,3,2930,0,6,0,6,0.015434782608695652
350000.0,4.0,2.5,2040,22653,2.0,0,0,3,2040,0,3,0,3,0.34195652173913044
305000.0,2.0,2.25,1000,905,3.0,0,0,3,1000,0,8,0,8,0.34195652173913044
645000.0,3.0,3.25,1730,1229,2.0,0,2,3,1320,410,6,0,6,0.34195652173913044
385000.0,3.0,1.0,1220,4800,1.0,0,0,3,1220,0,113,0,113,0.34195652173913044
860000.0,3.0,2.25,3060,12095,2.0,0,0,3,3060,0,31,1,5,0.06217391304347826
395000.0,4.0,2.5,2910,5000,2.0,0,0,3,2910,0,12,0,12,0.009347826086956522
260000.0,3.0,1.75,1050,5850,1.0,0,0,3,1050,0,34,0,34,0.01608695652173913
196440.0,3.0,2.0,1560,7352,1.0,0,0,3,1560,0,22,0,22,0.0010869565217391304
425000.0,3.0,1.75,1680,3000,1.0,0,2,4,840,840,114,1,43,0.34195652173913044
369000.0,3.0,2.0,1550,8509,1.0,0,0,3,1150,400,55,1,25,0.34195652173913044
349900.0,3.0,2.5,2200,7278,2.0,0,0,3,2200,0,24,1,5,0.06369565217391304
650000.0,2.0,2.5,1740,2500,2.0,0,2,3,1210,530,20,0,20,0.34195652173913044
299950.0,3.0,1.0,1210,9525,1.0,0,0,3,1210,0,59,1,9,0.34195652173913044
190000.0,3.0,2.25,1590,11745,1.0,0,0,3,1090,500,36,0,36,0.03826086956521739
715000.0,4.0,1.75,3420,7200,1.0,0,3,5,1770,1650,67,0,67,0.34195652173913044
659000.0,4.0,2.5,3190,11375,1.0,0,0,5,2210,980,68,0,68,0.34195652173913044
490000.0,3.0,1.75,1920,5405,1.0,0,2,4,960,960,67,1,26,0.34195652173913044
415000.0,2.0,1.75,1340,4664,1.0,0,0,3,1340,0,10,1,11,0.051086956521739134
750000.0,3.0,1.75,1700,8400,1.0,0,0,3,1460,240,67,1,2,0.34195652173913044
700000.0,4.0,2.5,2310,3570,1.5,0,0,3,1490,820,87,1,0,0.34195652173913044
425000.0,3.0,1.75,1510,44000,1.0,0,0,3,1240,270,25,0,25,0.010869565217391304
642000.0,3.0,2.5,2670,10082,1.0,0,0,3,2670,0,27,1,14,0.03804347826086957
655000.0,4.0,2.25,2060,8470,1.0,0,0,3,1440,620,31,1,5,0.06217391304347826
458000.0,5.0,2.5,3090,23265,1.0,0,0,3,2990,100,57,1,14,0.007173913043478261
330000.0,2.0,2.5,1240,1546,2.0,0,0,3,1240,0,7,0,7,0.34195652173913044
384950.0,3.0,2.5,1860,3690,2.0,0,0,3,1860,0,14,0,14,0.014347826086956521
560000.0,3.0,1.5,2000,7350,1.0,0,0,3,2000,0,61,0,61,0.34195652173913044
950000.0,4.0,1.75,2500,92347,1.0,0,0,4,1500,1000,44,0,44,0.018695652173913044
465000.0,4.0,2.25,1820,20349,1.0,0,0,5,1340,480,37,0,37,0.025
425000.0,3.0,2.25,1820,8058,1.0,0,0,3,1260,560,40,0,40,0.04065217391304348
315000.0,3.0,2.0,1060,5750,1.0,0,0,3,1060,0,33,1,1,0.34195652173913044
530000.0,3.0,2.5,1950,9906,2.0,0,0,3,1950,0,26,1,14,0.03804347826086957
399000.0,2.0,1.0,940,4800,1.0,0,0,4,940,0,103,1,59,0.34195652173913044
168000.0,2.0,1.5,1220,3568,1.5,0,0,4,1220,0,38,1,22,0.012608695652173913
374000.0,3.0,1.0,1200,9800,1.0,0,0,4,1200,0,43,0,43,0.025
740000.0,5.0,3.75,3990,18897,2.0,0,0,3,3090,900,77,1,4,0.34195652173913044
280000.0,2.0,1.0,1880,7560,1.0,0,0,3,940,940,95,1,13,0.34195652173913044
322000.0,4.0,2.5,2280,7200,2.0,0,0,3,2280,0,20,0,20,0.04021739130434782
459900.0,3.0,1.75,2580,11000,1.0,0,0,4,1290,1290,63,1,15,0.06217391304347826
750000.0,4.0,2.75,2600,4674,1.0,0,0,3,1560,1040,38,0,38,0.34195652173913044
427000.0,5.0,2.75,2220,4000,1.0,0,0,3,1230,990,41,1,1,0.34195652173913044
800000.0,2.0,2.25,1730,31491,2.0,1,2,4,1730,0,67,1,26,0.006304347826086957
735000.0,4.0,3.0,2840,4120,1.5,0,0,4,2060,780,83,0,83,0.34195652173913044
642000.0,4.0,2.5,2560,8780,2.0,0,0,3,2560,0,22,0,22,0.04065217391304348
240000.0,3.0,2.0,1330,6000,1.0,0,0,4,630,700,114,1,43,0.34195652173913044
645500.0,2.0,1.0,1890,5202,1.5,0,0,4,1890,0,105,1,25,0.34195652173913044
475000.0,2.0,2.0,1540,54450,2.0,0,0,3,1540,0,31,1,5,0.051086956521739134
568000.0,4.0,2.0,2340,50233,1.0,0,0,4,1170,1170,48,0,48,0.03804347826086957
325000.0,3.0,1.75,2180,10230,1.0,0,0,4,1090,1090,53,1,13,0.34195652173913044
825500.0,3.0,2.5,2780,11964,2.0,0,0,3,2780,0,5,0,5,0.04065217391304348
499431.0,4.0,2.75,2620,6019,2.0,0,0,3,2620,0,1,1,91,0.010869565217391304
919204.0,4.0,3.5,3760,5000,2.0,0,0,3,2860,900,0,0,0,0.34195652173913044
545000.0,4.0,2.5,2720,4738,2.0,0,0,3,2720,0,2,1,102,0.015434782608695652
660000.0,3.0,2.25,2675,40910,2.0,0,0,3,2675,0,30,0,30,0.03804347826086957
538888.0,5.0,2.75,2080,13189,2.0,0,0,3,2080,0,27,1,14,0.03804347826086957
693000.0,3.0,2.5,2460,12028,2.0,0,0,3,2460,0,18,0,18,0.051086956521739134
289950.0,3.0,2.5,1960,3480,2.0,0,0,3,1960,0,10,1,11,0.06369565217391304
587000.0,4.0,2.5,2550,6256,2.0,0,0,3,2550,0,22,0,22,0.025
615000.0,3.0,2.25,1760,1146,3.0,0,0,3,1760,0,0,0,0,0.34195652173913044
459000.0,3.0,1.75,1620,7330,1.0,0,0,4,1090,530,40,0,40,0.04065217391304348
243000.0,3.0,1.75,1790,12000,1.0,0,0,3,1040,750,54,1,2,0.012608695652173913
660000.0,4.0,1.75,2780,9900,2.0,0,0,4,2780,0,36,1,14,0.03804347826086957
250000.0,1.0,1.0,750,4000,1.0,0,0,3,750,0,96,0,96,0.34195652173913044
315000.0,3.0,1.0,960,6634,1.0,0,0,3,960,0,62,1,6,0.34195652173913044
404000.0,3.0,1.5,2030,8880,1.0,0,0,3,1330,700,51,1,6,0.34195652173913044
559900.0,3.0,2.75,2930,5569,1.0,0,0,3,1860,1070,10,1,11,0.025
285000.0,2.0,2.5,1380,1073,2.0,0,0,3,1140,240,3,0,3,0.34195652173913044
500000.0,3.0,2.0,1720,5525,1.0,0,2,5,960,760,73,0,73,0.34195652173913044
380000.0,2.0,1.0,1210,4800,1.0,0,0,3,1060,150,64,1,9,0.34195652173913044
469000.0,3.0,1.0,950,4250,1.5,0,0,5,950,0,66,1,29,0.34195652173913044
405000.0,2.0,1.75,1710,4234,2.0,0,0,3,1330,380,94,1,35,0.34195652173913044
439900.0,2.0,2.0,1410,12282,1.5,0,0,5,1410,0,105,1,26,0.0004347826086956522
525000.0,4.0,2.5,2910,7631,2.0,0,2,3,2910,0,8,0,8,0.020869565217391306
580000.0,4.0,2.5,2220,7064,2.0,0,0,3,2220,0,26,1,14,0.04065217391304348
275000.0,3.0,2.0,1380,4500,1.0,0,0,3,1380,0,6,0,6,0.020869565217391306
629000.0,3.0,2.0,1760,5000,1.0,0,0,5,960,800,94,0,94,0.34195652173913044
395000.0,1.0,1.0,730,3000,1.0,0,0,3,730,0,103,1,35,0.34195652173913044
965000.0,4.0,2.5,2460,5000,2.0,0,0,5,1620,840,76,0,76,0.34195652173913044
820000.0,3.0,1.75,2160,6272,1.0,0,0,4,1390,770,54,1,13,0.34195652173913044
661000.0,4.0,2.25,1990,4600,1.5,0,2,4,1420,570,82,1,56,0.34195652173913044
789000.0,3.0,3.0,3740,39640,2.0,0,2,3,3740,0,23,0,23,0.006304347826086957
668500.0,4.0,2.5,2710,5500,2.0,0,0,3,2710,0,15,0,15,0.03804347826086957
350000.0,3.0,2.5,2680,7836,2.0,0,0,3,2680,0,24,1,5,0.03826086956521739
250000.0,4.0,2.0,1850,7560,1.0,0,0,4,1540,310,36,1,14,0.04021739130434782
725995.0,4.0,2.5,3190,7869,2.0,0,2,3,3190,0,13,0,13,0.015434782608695652
1000000.0,3.0,2.5,2730,5832,2.0,0,0,3,2730,0,16,1,8,0.06217391304347826
686000.0,3.0,1.5,1840,9990,2.0,0,0,5,1840,0,53,0,53,0.34195652173913044
665000.0,4.0,2.5,2720,10000,2.0,0,0,3,2720,0,27,1,14,0.03804347826086957
653000.0,3.0,2.5,2290,3475,2.0,0,0,3,2290,0,8,0,8,0.04065217391304348
430000.0,2.0,1.0,990,4802,1.0,0,0,3,990,0,67,1,2,0.34195652173913044
305000.0,2.0,1.5,1140,2980,2.0,0,0,3,1140,0,26,1,14,0.04065217391304348
809000.0,4.0,1.5,1840,4337,2.0,0,0,4,1840,0,97,0,97,0.34195652173913044
440150.0,2.0,1.0,1110,6800,1.0,0,0,5,1000,110,67,0,67,0.34195652173913044
615000.0,4.0,2.5,2150,9070,2.0,0,0,4,2150,0,29,0,29,0.051086956521739134
1035000.0,3.0,2.5,2230,5750,2.0,0,0,3,2230,0,11,0,11,0.04065217391304348
455000.0,2.0,1.0,1170,6000,1.0,0,0,4,970,200,73,1,16,0.34195652173913044
635000.0,3.0,2.5,1960,7200,1.0,0,0,4,980,980,74,1,13,0.34195652173913044
675000.0,3.0,2.25,2610,9002,2.0,0,0,3,2610,0,26,1,14,0.051086956521739134
316000.0,3.0,2.25,2130,8721,1.0,0,0,3,1570,560,27,1,14,0.04021739130434782
955000.0,3.0,2.25,3020,43560,2.0,0,0,3,2720,300,45,1,4,0.06217391304347826
985000.0,3.0,1.75,1670,5400,2.0,0,0,5,1670,0,102,0,102,0.34195652173913044
465500.0,3.0,1.75,1890,7004,1.0,0,0,3,1290,600,49,1,21,0.34195652173913044
305000.0,3.0,1.0,950,13475,1.0,0,0,3,950,0,64,1,9,0.02673913043478261
645000.0,4.0,2.5,2430,14400,1.0,0,0,5,1670,760,51,0,51,0.06217391304347826
730000.0,4.0,2.0,2360,6000,1.0,0,0,5,1260,1100,75,0,75,0.34195652173913044
366000.0,3.0,1.75,1510,8301,1.0,0,0,3,1510,0,47,1,3,0.04065217391304348
290000.0,3.0,2.5,2080,4828,2.0,0,0,3,2080,0,12,0,12,0.009347826086956522
472500.0,3.0,2.0,1750,15500,1.0,0,0,3,1490,260,32,0,32,0.03804347826086957
550000.0,3.0,2.0,1810,4064,1.5,0,0,3,1810,0,89,1,12,0.34195652173913044
410000.0,4.0,1.75,1790,11875,1.0,0,0,4,1490,300,45,0,45,0.04065217391304348
440000.0,4.0,2.75,2340,11034,1.0,0,0,3,1720,620,47,1,3,0.00782608695652174
535000.0,3.0,2.5,1690,9626,2.0,0,0,3,1690,0,30,0,30,0.04065217391304348
300000.0,4.0,2.5,2070,7476,2.0,0,0,3,2070,0,11,0,11,0.03826086956521739
432500.0,3.0,2.5,2240,6396,2.0,0,0,3,2240,0,12,0,12,0.015434782608695652
492000.0,3.0,1.75,2770,39927,1.0,0,0,4,1580,1190,36,1,14,0.04065217391304348
199950.0,3.0,1.0,1010,7245,1.0,0,0,3,1010,0,45,1,4,0.03217391304347826
439800.0,3.0,1.5,1120,6900,1.0,0,0,5,1120,0,58,0,58,0.06217391304347826
320000.0,5.0,2.5,3020,21441,1.0,0,0,4,1510,1510,36,1,14,0.04021739130434782
345000.0,3.0,1.75,1990,5650,1.0,0,1,3,1320,670,51,1,6,0.34195652173913044
274950.0,3.0,1.0,1450,8820,1.0,0,0,3,1050,400,56,1,10,0.006304347826086957
270000.0,4.0,2.5,1920,8497,2.0,0,0,3,1920,0,16,1,8,0.03826086956521739
342000.0,2.0,2.5,1175,1366,2.0,0,0,3,740,435,9,0,9,0.34195652173913044
327000.0,3.0,1.5,1320,13200,1.0,0,0,3,1320,0,44,1,0,0.06369565217391304
610000.0,5.0,2.5,3990,3839,1.0,0,0,4,1990,2000,52,0,52,0.34195652173913044
455000.0,2.0,1.0,1140,5720,1.0,0,0,3,850,290,67,1,2,0.34195652173913044
540000.0,4.0,1.75,1720,4240,1.5,0,0,4,1460,260,89,1,46,0.34195652173913044
411000.0,4.0,2.75,2150,9915,1.0,0,0,5,1240,910,38,0,38,0.007173913043478261
544000.0,3.0,1.5,1790,8203,1.5,0,1,3,1790,0,104,1,8,0.34195652173913044
802000.0,2.0,2.5,2210,6327,1.0,0,0,3,2210,0,11,0,11,0.051086956521739134
568500.0,3.0,2.75,2180,7519,1.0,0,0,4,1310,870,33,0,33,0.051086956521739134
391000.0,3.0,2.25,1410,1290,2.0,0,0,3,1290,120,10,1,11,0.04065217391304348
298000.0,3.0,2.5,1950,3600,2.0,0,0,3,1950,0,4,0,4,0.020869565217391306
400000.0,3.0,2.5,1495,936,3.0,0,0,3,1405,90,8,0,8,0.34195652173913044
425000.0,3.0,2.25,1660,6000,1.0,0,0,3,1110,550,35,1,0,0.34195652173913044
328500.0,3.0,2.5,1950,8130,2.0,0,0,4,1950,0,24,0,24,0.04021739130434782
650000.0,5.0,2.75,2550,5040,1.5,0,0,5,2550,0,112,0,112,0.34195652173913044
850000.0,3.0,1.75,1370,3850,1.0,0,0,5,770,600,103,1,26,0.34195652173913044
930000.0,4.0,2.5,2200,4000,2.0,0,0,5,1430,770,106,0,106,0.34195652173913044
530000.0,3.0,1.75,1250,6041,1.5,0,0,5,1250,0,72,0,72,0.34195652173913044
495000.0,4.0,2.25,2220,8872,1.0,0,0,4,1110,1110,53,1,13,0.06217391304347826
500000.0,3.0,1.75,1620,4200,1.0,0,0,5,830,790,69,0,69,0.34195652173913044
325000.0,3.0,1.75,2250,26337,1.0,0,0,3,2250,0,34,0,34,0.03826086956521739
365000.0,3.0,2.5,1720,99916,2.0,0,0,4,1720,0,24,0,24,0.04021739130434782
471000.0,4.0,2.5,3030,9687,2.0,0,0,3,2020,1010,16,1,8,0.010869565217391304
223000.0,3.0,1.0,1030,9120,1.0,0,0,3,1030,0,53,1,10,0.04021739130434782
503000.0,3.0,2.5,2190,4882,2.0,0,0,3,2190,0,15,0,15,0.00782608695652174
230000.0,3.0,2.0,1440,5600,1.0,0,0,4,720,720,72,1,7,0.06369565217391304
550000.0,4.0,2.5,2170,9600,1.0,0,0,3,1460,710,34,0,34,0.051086956521739134
1100000.0,4.0,3.75,2930,3200,1.5,0,0,5,2130,800,89,0,89,0.34195652173913044
193000.0,3.0,1.5,1180,9048,1.0,0,0,3,1180,0,54,1,2,0.01608695652173913
590000.0,4.0,4.25,2360,57514,2.0,0,0,4,2360,0,75,1,27,0.03217391304347826
712500.0,3.0,1.5,1660,8797,1.0,0,0,4,1660,0,58,0,58,0.06217391304347826
689800.0,3.0,2.75,2390,9313,1.0,0,0,5,1390,1000,72,0,72,0.34195652173913044
430000.0,3.0,2.0,1360,5120,1.5,0,0,4,910,450,90,0,90,0.34195652173913044
785200.0,3.0,2.25,1840,3500,1.5,0,0,5,1540,300,104,0,104,0.34195652173913044
474900.0,3.0,2.25,1800,43647,1.0,0,0,4,1800,0,38,1,22,0.025
1070000.0,4.0,3.75,4130,12320,2.0,0,0,3,4130,0,13,0,13,0.007173913043478261
435000.0,3.0,1.75,2220,132858,1.0,0,0,3,1110,1110,26,1,14,0.04065217391304348
941500.0,5.0,3.5,3490,9680,2.0,0,4,3,2460,1030,34,0,34,0.02673913043478261
312000.0,4.0,2.5,1830,5175,2.0,0,0,3,1830,0,11,0,11,0.020869565217391306
835000.0,4.0,2.75,1550,4000,1.5,0,0,3,1550,0,84,1,17,0.34195652173913044
713250.0,3.0,2.0,2050,9000,1.0,0,0,4,2050,0,63,1,15,0.018695652173913044
440000.0,2.0,1.0,1230,6600,1.0,0,0,3,1130,100,108,1,0,0.34195652173913044
580135.0,4.0,2.5,3150,5886,2.0,0,0,3,3150,0,0,0,0,0.06369565217391304
575000.0,3.0,2.25,3800,33825,1.0,0,0,4,3330,470,38,1,22,0.04021739130434782
613000.0,3.0,2.5,1350,3068,2.0,0,0,3,1350,0,23,0,23,0.34195652173913044
235000.0,3.0,2.0,1530,8700,1.0,0,0,4,1530,0,44,0,44,0.06369565217391304
660000.0,3.0,2.5,2290,2798,3.0,0,0,4,2290,0,61,1,31,0.34195652173913044
280000.0,2.0,1.5,1480,15641,1.0,0,0,4,1480,0,74,1,13,0.34195652173913044
268000.0,3.0,1.75,1970,10270,1.0,0,0,4,1970,0,48,0,48,0.04021739130434782
235000.0,2.0,1.0,720,4840,1.0,0,0,4,720,0,67,1,26,0.34195652173913044
390000.0,3.0,2.0,1080,7236,1.0,0,0,5,1080,0,67,0,67,0.34195652173913044
654950.0,4.0,2.5,2790,45902,2.0,0,0,3,2790,0,27,1,14,0.025
449500.0,5.0,2.75,2040,7488,1.0,0,0,4,1200,840,45,0,45,0.04065217391304348
150000.0,3.0,1.0,1320,8220,1.0,0,0,3,1320,0,55,1,25,0.012608695652173913
440000.0,3.0,2.25,1680,57063,2.0,0,0,4,1680,0,25,0,25,0.010869565217391304
710000.0,3.0,2.0,2140,4923,1.0,0,0,4,1070,1070,86,0,86,0.34195652173913044
420000.0,3.0,1.75,1660,9600,1.0,0,0,3,1380,280,33,1,1,0.007173913043478261
312000.0,3.0,2.25,1540,5338,1.0,0,0,5,770,770,60,0,60,0.34195652173913044
320000.0,3.0,2.0,1880,10758,1.0,0,0,5,940,940,62,1,16,0.06369565217391304
235000.0,3.0,1.0,1250,15603,1.0,0,0,4,1250,0,55,0,55,0.06369565217391304
437000.0,5.0,2.0,2120,137565,1.5,0,0,3,2120,0,101,1,31,0.006304347826086957
545000.0,3.0,1.75,1810,3000,1.5,0,0,4,1810,0,111,0,111,0.34195652173913044
640000.0,3.0,2.5,2370,11172,2.0,0,0,3,2370,0,21,0,21,0.007173913043478261
432000.0,3.0,2.5,1970,4036,2.0,0,0,4,1970,0,11,0,11,0.015434782608695652
548000.0,3.0,2.5,2110,4099,2.0,0,0,3,2110,0,13,0,13,0.025
830000.0,3.0,3.0,2080,10521,1.5,0,0,3,2080,0,10,1,11,0.04065217391304348
875000.0,4.0,2.25,3720,12384,1.0,0,2,5,1860,1860,44,0,44,0.03804347826086957
409950.0,2.0,1.75,1370,5125,1.0,0,0,5,1370,0,70,0,70,0.34195652173913044
695000.0,4.0,2.5,2961,12146,2.0,0,0,3,2961,0,16,1,8,0.03804347826086957
562100.0,3.0,2.25,2090,12112,2.0,0,0,3,2090,0,31,1,5,0.051086956521739134
475000.0,3.0,2.5,2600,7210,2.0,0,0,3,2600,0,25,0,25,0.06369565217391304
425000.0,3.0,2.25,1870,9000,1.0,0,0,3,1440,430,36,0,36,0.007173913043478261
600000.0,4.0,2.5,2620,9873,2.0,0,0,3,2620,0,27,1,14,0.04065217391304348
770000.0,3.0,2.5,2430,54059,2.0,0,0,3,2430,0,27,1,14,0.04065217391304348
239000.0,3.0,1.75,1340,16480,1.0,0,0,4,1340,0,46,0,46,0.04021739130434782
295000.0,2.0,1.0,1170,10621,1.0,0,0,3,1170,0,51,1,6,0.010869565217391304
560000.0,3.0,1.75,2000,10182,1.0,0,0,5,1400,600,51,0,51,0.04065217391304348
613000.0,5.0,2.5,2070,12000,1.0,0,0,4,1340,730,47,0,47,0.06217391304347826
847000.0,5.0,1.0,2550,4623,2.5,0,0,4,2550,0,109,0,109,0.34195652173913044
206000.0,3.0,1.0,1060,9600,1.0,0,0,4,1060,0,52,0,52,0.03217391304347826
253000.0,2.0,1.75,1220,5000,1.0,0,0,5,860,360,93,0,93,0.06369565217391304
430000.0,4.0,2.25,1790,7203,1.0,0,0,4,1110,680,41,0,41,0.00782608695652174
605000.0,3.0,2.0,2060,4040,1.0,0,0,4,1120,940,67,1,26,0.34195652173913044
425000.0,2.0,2.5,1140,1182,3.0,0,0,3,1140,0,7,0,7,0.34195652173913044
720000.0,4.0,2.5,2870,12648,2.0,0,0,4,2870,0,28,0,28,0.04065217391304348
375900.0,6.0,1.5,2550,33740,1.0,0,0,4,1750,800,56,1,42,0.03217391304347826
210000.0,3.0,1.0,1110,7962,1.0,0,0,3,1110,0,52,1,11,0.34195652173913044
234000.0,2.0,1.0,940,5375,1.0,0,0,4,940,0,62,0,62,0.012608695652173913
285000.0,3.0,1.75,2880,18296,1.0,0,0,3,1580,1300,56,1,10,0.006304347826086957
400000.0,3.0,1.5,1200,4800,1.0,0,0,4,1200,0,52,0,52,0.06217391304347826
718000.0,3.0,1.0,1030,4958,1.0,0,0,5,1030,0,62,1,16,0.34195652173913044
174500.0,2.0,2.5,1240,2689,2.0,0,0,3,1240,0,28,0,28,0.03217391304347826
222400.0,3.0,2.0,1200,9566,1.0,0,0,3,1200,0,19,0,19,0.0013043478260869566
402500.0,3.0,3.25,2780,4002,2.0,0,0,3,2780,0,5,0,5,0.009130434782608696
250000.0,3.0,2.25,1765,7652,2.0,0,0,3,1765,0,18,0,18,0.03217391304347826
600000.0,4.0,2.5,1960,14242,1.0,0,1,4,1290,670,56,1,42,0.01608695652173913
930000.0,2.0,2.5,2680,11214,1.0,0,0,3,2680,0,8,0,8,0.051086956521739134
272500.0,3.0,2.0,1410,7622,1.0,0,0,4,1410,0,31,0,31,0.06369565217391304
363990.0,4.0,2.5,2240,3712,2.0,0,0,3,2240,0,0,0,0,0.020869565217391306
575000.0,4.0,2.75,3120,7644,2.0,0,0,3,3120,0,4,0,4,0.015434782608695652
400000.0,3.0,2.25,1450,4706,2.0,0,0,3,1450,0,5,0,5,0.014347826086956521
427874.0,3.0,3.0,2340,5002,2.0,0,0,3,2340,0,1,1,91,0.010869565217391304
309000.0,5.0,2.75,2481,4045,2.0,0,0,3,2481,0,0,0,0,0.03826086956521739
320000.0,3.0,3.25,1530,1602,2.0,0,0,3,1140,390,1,1,91,0.34195652173913044
390000.0,3.0,2.25,1250,7500,1.0,0,0,5,1250,0,72,0,72,0.34195652173913044
299000.0,1.0,0.75,560,12120,1.0,0,0,3,560,0,47,1,3,0.004782608695652174
375000.0,4.0,1.75,2200,7475,1.0,0,0,5,1100,1100,59,0,59,0.34195652173913044
240500.0,3.0,1.75,1460,10584,1.0,0,0,3,990,470,17,0,17,0.34195652173913044
320000.0,3.0,1.5,1650,9380,1.0,0,0,5,1130,520,36,0,36,0.06369565217391304
658588.0,3.0,2.25,2560,41346,2.0,0,0,3,2560,0,28,0,28,0.04065217391304348
270000.0,3.0,2.25,2080,4252,1.5,0,0,3,1550,530,11,0,11,0.04021739130434782
327500.0,3.0,1.0,1070,7140,1.0,0,0,3,1070,0,25,0,25,0.34195652173913044
340000.0,3.0,1.75,2190,12626,2.0,0,0,4,2190,0,36,1,14,0.04021739130434782
200000.0,3.0,1.5,2060,15837,1.5,0,0,3,2060,0,111,1,9,0.06369565217391304
1025000.0,3.0,1.75,2640,8000,1.0,0,3,4,1320,1320,54,1,13,0.018695652173913044
275000.0,3.0,2.5,1720,8755,1.0,0,0,3,1000,720,31,1,5,0.03217391304347826
1126000.0,5.0,3.5,3880,13885,2.0,0,3,4,2540,1340,35,0,35,0.06217391304347826
280000.0,2.0,1.0,960,4920,1.0,0,0,3,960,0,72,1,15,0.34195652173913044
485000.0,3.0,2.5,2340,59058,1.0,0,0,3,2340,0,29,0,29,0.020869565217391306
865000.0,3.0,1.75,2090,4725,2.0,0,0,3,1610,480,67,1,1,0.34195652173913044
532000.0,3.0,2.5,1820,4910,2.0,0,0,3,1820,0,21,0,21,0.04065217391304348
364950.0,4.0,2.5,2310,8030,2.0,0,0,3,2310,0,36,0,36,0.009130434782608696
212500.0,3.0,1.0,920,14400,1.0,0,0,4,920,0,37,0,37,0.03826086956521739
135000.0,1.0,1.0,790,13062,1.0,0,0,3,790,0,72,1,15,0.34195652173913044
437000.0,2.0,1.75,1500,6800,1.0,0,0,4,910,590,72,1,32,0.34195652173913044
390000.0,3.0,1.0,1240,11108,1.0,0,0,4,1240,0,62,0,62,0.00391304347826087
760000.0,4.0,2.5,2730,36183,2.0,0,0,3,2730,0,28,0,28,0.051086956521739134
119500.0,3.0,1.0,1170,11000,1.0,0,0,2,1170,0,34,0,34,0.009130434782608696
837500.0,4.0,2.5,2700,9320,2.0,0,0,4,2700,0,20,0,20,0.04065217391304348
327500.0,4.0,1.75,1650,7800,1.0,0,0,3,1650,0,46,1,17,0.06369565217391304
175000.0,2.0,1.0,670,2378,1.0,0,0,3,670,0,95,1,13,0.34195652173913044
289950.0,3.0,2.0,1670,7757,1.0,0,0,3,1670,0,22,0,22,0.04021739130434782
400000.0,3.0,1.75,1530,10731,1.0,0,0,3,1530,0,28,0,28,0.014347826086956521
219950.0,3.0,2.25,1500,7615,1.0,0,0,3,1150,350,30,0,30,0.03217391304347826
161700.0,4.0,1.75,1720,7200,1.0,0,0,3,1220,500,40,0,40,0.03217391304347826
500000.0,5.0,3.0,2920,11440,2.0,0,0,3,2920,0,11,0,11,0.02673913043478261
465000.0,3.0,1.0,910,4500,1.0,0,0,3,910,0,66,1,20,0.34195652173913044
540000.0,3.0,1.0,1050,4160,1.0,0,0,4,1050,0,89,1,46,0.34195652173913044
525000.0,3.0,2.0,1540,7800,1.0,0,0,3,1540,0,10,1,11,0.34195652173913044
324950.0,3.0,1.0,1210,7440,1.0,0,0,3,1210,0,65,1,16,0.02673913043478261
565000.0,5.0,2.5,2650,11455,1.0,0,0,3,1400,1250,53,1,10,0.06217391304347826
760500.0,3.0,2.0,1990,3990,1.0,0,0,5,1130,860,102,0,102,0.34195652173913044
1100000.0,5.0,2.75,2660,8737,1.0,0,4,5,1470,1190,45,0,45,0.06217391304347826
603500.0,4.0,2.5,4060,9734,1.0,0,4,3,2150,1910,37,1,10,0.014347826086956521
453500.0,5.0,2.5,2300,23345,1.0,0,0,5,1170,1130,47,0,47,0.06369565217391304
583000.0,6.0,2.75,2630,16411,1.0,0,0,4,1650,980,40,0,40,0.051086956521739134
275000.0,2.0,1.0,770,8149,1.0,0,0,5,770,0,66,1,29,0.02673913043478261
875000.0,4.0,2.75,3790,10669,2.0,0,0,3,3790,0,15,0,15,0.03804347826086957
335000.0,4.0,2.75,2540,7210,1.0,0,0,4,1600,940,35,0,35,0.06369565217391304
646000.0,4.0,2.25,2500,8500,1.0,0,0,4,1600,900,36,1,14,0.06217391304347826
392500.0,4.0,2.5,2150,7303,2.0,0,0,3,2150,0,9,0,9,0.06369565217391304
785000.0,3.0,1.75,1670,9600,1.0,0,0,5,1670,0,53,0,53,0.018695652173913044
470000.0,3.0,2.0,1800,12669,1.0,0,0,3,1800,0,58,1,24,0.04065217391304348
560000.0,3.0,2.5,2070,12708,2.0,0,0,3,2070,0,18,0,18,0.007173913043478261
519000.0,2.0,1.0,830,2820,1.0,0,0,4,830,0,94,0,94,0.34195652173913044
746000.0,3.0,2.25,2370,9619,1.0,0,0,4,1650,720,41,0,41,0.051086956521739134
317000.0,3.0,1.0,1010,5400,1.0,0,0,3,1010,0,55,1,25,0.34195652173913044
371000.0,3.0,1.5,1420,4500,1.0,0,0,3,1420,0,55,1,25,0.34195652173913044
250000.0,4.0,2.0,2120,8701,1.5,0,0,4,2120,0,54,1,13,0.012608695652173913
532000.0,4.0,1.75,2020,7029,1.0,0,0,4,1430,590,35,0,35,0.051086956521739134
499950.0,3.0,2.5,1520,2208,2.0,0,0,3,1040,480,7,0,7,0.34195652173913044
375000.0,2.0,1.0,820,6250,1.0,0,0,4,820,0,92,0,92,0.34195652173913044
640000.0,3.0,2.5,1690,1553,2.5,0,0,3,1690,0,7,0,7,0.34195652173913044
400000.0,3.0,2.0,2260,11305,1.0,0,0,3,1130,1130,28,0,28,0.06369565217391304
572000.0,3.0,2.25,1830,7897,1.0,0,0,4,1290,540,28,0,28,0.051086956521739134
310000.0,3.0,2.0,1350,11150,1.0,0,0,3,1110,240,19,0,19,0.010869565217391304
989000.0,5.0,3.5,3280,4000,2.0,0,0,3,2440,840,11,0,11,0.34195652173913044
685000.0,4.0,2.5,2770,45514,2.0,0,0,4,2770,0,25,0,25,0.025
907500.0,4.0,2.5,2770,8642,2.0,0,0,4,2770,0,27,0,27,0.06217391304347826
427500.0,4.0,2.5,2460,5091,2.0,0,0,3,2460,0,11,0,11,0.06369565217391304
365000.0,2.0,1.0,1250,8100,1.0,0,0,4,1250,0,67,1,26,0.34195652173913044
250500.0,3.0,2.0,1710,7225,2.0,0,0,4,1710,0,26,0,26,0.03217391304347826
411715.0,3.0,1.75,1840,5101,1.0,0,0,5,1040,800,62,1,16,0.34195652173913044
415000.0,4.0,2.5,2000,5962,2.0,0,0,3,2000,0,15,0,15,0.02673913043478261
129000.0,1.0,1.0,650,15364,1.0,0,0,4,650,0,47,0,47,0.04021739130434782
489000.0,3.0,1.5,1020,9072,1.0,0,0,3,920,100,84,1,17,0.34195652173913044
170000.0,2.0,1.0,1500,18540,1.0,0,0,3,1500,0,64,1,9,0.006304347826086957
418500.0,3.0,2.5,2060,4399,2.0,0,0,3,2060,0,7,0,7,0.015434782608695652
261000.0,3.0,1.5,1810,29308,1.0,0,0,3,950,860,31,1,5,0.009347826086956522
355000.0,2.0,1.75,1650,4000,1.0,0,0,4,950,700,67,1,26,0.34195652173913044
742000.0,3.0,3.25,1540,704,3.0,0,0,3,1540,0,3,0,3,0.34195652173913044
399950.0,3.0,1.5,2080,5244,1.0,0,0,3,1190,890,55,1,25,0.34195652173913044
791000.0,3.0,2.25,2430,5500,2.0,0,0,3,1810,620,25,0,25,0.04065217391304348
190000.0,5.0,2.0,1750,10284,1.0,0,0,4,1750,0,71,0,71,0.06369565217391304
229500.0,3.0,1.75,1770,33224,1.0,0,0,4,1770,0,46,0,46,0.03826086956521739
539000.0,3.0,2.5,1710,2300,2.0,0,0,3,1570,140,9,0,9,0.051086956521739134
549000.0,4.0,2.25,2740,88426,2.0,0,0,3,2740,0,23,0,23,0.04065217391304348
545000.0,5.0,2.5,2730,17240,1.0,0,0,5,1660,1070,56,0,56,0.014347826086956521
285000.0,3.0,2.5,2437,5136,2.0,0,0,3,2437,0,3,0,3,0.03826086956521739
648000.0,4.0,2.5,3290,6203,2.0,0,0,3,3290,0,6,0,6,0.015434782608695652
610000.0,4.0,3.5,2910,5260,2.0,0,0,3,2910,0,2,1,102,0.015434782608695652
767450.0,3.0,2.0,1630,7599,1.0,0,0,3,1630,0,8,0,8,0.34195652173913044
586500.0,3.0,2.5,1780,1487,3.0,0,0,3,1600,180,8,0,8,0.34195652173913044
520000.0,3.0,3.25,1540,1487,2.0,0,0,3,1540,0,3,0,3,0.04065217391304348
455000.0,3.0,1.75,1420,1189,3.0,0,0,3,1420,0,8,0,8,0.34195652173913044
653000.0,3.0,2.5,2680,9750,1.0,0,0,4,1610,1070,35,0,35,0.04065217391304348
279950.0,3.0,2.0,1750,9750,1.0,0,0,3,1350,400,53,1,10,0.012608695652173913
449950.0,3.0,2.5,2170,4912,2.0,0,0,3,2170,0,11,0,11,0.014347826086956521
565000.0,3.0,2.75,2390,9966,1.0,0,0,5,1360,1030,37,0,37,0.06217391304347826
620000.0,4.0,2.25,2400,5350,1.5,0,0,4,1460,940,85,0,85,0.34195652173913044
269000.0,3.0,1.0,1690,4250,1.0,0,0,3,1020,670,47,1,3,0.34195652173913044
875000.0,3.0,3.5,3250,6000,2.0,0,0,3,2500,750,13,0,13,0.34195652173913044
425000.0,4.0,2.75,2440,15349,2.0,0,1,4,2440,0,57,1,13,0.012608695652173913
647500.0,3.0,1.75,1290,3870,1.0,0,0,5,1290,0,98,0,98,0.34195652173913044
450000.0,4.0,1.0,2000,4676,1.5,0,0,3,1250,750,98,1,28,0.34195652173913044
440000.0,3.0,1.0,1050,7500,1.0,0,0,3,1050,0,114,1,9,0.34195652173913044
445000.0,4.0,2.5,2340,3784,2.0,0,0,3,2340,0,6,0,6,0.34195652173913044
530000.0,4.0,2.25,2210,7665,2.0,0,0,4,2210,0,46,0,46,0.06217391304347826
875000.0,5.0,2.5,2920,5568,2.0,0,0,3,2320,600,108,1,0,0.34195652173913044
685000.0,3.0,2.75,3150,219978,2.0,0,0,4,3000,150,24,0,24,0.0004347826086956522
798000.0,3.0,3.5,3590,6402,2.0,0,0,3,3590,0,15,0,15,0.03804347826086957
297500.0,4.0,2.5,1910,5000,2.0,0,0,3,1910,0,9,0,9,0.020869565217391306
749950.0,4.0,2.75,3110,35235,2.0,0,0,4,3110,0,31,0,31,0.025
495000.0,5.0,3.0,2440,4750,1.0,0,0,3,1450,990,8,0,8,0.34195652173913044
540000.0,4.0,2.25,1330,8400,1.5,0,0,3,1330,0,52,1,11,0.06217391304347826
395000.0,3.0,1.75,1460,22651,1.0,0,0,4,1460,0,53,1,13,0.04065217391304348
214100.0,2.0,2.5,1150,2064,2.0,0,0,3,1150,0,10,1,11,0.03826086956521739
210000.0,4.0,1.5,1920,10403,1.0,0,0,3,1370,550,55,1,25,0.03217391304347826
499500.0,3.0,2.5,2520,53143,1.5,0,0,3,2520,0,26,1,14,0.009130434782608696
546000.0,2.0,1.0,970,3400,1.0,0,0,3,970,0,90,1,3,0.34195652173913044
292000.0,5.0,2.5,2490,7666,1.0,0,0,4,1490,1000,25,0,25,0.04021739130434782
289000.0,3.0,2.0,1680,8424,1.0,0,0,3,1680,0,21,0,21,0.00608695652173913
240000.0,3.0,1.0,1150,4825,1.0,0,0,4,1150,0,57,1,13,0.04065217391304348
395000.0,4.0,3.0,1980,7931,1.0,0,0,4,1160,820,31,0,31,0.02673913043478261
795000.0,4.0,2.25,2070,13084,1.0,0,0,4,1700,370,47,0,47,0.018695652173913044
725000.0,4.0,2.75,2420,10962,1.0,0,0,3,1530,890,37,1,10,0.06217391304347826
335000.0,4.0,2.5,2610,4781,2.0,0,0,3,2610,0,5,0,5,0.03826086956521739
492000.0,4.0,3.75,2810,10840,2.0,0,2,4,2070,740,20,0,20,0.010869565217391304
250000.0,3.0,2.5,1510,10384,1.0,0,0,2,1030,480,38,0,38,0.025
700000.0,3.0,1.75,1910,4800,1.0,0,0,3,1080,830,55,1,25,0.34195652173913044
545000.0,3.0,1.75,1700,51649,1.5,0,0,5,1700,0,83,0,83,0.06369565217391304
555000.0,4.0,2.75,2020,10720,1.0,0,0,4,1420,600,38,1,22,0.051086956521739134
640000.0,3.0,1.75,2340,4206,1.0,0,0,5,1170,1170,97,0,97,0.34195652173913044
390000.0,3.0,2.0,1463,868,3.0,0,0,3,1463,0,11,0,11,0.34195652173913044
466500.0,3.0,1.0,1430,3840,1.0,0,0,3,950,480,69,1,4,0.34195652173913044
372500.0,3.0,1.5,1180,12324,1.0,0,0,3,800,380,33,1,1,0.03804347826086957
255000.0,3.0,2.5,1610,6176,2.0,0,0,3,1610,0,20,0,20,0.04021739130434782
466800.0,3.0,2.5,1480,14250,2.0,0,0,3,1480,0,18,0,18,0.04065217391304348
749000.0,3.0,2.5,2670,10338,2.0,0,0,3,2670,0,27,1,14,0.06217391304347826
610000.0,4.0,1.75,1830,29110,2.0,0,0,3,1230,600,24,1,5,0.018695652173913044
356000.0,2.0,1.0,920,4095,1.0,0,0,4,920,0,100,1,69,0.34195652173913044
165000.0,3.0,1.0,1150,19200,1.0,0,0,4,1150,0,106,0,106,0.03826086956521739
229000.0,2.0,1.0,1190,7408,1.0,0,0,3,830,360,73,1,20,0.34195652173913044
499950.0,3.0,2.5,2370,12753,2.0,0,0,3,2370,0,13,0,13,0.009130434782608696
619000.0,4.0,1.75,1660,3800,1.5,0,0,3,1660,0,88,1,11,0.34195652173913044
547000.0,3.0,2.5,1480,8381,1.0,0,0,4,1480,0,46,0,46,0.34195652173913044
359800.0,4.0,2.5,2390,6426,2.0,0,0,3,2390,0,15,0,15,0.03826086956521739
499000.0,3.0,3.5,1690,1432,2.0,0,0,3,1360,330,6,0,6,0.34195652173913044
189000.0,3.0,1.0,1010,7560,1.0,0,0,3,1010,0,56,1,10,0.06369565217391304
799000.0,4.0,3.5,3500,8547,2.0,0,0,3,2500,1000,20,0,20,0.06217391304347826
257000.0,4.0,2.75,2330,7642,1.0,0,0,3,1800,530,24,1,5,0.03217391304347826
270000.0,3.0,1.5,1890,9450,1.0,0,0,3,1090,800,57,1,14,0.01608695652173913
453500.0,4.0,1.75,2000,6032,1.0,0,2,3,1300,700,55,1,25,0.34195652173913044
237000.0,3.0,1.0,1130,10650,1.0,0,0,3,1130,0,60,1,9,0.006304347826086957
456000.0,4.0,1.75,1670,9886,1.0,0,0,5,1670,0,67,0,67,0.34195652173913044
355500.0,3.0,2.5,2600,5540,2.0,0,0,3,2600,0,10,1,11,0.020869565217391306
299950.0,4.0,1.75,1560,31299,1.0,0,0,4,1560,0,49,0,49,0.03826086956521739
335000.0,3.0,2.0,1170,5360,1.0,0,0,3,1170,0,95,1,13,0.34195652173913044
268500.0,4.0,2.5,2100,4237,2.0,0,0,3,2100,0,8,0,8,0.04021739130434782
385000.0,3.0,2.25,1710,11500,1.0,0,0,3,1210,500,36,0,36,0.014347826086956521
376000.0,4.0,2.75,2420,5773,2.0,0,0,3,2420,0,9,0,9,0.020869565217391306
605004.0,4.0,2.0,1370,4000,2.0,0,0,3,1370,0,63,1,20,0.34195652173913044
886000.0,4.0,2.0,2660,3900,1.5,0,0,4,1480,1180,91,0,91,0.34195652173913044
560000.0,4.0,2.5,2260,3713,2.0,0,0,3,2260,0,11,0,11,0.04065217391304348
343000.0,4.0,2.5,2070,4500,2.0,0,0,3,2070,0,10,1,11,0.020869565217391306
270000.0,3.0,1.0,1500,13500,1.0,0,0,4,1500,0,46,0,46,0.06369565217391304
411605.0,4.0,2.5,2658,3960,2.0,0,0,3,2658,0,0,0,0,0.03826086956521739
550000.0,4.0,2.5,2700,5150,2.0,0,0,3,2700,0,7,0,7,0.06369565217391304
465000.0,3.0,2.25,1530,1245,2.0,0,0,3,1050,480,0,0,0,0.34195652173913044
584000.0,3.0,2.5,1480,1485,2.0,0,0,3,1280,200,7,0,7,0.34195652173913044
275000.0,3.0,3.0,1390,1080,2.0,0,0,3,1140,250,8,0,8,0.34195652173913044
324500.0,3.0,2.5,1660,3990,2.0,0,0,3,1660,0,5,0,5,0.34195652173913044
700000.0,3.0,2.5,2050,4185,2.0,0,0,3,2050,0,3,0,3,0.34195652173913044
385200.0,4.0,1.0,1550,7740,1.5,0,0,3,1550,0,60,1,9,0.34195652173913044
270000.0,4.0,2.25,1900,8600,1.0,0,0,4,1900,0,39,0,39,0.03217391304347826
735000.0,4.0,2.5,2820,6180,2.0,0,0,3,2050,770,1,1,91,0.34195652173913044
389250.0,2.0,1.5,1490,4080,1.0,0,0,3,930,560,58,1,13,0.34195652173913044
315000.0,3.0,1.5,1750,12500,1.0,0,0,3,1150,600,60,1,9,0.002391304347826087
545000.0,4.0,2.5,2040,6034,2.0,0,0,3,2040,0,24,1,5,0.34195652173913044
550000.0,3.0,1.5,1900,5000,1.5,0,0,3,1640,260,88,1,11,0.34195652173913044
415000.0,3.0,1.75,1910,12596,1.0,0,0,3,1340,570,37,1,10,0.025
387500.0,3.0,1.0,1560,14333,1.0,0,0,4,1560,0,61,1,31,0.00391304347826087
432000.0,3.0,1.75,1470,6250,1.0,0,3,4,1070,400,75,1,25,0.00782608695652174
402000.0,3.0,2.5,2700,9994,1.0,0,3,4,1350,1350,55,0,55,0.012608695652173913
1035000.0,4.0,3.25,3450,11240,2.0,0,3,4,2430,1020,54,1,13,0.01608695652173913
294700.0,3.0,2.0,1970,9600,1.0,0,0,4,1300,670,47,0,47,0.03217391304347826
744000.0,3.0,2.5,2670,12187,2.0,0,0,3,2670,0,28,0,28,0.051086956521739134
715000.0,3.0,2.5,2550,13458,2.0,0,0,3,2550,0,24,1,5,0.06217391304347826
500000.0,4.0,1.0,1720,4011,1.5,0,0,4,1720,0,110,0,110,0.34195652173913044
1150000.0,3.0,1.5,2170,16600,1.0,1,2,3,1130,1040,35,1,0,0.051086956521739134
650000.0,4.0,2.5,2840,9354,2.0,0,0,3,2840,0,24,1,5,0.03804347826086957
435000.0,4.0,2.75,3270,50994,2.0,0,0,4,2720,550,31,0,31,0.04021739130434782
510000.0,3.0,1.75,1480,7040,1.0,0,0,3,1480,0,40,0,40,0.04065217391304348
525000.0,5.0,2.75,2440,8000,1.0,0,0,4,1240,1200,42,0,42,0.04065217391304348
920000.0,4.0,2.75,2880,5750,1.5,0,0,5,1710,1170,86,1,44,0.34195652173913044
200000.0,2.0,1.0,1730,9610,1.0,0,0,3,1380,350,52,1,11,0.03826086956521739
435000.0,2.0,1.0,1260,4080,1.5,0,0,5,1260,0,88,0,88,0.34195652173913044
809950.0,4.0,2.0,2230,9900,1.5,0,0,5,2230,0,55,0,55,0.06217391304347826
455000.0,4.0,1.75,2050,94525,1.0,0,0,4,1250,800,55,0,55,0.06369565217391304
471000.0,3.0,2.5,2030,2805,2.0,0,0,3,1720,310,13,0,13,0.04065217391304348
253500.0,2.0,1.0,810,4800,1.0,0,0,3,810,0,66,1,20,0.34195652173913044
185000.0,3.0,1.0,1840,8100,1.0,0,0,4,920,920,61,1,31,0.01608695652173913
535500.0,3.0,1.5,1730,40250,2.0,0,0,4,1730,0,31,0,31,0.025
835000.0,2.0,2.0,2280,6815,1.0,0,0,3,2280,0,12,0,12,0.051086956521739134
589500.0,4.0,2.5,2630,6326,2.0,0,0,3,2630,0,6,0,6,0.015434782608695652
680000.0,3.0,2.25,2270,23900,1.0,0,0,3,1820,450,39,0,39,0.02673913043478261
360000.0,3.0,1.75,1020,7020,1.5,0,0,4,1020,0,61,1,31,0.02673913043478261
595000.0,4.0,2.5,1990,2175,2.0,0,0,3,1680,310,9,0,9,0.34195652173913044
300000.0,4.0,2.5,2680,15508,2.0,0,0,3,2680,0,15,0,15,0.03217391304347826
660000.0,3.0,1.75,1980,3300,1.5,0,0,4,1140,840,88,1,21,0.34195652173913044
570000.0,3.0,2.5,2400,6975,2.0,0,0,3,2400,0,21,0,21,0.007173913043478261
285000.0,2.0,1.0,780,5000,1.0,0,0,4,780,0,71,0,71,0.34195652173913044
435000.0,3.0,2.0,980,5000,1.0,0,0,3,980,0,74,1,18,0.34195652173913044
160000.0,3.0,1.0,1210,103237,1.0,0,0,2,1210,0,96,1,54,0.006304347826086957
450000.0,3.0,2.5,1480,1961,2.0,0,0,3,1480,0,9,0,9,0.04065217391304348
510000.0,4.0,1.5,1320,14250,1.0,0,0,4,1320,0,60,1,35,0.04065217391304348
539000.0,3.0,2.0,2260,9568,1.0,0,0,3,1780,480,29,0,29,0.03804347826086957
407193.0,4.0,2.0,1880,14653,2.0,0,0,3,1880,0,36,0,36,0.004782608695652174
320000.0,3.0,1.75,1370,9900,1.0,0,0,4,1370,0,31,0,31,0.0004347826086956522
739000.0,4.0,3.0,2720,3800,2.0,0,0,5,1800,920,95,1,80,0.34195652173913044
452000.0,2.0,1.75,1740,5400,1.0,0,0,4,990,750,68,1,25,0.34195652173913044
600000.0,4.0,2.5,2560,5593,2.0,0,0,3,2560,0,13,0,13,0.051086956521739134
279000.0,5.0,2.5,2690,5557,2.0,0,0,3,2690,0,2,1,102,0.34195652173913044
895000.0,4.0,3.0,3240,5562,2.0,0,0,3,3240,0,1,1,91,0.03804347826086957
585000.0,4.0,2.5,2430,4747,2.0,0,0,3,2430,0,6,0,6,0.04065217391304348
405000.0,2.0,2.0,1405,1073,2.0,0,0,3,1140,265,7,0,7,0.34195652173913044
837219.0,5.0,2.75,3030,7679,2.0,0,0,3,3030,0,0,0,0,0.03804347826086957
490000.0,3.0,3.0,1730,2940,3.0,0,0,3,1730,0,29,0,29,0.34195652173913044
611000.0,6.0,2.5,3820,53173,1.0,0,0,4,2040,1780,40,0,40,0.04065217391304348
462000.0,4.0,2.5,3070,6432,2.0,0,0,3,3070,0,8,0,8,0.06369565217391304
540000.0,4.0,2.5,1780,4169,2.0,0,0,3,1780,0,20,0,20,0.04065217391304348
260000.0,4.0,2.5,1811,4381,2.0,0,0,3,1811,0,7,0,7,0.06369565217391304
510000.0,4.0,2.25,2450,62290,2.0,0,0,3,2450,0,38,0,38,0.025
567500.0,3.0,2.5,2300,7398,2.0,0,0,3,2300,0,13,0,13,0.015434782608695652
445000.0,2.0,1.0,1440,3225,1.0,0,0,3,960,480,99,0,99,0.34195652173913044
684680.0,4.0,2.25,2370,9360,2.0,0,0,4,2370,0,35,0,35,0.051086956521739134
455000.0,3.0,1.0,1300,3550,1.5,0,0,3,1300,0,87,1,3,0.34195652173913044
540000.0,5.0,3.0,2870,4369,2.0,0,0,3,2090,780,7,0,7,0.007173913043478261
530000.0,3.0,2.75,3400,7200,2.0,0,2,3,2470,930,5,0,5,0.06369565217391304
410000.0,3.0,1.0,1410,5060,1.0,0,0,4,910,500,58,0,58,0.34195652173913044
450000.0,3.0,1.75,1640,13500,1.0,0,0,3,1110,530,74,1,18,0.34195652173913044
609900.0,4.0,2.5,3190,7399,2.0,0,0,3,3190,0,8,0,8,0.020869565217391306
648000.0,4.0,2.5,2380,13435,2.0,0,0,3,2380,0,22,0,22,0.04065217391304348
550000.0,3.0,2.5,2260,4165,2.0,0,0,3,2260,0,9,0,9,0.03804347826086957
347000.0,3.0,1.75,1240,8050,1.0,0,0,4,1240,0,36,1,14,0.03804347826086957
288350.0,3.0,1.5,1860,7963,1.0,0,0,3,1200,660,51,1,6,0.006304347826086957
1150000.0,3.0,2.5,2850,10474,1.0,0,0,4,1730,1120,60,1,35,0.06217391304347826
525000.0,3.0,3.0,2470,36445,2.0,0,0,4,2470,0,34,0,34,0.04065217391304348
250250.0,3.0,2.25,2210,8000,2.0,0,0,4,2210,0,45,0,45,0.03217391304347826
341000.0,4.0,1.75,1920,7665,1.0,0,0,4,1500,420,39,0,39,0.06369565217391304
700000.0,4.0,3.0,3150,7778,2.0,0,0,3,3150,0,14,0,14,0.03804347826086957
390000.0,4.0,1.75,2700,7875,1.5,0,0,4,2700,0,46,0,46,0.06369565217391304
539950.0,3.0,2.25,2190,7149,1.0,0,1,4,1240,950,51,0,51,0.06369565217391304
552000.0,2.0,2.5,1380,951,3.0,0,0,3,1380,0,8,0,8,0.34195652173913044
250000.0,5.0,1.5,2520,5753,1.5,0,0,4,1510,1010,86,0,86,0.00608695652173913
502000.0,3.0,1.75,1300,8800,1.0,0,0,4,1300,0,51,0,51,0.06217391304347826
480000.0,4.0,1.75,2220,6500,2.0,0,3,4,2220,0,50,0,50,0.01608695652173913
378500.0,2.0,1.0,730,7528,1.0,0,0,3,730,0,68,0,68,0.34195652173913044
605000.0,3.0,2.5,2670,47480,2.0,0,3,3,2670,0,33,1,1,0.025
307550.0,4.0,2.5,1980,5909,2.0,0,0,3,1980,0,11,0,11,0.04021739130434782
304700.0,2.0,1.0,740,5995,1.0,0,0,4,740,0,65,1,29,0.34195652173913044
568000.0,3.0,1.75,2050,3520,1.0,0,0,4,1070,980,37,0,37,0.34195652173913044
385000.0,3.0,1.75,1230,7500,1.0,0,0,3,1230,0,27,1,14,0.04065217391304348
345000.0,3.0,2.5,1210,1420,3.0,0,0,3,1210,0,6,0,6,0.34195652173913044
435000.0,3.0,2.25,1890,7200,1.0,0,0,4,1230,660,41,0,41,0.34195652173913044
579000.0,2.0,2.0,1870,6275,1.0,0,0,3,1870,0,11,0,11,0.051086956521739134
236000.0,3.0,1.75,1330,6301,1.0,0,0,3,1330,0,16,1,8,0.03826086956521739
305100.0,3.0,2.0,1590,35988,1.0,0,0,4,1590,0,40,0,40,0.06369565217391304
368000.0,3.0,1.75,1710,10800,1.0,0,0,4,1710,0,56,1,42,0.014347826086956521
255000.0,2.0,1.0,1200,9000,1.0,0,2,5,1200,0,97,0,97,0.012608695652173913
400000.0,2.0,1.0,1140,5100,1.0,0,0,3,1140,0,72,1,15,0.34195652173913044
440000.0,3.0,1.75,2240,8153,1.0,0,0,3,1120,1120,66,1,20,0.34195652173913044
417000.0,2.0,1.0,920,6600,1.0,0,0,3,920,0,95,1,11,0.34195652173913044
435000.0,2.0,1.0,800,5000,1.0,0,0,3,800,0,108,1,0,0.34195652173913044
475000.0,4.0,2.75,1980,11443,1.0,0,0,5,1980,0,62,1,16,0.00782608695652174
563500.0,4.0,2.5,2800,12831,2.0,0,0,3,2800,0,13,0,13,0.009130434782608696
285000.0,3.0,2.25,1680,35127,2.0,0,0,3,1680,0,27,1,14,0.03826086956521739
471000.0,4.0,2.5,2330,9928,2.0,0,0,3,2330,0,16,1,8,0.010869565217391304
500000.0,4.0,1.75,2240,9886,1.5,0,0,4,2240,0,49,0,49,0.06217391304347826
640000.0,3.0,2.5,2140,8925,2.0,0,0,3,2140,0,23,0,23,0.03804347826086957
442500.0,4.0,2.5,2170,14024,2.0,0,0,3,2170,0,22,0,22,0.009130434782608696
213400.0,3.0,1.5,1150,8686,1.0,0,0,4,1150,0,51,0,51,0.06369565217391304
831000.0,4.0,2.5,2030,3905,1.5,0,0,4,1630,400,88,1,21,0.34195652173913044
325000.0,3.0,2.0,1350,11805,1.0,0,0,3,1350,0,28,0,28,0.009130434782608696
425000.0,2.0,1.0,910,4635,1.0,0,0,4,910,0,109,0,109,0.34195652173913044
550000.0,4.0,2.5,2700,5100,1.0,0,0,4,1440,1260,46,0,46,0.34195652173913044
599950.0,4.0,3.5,3730,15029,2.0,0,2,3,2440,1290,23,0,23,0.04021739130434782
750000.0,4.0,3.25,2050,5000,2.0,0,0,4,1370,680,27,0,27,0.34195652173913044
290000.0,4.0,3.0,2390,4500,2.0,0,0,3,2390,0,40,0,40,0.06369565217391304
270000.0,4.0,2.75,1990,7252,1.0,0,0,3,1270,720,15,0,15,0.03826086956521739
229950.0,4.0,1.75,1300,21000,1.0,0,0,4,1300,0,45,0,45,0.03217391304347826
234999.0,3.0,1.0,1330,8912,1.0,0,0,3,1330,0,66,1,20,0.006304347826086957
265000.0,2.0,1.0,1000,31505,1.0,0,0,3,1000,0,54,1,2,0.009130434782608696
367300.0,4.0,2.75,2190,14937,2.0,0,0,3,2190,0,21,0,21,0.03826086956521739
550000.0,3.0,1.75,1380,3402,1.5,0,0,3,1380,0,114,1,14,0.34195652173913044
743700.0,4.0,2.5,2610,33206,2.0,0,0,3,2610,0,26,1,14,0.051086956521739134
352750.0,2.0,1.75,1060,1241,2.0,0,0,3,960,100,6,0,6,0.34195652173913044
403950.0,2.0,1.0,710,1136,2.0,0,0,4,710,0,71,0,71,0.34195652173913044
980000.0,4.0,2.5,2730,4800,1.5,0,0,5,2230,500,105,1,26,0.34195652173913044
585000.0,4.0,1.75,2470,131790,2.0,0,2,3,2470,0,77,1,15,0.006304347826086957
554000.0,3.0,1.75,1760,10780,1.0,0,0,3,1760,0,37,1,10,0.06217391304347826
546000.0,3.0,2.5,1530,3464,2.0,0,0,3,1530,0,16,1,8,0.06217391304347826
280000.0,2.0,1.75,1610,158558,1.5,0,0,2,1610,0,66,0,66,0.015434782608695652
212500.0,2.0,2.0,1030,21712,1.0,0,0,4,1030,0,76,0,76,0.34195652173913044
739000.0,4.0,2.5,2800,246114,2.0,0,0,3,2800,0,15,0,15,0.004782608695652174
428000.0,3.0,2.0,1310,2550,1.0,0,0,3,780,530,28,0,28,0.34195652173913044
965000.0,4.0,2.25,3160,34560,1.0,0,0,4,3160,0,33,0,33,0.025
364900.0,3.0,3.0,2500,8304,2.0,0,0,3,2500,0,17,0,17,0.04021739130434782
559000.0,3.0,1.5,2070,5386,1.0,0,0,4,1140,930,66,0,66,0.34195652173913044
213000.0,4.0,1.75,1980,9000,1.0,0,0,2,1480,500,36,0,36,0.03217391304347826
620000.0,3.0,2.5,2590,7237,2.0,0,0,3,2590,0,10,1,11,0.34195652173913044
240000.0,4.0,1.0,1910,16320,1.5,0,0,3,1910,0,80,1,36,0.34195652173913044
852500.0,3.0,2.5,2630,10100,1.0,0,0,4,1580,1050,47,0,47,0.06217391304347826
600000.0,3.0,2.5,2630,77972,2.0,0,0,3,2630,0,10,1,11,0.009130434782608696
410000.0,3.0,2.5,1960,4400,2.0,0,0,3,1960,0,8,0,8,0.015434782608695652
328000.0,3.0,1.75,1440,45302,2.0,0,0,3,1440,0,37,1,10,0.009130434782608696
625000.0,3.0,1.75,2210,16200,1.0,0,0,3,1390,820,56,1,10,0.06217391304347826
649950.0,4.0,2.5,2350,63162,2.0,0,0,4,2350,0,20,0,20,0.025
235000.0,3.0,1.0,1590,13000,1.5,0,0,3,1590,0,70,0,70,0.01608695652173913
489000.0,3.0,3.5,1500,1249,2.0,0,0,3,1240,260,10,1,11,0.34195652173913044
536000.0,3.0,2.5,1900,6224,2.0,0,0,3,1900,0,9,0,9,0.03804347826086957
400000.0,4.0,3.5,2370,3692,2.5,0,0,3,2370,0,1,1,91,0.06369565217391304
398000.0,3.0,2.5,1720,1715,2.0,0,0,3,1240,480,10,1,11,0.34195652173913044
379000.0,4.0,1.5,2020,7560,1.0,0,0,4,2020,0,54,1,13,0.06369565217391304
345000.0,2.0,1.5,1340,1210,2.0,0,0,3,1120,220,6,0,6,0.34195652173913044
365000.0,3.0,2.5,1800,2700,2.0,0,0,3,1800,0,3,0,3,0.34195652173913044
315000.0,3.0,2.5,1480,1590,2.0,0,0,3,1150,330,4,0,4,0.34195652173913044
571000.0,4.0,2.0,2750,7807,1.5,0,0,5,2250,500,98,0,98,0.34195652173913044
1025000.0,5.0,4.0,3760,28040,2.0,0,0,3,3760,0,31,1,5,0.04065217391304348
695000.0,3.0,2.75,2540,4694,2.0,0,0,3,2540,0,9,0,9,0.03804347826086957
225000.0,3.0,1.75,1760,26055,1.0,0,0,3,920,840,35,1,0,0.009347826086956522
740000.0,3.0,2.5,3000,25341,2.0,0,0,3,3000,0,19,0,19,0.051086956521739134
315000.0,4.0,2.5,1930,9643,2.0,0,0,4,1930,0,22,0,22,0.04021739130434782
420000.0,2.0,1.0,860,3880,1.0,0,0,4,860,0,98,0,98,0.34195652173913044
310000.0,3.0,1.75,1420,7650,1.0,0,0,4,1100,320,30,0,30,0.06369565217391304
700000.0,3.0,2.0,2080,3880,1.0,0,0,5,1160,920,60,0,60,0.34195652173913044
269000.0,3.0,2.5,1560,4200,2.0,0,0,3,1560,0,11,0,11,0.020869565217391306
369990.0,4.0,2.5,1960,7133,2.0,0,0,3,1960,0,12,0,12,0.06369565217391304
800000.0,3.0,2.25,1620,4500,2.0,0,0,4,1620,0,88,1,21,0.34195652173913044
569000.0,5.0,3.0,3670,10583,1.0,0,0,5,2060,1610,62,1,16,0.00782608695652174
175000.0,6.0,1.5,1930,8400,1.0,0,0,3,1030,900,43,0,43,0.01608695652173913
440000.0,3.0,1.5,1290,1286,3.0,0,0,3,1290,0,14,0,14,0.34195652173913044
435000.0,5.0,2.25,1970,15247,1.0,0,0,3,1450,520,28,0,28,0.002391304347826087
345000.0,3.0,1.75,1540,6909,1.0,0,0,4,920,620,59,1,5,0.02673913043478261
558000.0,4.0,2.0,2180,3870,1.0,0,0,3,1020,1160,114,1,9,0.34195652173913044
475000.0,2.0,1.75,1490,224334,1.0,0,2,3,1490,0,31,1,5,0.03826086956521739
490000.0,3.0,2.0,2220,10275,2.0,0,0,3,1640,580,34,0,34,0.04065217391304348
335000.0,3.0,1.75,2430,9133,1.0,0,0,4,1410,1020,36,1,14,0.06369565217391304
350000.0,2.0,0.75,1392,43710,1.5,0,0,4,1392,0,36,1,14,0.006304347826086957
100000.0,4.0,1.0,1120,2685,1.0,0,0,3,860,260,75,1,45,0.06369565217391304
417500.0,4.0,1.0,1390,10800,1.5,0,0,4,1390,0,73,1,16,0.34195652173913044
253000.0,3.0,1.75,2040,7281,1.0,0,0,3,1020,1020,52,1,11,0.006304347826086957
490000.0,4.0,2.5,3020,8302,2.0,0,0,4,3020,0,20,0,20,0.009347826086956522
470000.0,3.0,1.75,2290,14800,1.0,0,0,3,1620,670,49,1,21,0.00782608695652174
483300.0,4.0,2.0,1210,11100,1.0,0,0,4,1210,0,59,1,5,0.06217391304347826
659000.0,3.0,2.5,2510,6320,2.0,0,0,3,2510,0,18,0,18,0.03804347826086957
480000.0,4.0,1.75,2320,4322,1.0,0,0,3,1140,1180,104,1,8,0.34195652173913044
165000.0,3.0,1.0,970,6600,1.0,0,0,3,970,0,49,1,21,0.01608695652173913
659500.0,3.0,1.75,1820,5500,1.0,0,0,4,1620,200,57,1,13,0.34195652173913044
219900.0,3.0,1.0,970,7742,1.0,0,0,4,970,0,47,0,47,0.03217391304347826
315000.0,2.0,1.0,1740,3622,1.0,0,0,4,950,790,90,0,90,0.34195652173913044
250000.0,3.0,1.75,1590,7560,1.0,0,0,3,1130,460,30,0,30,0.04021739130434782
268000.0,2.0,1.0,1380,5000,1.0,0,0,3,870,510,71,1,12,0.34195652173913044
380000.0,4.0,1.5,1680,11123,1.0,0,0,3,1130,550,55,1,25,0.02673913043478261
499000.0,2.0,1.0,1220,3000,1.0,0,0,3,920,300,88,1,11,0.34195652173913044
285000.0,2.0,2.0,1651,18200,1.0,0,0,3,1651,0,68,0,68,0.006304347826086957
183000.0,3.0,1.75,1330,9200,1.0,0,0,4,1330,0,41,0,41,0.03826086956521739
1070000.0,3.0,3.0,2940,4622,2.0,0,0,4,2230,710,26,0,26,0.34195652173913044
429000.0,3.0,3.25,1410,1246,3.0,0,0,3,1410,0,9,0,9,0.34195652173913044
403000.0,2.0,1.0,1100,3598,1.0,0,0,4,1100,0,88,1,21,0.34195652173913044
375500.0,3.0,1.5,1530,7200,1.0,0,0,3,1530,0,39,0,39,0.00782608695652174
516200.0,3.0,2.0,2110,5150,1.0,0,0,5,1080,1030,95,1,80,0.34195652173913044
385000.0,4.0,1.75,1720,8750,1.0,0,0,3,860,860,43,0,43,0.04065217391304348
515000.0,3.0,2.5,1800,5001,2.0,0,0,3,1800,0,18,0,18,0.04065217391304348
375000.0,4.0,2.5,2210,9427,2.0,0,0,3,2210,0,15,0,15,0.01608695652173913
650000.0,4.0,2.25,2560,9731,2.0,0,0,4,2560,0,41,0,41,0.04065217391304348
306888.0,2.0,1.5,1010,7719,2.0,0,0,3,1010,0,33,1,1,0.06369565217391304
870000.0,4.0,2.5,3340,12248,2.0,0,1,3,2470,870,16,1,8,0.34195652173913044
310000.0,4.0,1.0,1740,11075,1.5,0,0,3,1740,0,49,1,21,0.02673913043478261
251750.0,3.0,2.0,1320,7200,1.0,0,0,5,1320,0,39,0,39,0.04021739130434782
366000.0,3.0,1.75,1520,8625,1.0,0,0,3,1520,0,38,0,38,0.007173913043478261
429950.0,3.0,1.5,2010,9480,1.0,0,0,3,1570,440,63,1,20,0.34195652173913044
710000.0,3.0,3.5,2440,3427,2.0,0,0,3,1990,450,14,0,14,0.06217391304347826
895000.0,5.0,2.5,2550,20875,1.0,0,0,4,1610,940,61,1,31,0.06217391304347826
149500.0,3.0,1.0,1010,9450,1.0,0,0,4,1010,0,55,0,55,0.012608695652173913
310000.0,3.0,2.5,1780,6771,1.0,0,0,3,1230,550,24,1,5,0.34195652173913044
555000.0,3.0,2.0,2180,4976,1.5,0,2,4,1680,500,84,0,84,0.34195652173913044
750000.0,5.0,3.25,2750,7500,2.0,0,1,3,2150,600,77,1,17,0.04065217391304348
745000.0,4.0,3.25,3490,7024,2.0,0,0,3,3490,0,8,0,8,0.03804347826086957
695000.0,3.0,2.5,2550,45254,2.0,0,0,3,2550,0,13,0,13,0.051086956521739134
433000.0,3.0,1.75,1870,7189,1.0,0,0,3,1270,600,55,1,25,0.34195652173913044
307000.0,4.0,1.0,1150,8184,1.5,0,0,3,1150,0,67,1,2,0.02673913043478261
655275.0,3.0,1.75,2050,11856,1.0,0,0,3,1460,590,52,1,11,0.06217391304347826
392000.0,4.0,2.75,1940,6555,2.0,0,0,3,1940,0,24,1,5,0.020869565217391306
359950.0,3.0,1.75,1890,9100,2.0,0,0,4,1890,0,62,0,62,0.02673913043478261
360000.0,4.0,2.0,1630,10375,1.0,0,0,5,1630,0,46,0,46,0.025
566000.0,4.0,1.75,2440,5000,1.0,0,0,3,1340,1100,60,1,9,0.34195652173913044
700000.0,5.0,2.75,3100,9825,2.0,0,2,4,3100,0,64,1,32,0.34195652173913044
415000.0,3.0,2.5,2090,6045,2.0,0,0,3,2090,0,14,0,14,0.06369565217391304
199500.0,3.0,1.0,920,9812,1.0,0,0,4,920,0,52,0,52,0.03826086956521739
749000.0,3.0,1.0,1580,5000,1.5,0,0,3,1580,0,88,1,11,0.34195652173913044
680000.0,3.0,1.75,1760,8400,1.0,0,0,4,1460,300,54,1,13,0.34195652173913044
400000.0,4.0,2.5,2530,7563,1.0,0,0,3,1440,1090,36,0,36,0.007173913043478261
608000.0,4.0,2.75,2490,9714,1.0,0,0,4,1400,1090,31,0,31,0.007173913043478261
589900.0,4.0,4.5,3870,35889,2.0,0,0,3,2530,1340,13,0,13,0.04065217391304348
480000.0,5.0,2.5,2732,9500,1.0,0,2,4,1870,862,39,0,39,0.03217391304347826
1059500.0,5.0,3.25,3230,3825,2.0,0,0,3,2480,750,0,0,0,0.34195652173913044
915000.0,6.0,3.75,2930,14980,2.0,0,3,3,2930,0,1,1,91,0.06217391304347826
695000.0,4.0,3.5,3510,9364,2.0,0,0,3,3510,0,13,0,13,0.015434782608695652
899900.0,4.0,2.5,2580,3909,2.0,0,0,3,2580,0,1,1,91,0.04065217391304348
499950.0,2.0,2.25,1060,1208,2.0,0,0,3,940,120,9,0,9,0.34195652173913044
533112.0,4.0,2.75,2790,8853,2.0,0,0,3,2790,0,1,1,91,0.010869565217391304
303210.0,4.0,2.5,2009,5000,2.0,0,0,3,2009,0,0,0,0,0.03826086956521739
525000.0,5.0,2.75,2880,8364,2.0,0,0,3,2880,0,8,0,8,0.06369565217391304
399950.0,2.0,1.0,710,1157,2.0,0,0,4,710,0,71,0,71,0.34195652173913044
850830.0,3.0,2.5,2070,13241,1.5,0,0,5,1270,800,104,0,104,0.34195652173913044
371500.0,3.0,2.0,1370,8336,1.0,0,0,5,1370,0,50,0,50,0.02673913043478261
522000.0,3.0,1.75,1730,8400,1.0,0,0,4,1400,330,34,0,34,0.051086956521739134
588000.0,4.0,2.0,1680,5000,1.0,0,0,3,980,700,64,1,9,0.34195652173913044
276900.0,2.0,1.0,1350,10096,1.0,0,2,4,1350,0,62,0,62,0.010869565217391304
248000.0,5.0,1.5,1510,9078,1.0,0,0,4,1510,0,55,0,55,0.006304347826086957
280000.0,3.0,2.5,1860,6607,2.0,0,0,3,1860,0,25,0,25,0.03217391304347826
495000.0,6.0,5.0,3440,4500,2.0,0,0,3,3280,160,7,0,7,0.06369565217391304
290300.0,2.0,1.0,860,3874,1.0,0,0,4,860,0,83,0,83,0.06369565217391304
527000.0,2.0,1.75,1640,4080,1.0,0,0,3,840,800,93,1,14,0.34195652173913044
487028.0,2.0,1.5,1295,1093,2.0,0,0,3,1105,190,7,0,7,0.34195652173913044
325000.0,3.0,1.75,1790,27427,1.0,0,0,3,1130,660,36,0,36,0.015434782608695652
799000.0,3.0,1.5,2210,6300,1.5,0,0,5,2210,0,98,0,98,0.34195652173913044
354000.0,3.0,1.0,940,10368,1.0,0,0,3,940,0,49,1,21,0.051086956521739134
262500.0,3.0,1.5,1160,8906,1.0,0,0,3,1160,0,52,1,11,0.34195652173913044
560200.0,3.0,2.5,1990,3984,2.0,0,0,3,1990,0,10,1,11,0.03804347826086957
220000.0,3.0,1.0,1050,6300,1.0,0,0,3,1050,0,72,1,15,0.34195652173913044
650000.0,2.0,1.0,1030,5750,1.0,0,0,5,1030,0,86,1,44,0.34195652173913044
435000.0,3.0,2.5,1420,2581,3.0,0,0,3,1420,0,10,1,11,0.34195652173913044
800000.0,4.0,3.75,2690,4000,2.0,0,3,4,2120,570,105,1,25,0.34195652173913044
1010000.0,4.0,2.5,3760,29224,2.0,0,0,3,3760,0,27,1,14,0.051086956521739134
200000.0,2.0,1.0,700,4700,1.0,0,0,5,700,0,61,0,61,0.06369565217391304
295000.0,5.0,3.5,2100,5107,2.0,0,0,3,1410,690,15,0,15,0.34195652173913044
580379.0,4.0,2.75,2240,27820,1.5,0,0,4,2240,0,38,1,22,0.03804347826086957
875000.0,4.0,2.5,3470,32109,2.0,0,0,3,3470,0,19,0,19,0.025
515000.0,3.0,2.5,3370,19585,2.0,0,0,3,3200,170,63,1,20,0.02673913043478261
599000.0,4.0,2.5,2790,230868,2.0,0,0,3,2790,0,25,0,25,0.025
285000.0,3.0,2.5,1870,4060,2.0,0,0,3,1870,0,9,0,9,0.04021739130434782
290000.0,3.0,1.75,1520,15090,1.0,0,0,4,1520,0,46,0,46,0.020869565217391306
355000.0,1.0,1.75,750,20339,1.0,0,0,4,550,200,68,1,25,0.06369565217391304
381000.0,3.0,1.5,1460,11407,1.0,0,0,3,1460,0,60,1,9,0.00782608695652174
571000.0,3.0,2.5,2600,7465,2.0,0,0,3,2600,0,26,1,14,0.007173913043478261
852600.0,4.0,2.5,3320,11901,2.0,0,0,5,2650,670,37,0,37,0.06217391304347826
1085000.0,5.0,2.5,2340,6000,2.0,0,0,4,2340,0,92,0,92,0.34195652173913044
371000.0,3.0,1.0,890,7200,1.0,0,0,3,890,0,63,1,20,0.34195652173913044
514000.0,3.0,1.75,1720,5899,1.0,0,1,3,1220,500,28,0,28,0.34195652173913044
386000.0,3.0,1.5,1270,1318,2.0,0,0,3,1080,190,10,1,11,0.34195652173913044
464000.0,4.0,2.5,2180,7203,2.0,0,0,4,2180,0,25,0,25,0.06369565217391304
335000.0,4.0,2.25,2030,13500,1.0,0,0,3,1230,800,51,1,6,0.06369565217391304
740000.0,4.0,2.75,2490,17833,2.0,0,2,3,1490,1000,35,1,0,0.34195652173913044
465000.0,4.0,1.75,1470,5350,1.0,0,0,3,980,490,59,1,9,0.34195652173913044
700000.0,3.0,2.75,2500,7378,1.0,0,0,5,1390,1110,66,1,29,0.34195652173913044
350000.0,3.0,3.25,1460,1592,2.0,0,0,3,1130,330,8,0,8,0.34195652173913044
148000.0,1.0,1.0,620,8261,1.0,0,0,3,620,0,75,1,45,0.34195652173913044
530000.0,3.0,1.75,1550,3680,1.0,0,0,3,1050,500,87,1,3,0.34195652173913044
349000.0,3.0,2.5,1430,1002,3.0,0,0,3,1430,0,12,0,12,0.34195652173913044
240000.0,3.0,1.5,1360,9760,1.5,0,0,5,1360,0,30,0,30,0.010869565217391304
330000.0,3.0,2.5,2210,7557,2.0,0,0,3,2210,0,25,0,25,0.03217391304347826
735000.0,4.0,1.75,2460,5100,1.5,0,0,5,1450,1010,105,1,26,0.34195652173913044
545000.0,3.0,2.5,2180,15693,1.0,0,0,4,1850,330,35,0,35,0.03804347826086957
214950.0,3.0,1.75,1570,4875,1.0,0,0,4,1310,260,37,0,37,0.009347826086956522
657500.0,4.0,2.75,4140,24190,2.0,0,0,3,4140,0,12,0,12,0.03826086956521739
476000.0,3.0,1.0,1140,5500,1.5,0,0,4,1140,0,106,0,106,0.34195652173913044
110000.0,2.0,1.0,800,15000,1.0,0,0,3,800,0,87,1,3,0.34195652173913044
292000.0,4.0,2.75,2414,7693,2.0,0,0,3,2414,0,8,0,8,0.03826086956521739
317000.0,3.0,1.0,1160,8813,1.0,0,0,3,1160,0,62,1,6,0.34195652173913044
455000.0,4.0,2.5,3170,10688,2.0,0,2,3,3170,0,13,0,13,0.03826086956521739
460000.0,3.0,2.0,2060,4437,1.0,0,0,3,1030,1030,85,0,85,0.34195652173913044
405000.0,3.0,2.0,1640,7201,1.0,0,0,3,1640,0,66,1,20,0.34195652173913044
333000.0,2.0,1.0,720,6686,1.0,0,0,3,720,0,72,1,15,0.34195652173913044
427000.0,4.0,1.0,1860,4736,1.5,0,0,1,1860,0,113,0,113,0.34195652173913044
742000.0,4.0,2.5,2810,10986,2.0,0,0,3,2810,0,17,0,17,0.03804347826086957
465000.0,4.0,2.5,2090,9702,1.0,0,0,5,1320,770,49,0,49,0.02673913043478261
809950.0,4.0,2.5,3280,6181,2.0,0,0,3,3280,0,13,0,13,0.03804347826086957
619400.0,4.0,2.0,2090,3610,1.5,0,0,5,1790,300,87,0,87,0.34195652173913044
762400.0,3.0,1.75,2430,14607,1.0,0,1,3,1230,1200,65,1,44,0.018695652173913044
535000.0,5.0,2.25,2520,49222,2.0,0,0,4,2520,0,36,1,14,0.04065217391304348
881000.0,5.0,3.0,2510,4125,1.5,0,3,5,1590,920,89,0,89,0.34195652173913044
813000.0,4.0,2.75,3370,6675,1.0,0,3,4,1920,1450,66,0,66,0.34195652173913044
234000.0,3.0,2.0,1640,5280,1.5,0,0,5,1640,0,104,0,104,0.03826086956521739
308900.0,3.0,2.5,2250,7294,2.0,0,0,3,2250,0,20,0,20,0.03826086956521739
450000.0,4.0,2.5,2300,19250,1.0,0,0,4,2300,0,59,1,5,0.010869565217391304
547500.0,3.0,3.5,1650,2262,3.0,0,0,3,1650,0,4,0,4,0.34195652173913044
399950.0,2.0,1.0,710,1131,2.0,0,0,4,710,0,71,0,71,0.34195652173913044
516000.0,4.0,3.5,2550,8698,2.0,0,0,3,2550,0,7,0,7,0.015434782608695652
250000.0,2.0,1.5,982,846,2.0,0,0,3,806,176,8,0,8,0.34195652173913044
475000.0,3.0,2.25,1630,2520,2.0,0,0,3,1630,0,9,0,9,0.04065217391304348
415000.0,4.0,2.5,2550,4500,2.0,0,0,3,2550,0,5,0,5,0.06369565217391304
545000.0,2.0,1.25,1240,2150,2.0,0,0,3,1240,0,0,0,0,0.34195652173913044
329950.0,3.0,2.5,2456,7566,2.0,0,0,3,2456,0,2,1,102,0.03217391304347826
784000.0,3.0,3.5,3950,111078,1.5,0,0,3,2460,1490,25,0,25,0.051086956521739134
610750.0,4.0,2.25,2180,7297,2.0,0,0,3,2180,0,30,0,30,0.03804347826086957
578000.0,4.0,2.5,3140,9225,1.0,0,2,5,1770,1370,48,0,48,0.06369565217391304
501000.0,3.0,1.75,1970,7972,1.0,0,3,5,1370,600,38,0,38,0.06369565217391304
465250.0,5.0,2.0,1940,7642,1.5,0,0,3,1940,0,57,1,14,0.02673913043478261
1095000.0,0.0,0.0,3064,4764,3.5,0,2,3,3064,0,24,1,5,0.34195652173913044
315000.0,2.0,1.0,970,5665,1.0,0,0,4,970,0,106,0,106,0.34195652173913044
900000.0,4.0,2.25,2460,44431,1.0,0,0,4,2460,0,57,1,13,0.06217391304347826
789500.0,4.0,2.5,3010,6100,2.0,0,0,3,3010,0,9,0,9,0.051086956521739134
678500.0,3.0,2.0,2460,6600,1.0,0,2,4,1370,1090,62,0,62,0.34195652173913044
342500.0,3.0,2.0,2080,11375,1.0,0,0,3,2080,0,12,0,12,0.00608695652173913
860000.0,4.0,3.25,3960,7012,2.0,0,0,3,3960,0,9,0,9,0.03804347826086957
306000.0,4.0,2.5,2490,8124,2.0,0,0,3,2490,0,13,0,13,0.03826086956521739
580000.0,5.0,2.0,2060,6000,2.0,0,0,3,2060,0,111,1,9,0.34195652173913044
405000.0,3.0,1.0,1330,15678,1.0,0,0,3,900,430,30,0,30,0.03804347826086957
510000.0,3.0,1.75,1600,19200,1.0,0,0,4,1600,0,47,0,47,0.04065217391304348
173000.0,2.0,1.0,820,10450,1.0,0,0,4,820,0,49,0,49,0.06369565217391304
210000.0,4.0,1.75,1200,7680,1.0,0,0,3,1200,0,46,1,17,0.03826086956521739
445000.0,3.0,1.0,1050,5664,1.0,0,0,4,910,140,67,1,26,0.34195652173913044
585000.0,3.0,2.5,1910,1501,2.5,0,0,3,1530,380,7,0,7,0.34195652173913044
381000.0,3.0,1.75,1800,6000,1.0,0,0,5,900,900,64,0,64,0.02673913043478261
890000.0,3.0,2.25,2060,8640,1.0,0,0,4,2060,0,48,0,48,0.04065217391304348
235000.0,3.0,1.75,1840,9697,1.0,0,0,4,1500,340,29,0,29,0.04021739130434782
480000.0,3.0,2.5,1250,1103,3.0,0,2,3,1250,0,9,0,9,0.34195652173913044
575000.0,2.0,1.0,1510,4032,1.5,0,0,3,1310,200,79,1,40,0.34195652173913044
350000.0,4.0,2.25,2300,4600,1.5,0,0,4,1340,960,110,0,110,0.34195652173913044
259000.0,4.0,1.5,1490,7560,2.0,0,0,3,1490,0,48,1,51,0.012608695652173913
599000.0,5.0,2.75,2820,4608,1.0,0,0,3,1450,1370,47,1,3,0.34195652173913044
210000.0,4.0,1.5,1130,7840,1.0,0,0,4,1130,0,44,0,44,0.03217391304347826
545000.0,3.0,1.0,1510,5000,1.5,0,0,3,1510,0,105,1,10,0.34195652173913044
299995.0,3.0,2.5,1970,7500,2.0,0,0,3,1970,0,26,1,14,0.03826086956521739
440000.0,3.0,1.0,1210,5750,1.5,0,0,4,1210,0,104,0,104,0.34195652173913044
699000.0,4.0,2.5,3280,27441,2.0,0,0,3,3280,0,18,0,18,0.051086956521739134
795000.0,3.0,2.0,2420,17859,1.0,0,1,5,1500,920,35,0,35,0.04065217391304348
445000.0,5.0,1.75,2460,6846,1.5,0,0,5,1340,1120,103,1,30,0.34195652173913044
397990.0,3.0,1.0,1180,11862,1.0,0,0,4,1180,0,66,0,66,0.34195652173913044
706000.0,3.0,2.75,1900,6400,1.0,0,0,5,1410,490,72,0,72,0.34195652173913044
363000.0,3.0,3.25,1651,1779,2.0,0,0,3,1341,310,6,0,6,0.34195652173913044
850000.0,4.0,2.25,2130,11843,2.0,0,0,4,2130,0,42,0,42,0.018695652173913044
620000.0,2.0,1.0,1430,3000,1.5,0,0,3,1300,130,85,0,85,0.34195652173913044
333000.0,4.0,2.5,1910,9244,1.0,0,0,4,1910,0,51,0,51,0.06369565217391304
743000.0,3.0,1.75,2110,11250,1.0,0,0,4,2110,0,53,1,13,0.018695652173913044
448000.0,2.0,1.5,1630,3780,1.0,0,0,4,890,740,74,1,13,0.34195652173913044
485000.0,4.0,2.5,2470,35073,2.0,0,0,3,2470,0,25,0,25,0.03826086956521739
489950.0,4.0,2.25,2640,31941,1.0,0,0,4,2640,0,28,0,28,0.03826086956521739
498500.0,5.0,2.75,2990,7420,2.0,0,0,3,2990,0,18,0,18,0.06369565217391304
531000.0,3.0,2.5,2120,9736,2.0,0,0,3,2120,0,26,1,14,0.007173913043478261
670000.0,3.0,2.5,2050,6420,1.0,0,3,3,1730,320,58,1,13,0.34195652173913044
310000.0,5.0,3.0,1880,5000,1.0,0,0,3,1100,780,17,0,17,0.34195652173913044
835000.0,3.0,3.0,2790,12523,2.0,1,4,4,1600,1190,37,0,37,0.012608695652173913
495000.0,4.0,2.5,2140,7245,2.0,0,0,3,2140,0,11,0,11,0.34195652173913044
495000.0,3.0,2.0,1769,9300,1.0,0,0,4,1769,0,59,1,5,0.00391304347826087
440000.0,3.0,1.0,1710,6556,1.5,0,0,4,1200,510,88,1,21,0.34195652173913044
280000.0,1.0,0.75,420,6720,1.0,0,0,3,420,0,92,1,6,0.34195652173913044
1070000.0,4.0,2.5,3270,35445,2.0,0,0,3,3270,0,25,0,25,0.06217391304347826
1034500.0,4.0,2.5,2370,10858,2.0,0,0,3,2370,0,11,0,11,0.06217391304347826
248000.0,4.0,2.5,1770,5855,2.0,0,0,3,1770,0,11,0,11,0.020869565217391306
294000.0,4.0,2.5,2210,8465,1.0,0,0,3,1490,720,24,1,5,0.03826086956521739
561000.0,3.0,2.25,1710,4140,2.0,0,0,3,1710,0,10,1,11,0.04065217391304348
656500.0,4.0,2.0,2710,4750,1.0,0,0,4,1460,1250,95,1,29,0.34195652173913044
660000.0,3.0,3.0,2340,2970,2.0,0,0,5,2160,180,89,0,89,0.34195652173913044
370000.0,2.0,1.0,1220,17172,1.0,0,0,4,1220,0,67,1,26,0.04065217391304348
349950.0,3.0,1.0,1060,9525,1.0,0,0,3,1060,0,48,1,51,0.051086956521739134
223000.0,2.0,1.0,910,9869,1.0,0,0,3,910,0,57,1,14,0.06369565217391304
560000.0,4.0,1.75,1880,3880,1.5,0,0,4,1090,790,70,0,70,0.34195652173913044
594000.0,4.0,1.75,1870,5200,2.0,0,0,4,1200,670,77,0,77,0.34195652173913044
600000.0,3.0,2.25,1480,5400,2.0,0,0,4,1480,0,100,1,69,0.34195652173913044
315000.0,3.0,2.5,1880,7000,2.0,0,0,3,1880,0,21,0,21,0.04021739130434782
430000.0,4.0,1.75,1890,6000,1.0,0,0,4,1110,780,67,1,26,0.34195652173913044
440000.0,3.0,2.75,1560,7392,1.0,0,0,5,1030,530,42,0,42,0.04065217391304348
312500.0,2.0,1.5,1070,1200,2.0,0,0,3,1070,0,15,0,15,0.34195652173913044
300000.0,3.0,3.25,1470,1235,2.0,0,0,3,1180,290,6,0,6,0.34195652173913044
680000.0,3.0,2.5,2570,3600,2.5,0,0,3,2570,0,7,0,7,0.04065217391304348
336750.0,2.0,2.25,1170,1011,2.0,0,0,3,1170,0,5,0,5,0.04065217391304348
822500.0,5.0,3.5,2320,4960,2.0,0,0,5,1720,600,88,0,88,0.34195652173913044
589000.0,4.0,3.0,2440,9600,2.0,0,0,5,2440,0,53,0,53,0.04065217391304348
863000.0,4.0,2.5,4120,22370,2.0,0,0,3,4120,0,17,0,17,0.03804347826086957
210000.0,2.0,1.75,1440,5680,1.0,0,0,4,1440,0,36,1,14,0.012608695652173913
206135.0,3.0,1.0,1340,11070,1.0,0,0,4,1340,0,36,1,14,0.04021739130434782
1125000.0,6.0,3.75,3010,4360,2.0,0,0,3,2000,1010,0,0,0,0.34195652173913044
285000.0,3.0,1.75,1840,8601,1.0,0,0,3,920,920,109,1,0,0.34195652173913044
230000.0,2.0,1.0,930,7550,1.0,0,0,3,930,0,28,0,28,0.006304347826086957
845000.0,4.0,2.75,4070,115434,2.0,0,0,3,4070,0,12,0,12,0.010869565217391304
350000.0,3.0,1.75,1820,9545,1.0,0,0,3,1230,590,38,0,38,0.00782608695652174
304000.0,3.0,1.0,1280,8184,1.5,0,0,4,1280,0,67,1,26,0.02673913043478261
370000.0,2.0,1.0,900,4600,1.0,0,0,3,900,0,63,1,20,0.34195652173913044
810000.0,3.0,1.75,1980,13503,1.0,0,2,4,1320,660,62,0,62,0.06217391304347826
440000.0,4.0,2.25,2010,7575,1.0,0,0,3,1220,790,40,0,40,0.04065217391304348
1030000.0,4.0,2.5,2750,4800,2.0,0,0,3,1960,790,109,1,9,0.34195652173913044
775000.0,4.0,2.0,3140,10875,1.0,0,1,3,1940,1200,75,1,45,0.34195652173913044
235000.0,3.0,1.75,1900,8540,1.0,0,0,3,950,950,34,0,34,0.006304347826086957
499950.0,3.0,1.0,1830,3000,1.5,0,0,3,1430,400,88,1,11,0.34195652173913044
622500.0,5.0,2.75,3320,23760,2.0,0,0,4,2190,1130,39,0,39,0.025
300000.0,4.0,2.5,2700,10814,1.0,0,0,4,1560,1140,48,0,48,0.04021739130434782
205000.0,3.0,1.0,1290,6566,1.0,0,0,5,1290,0,38,0,38,0.03217391304347826
435000.0,3.0,1.75,1500,8173,1.0,0,0,3,1500,0,17,0,17,0.04065217391304348
697000.0,4.0,2.75,3650,48351,1.5,0,0,4,3650,0,36,1,14,0.025
153000.0,3.0,1.0,1270,6405,1.5,0,0,3,1270,0,70,0,70,0.34195652173913044
454000.0,4.0,2.25,2630,39000,2.0,0,0,3,2630,0,35,1,0,0.04021739130434782
345000.0,2.0,1.5,1800,26615,1.0,0,0,5,1240,560,27,0,27,0.03826086956521739
585000.0,3.0,1.0,1870,2807,1.5,0,0,4,1580,290,87,0,87,0.34195652173913044
380000.0,4.0,2.5,2540,6365,2.0,0,0,3,1870,670,14,0,14,0.06369565217391304
250600.0,4.0,2.5,1930,8660,1.0,0,0,3,1120,810,33,1,1,0.03826086956521739
890000.0,4.0,2.25,2770,13500,2.0,0,0,3,2770,0,40,0,40,0.018695652173913044
370000.0,4.0,2.5,2220,5338,2.0,0,0,3,2220,0,13,0,13,0.06369565217391304
369500.0,3.0,1.5,1650,9957,1.0,0,0,4,1100,550,53,1,13,0.34195652173913044
883000.0,4.0,2.5,3670,54450,2.0,0,0,3,3670,0,15,0,15,0.03804347826086957
950000.0,4.0,2.5,3770,35081,2.0,0,0,3,3770,0,25,0,25,0.051086956521739134
615000.0,3.0,1.75,2350,20820,1.0,0,0,4,1800,550,36,1,14,0.03804347826086957
305000.0,3.0,1.5,1210,5240,1.0,0,0,4,610,600,31,0,31,0.34195652173913044
590000.0,4.0,2.5,2010,7972,2.0,0,0,4,2010,0,25,0,25,0.04065217391304348
485000.0,3.0,2.5,1580,6065,2.0,0,0,3,1580,0,29,0,29,0.04065217391304348
215000.0,2.0,1.0,710,7200,1.0,0,0,3,710,0,71,1,12,0.34195652173913044
430000.0,3.0,2.0,1910,5040,1.5,0,0,3,1910,0,43,0,43,0.03804347826086957
324900.0,4.0,2.5,1880,7965,2.0,0,0,3,1880,0,14,0,14,0.020869565217391306
849900.0,2.0,2.0,2280,641203,2.0,0,0,3,2280,0,24,1,5,0.006304347826086957
975000.0,5.0,2.75,3100,10014,1.0,0,2,4,1660,1440,41,0,41,0.018695652173913044
910000.0,5.0,2.5,2350,4000,2.0,0,0,3,2350,0,21,0,21,0.34195652173913044
459950.0,3.0,1.75,1850,6869,1.0,0,2,5,1100,750,95,1,80,0.01608695652173913
325000.0,3.0,2.5,2070,8337,2.0,0,0,3,2070,0,17,0,17,0.04021739130434782
513000.0,4.0,2.75,2020,7070,1.0,0,0,5,1010,1010,56,0,56,0.34195652173913044
475000.0,3.0,2.25,1580,12177,1.0,0,0,3,1200,380,33,1,1,0.03804347826086957
419000.0,4.0,2.5,2690,7947,2.0,0,0,3,2690,0,21,0,21,0.06369565217391304
760000.0,4.0,2.5,2420,10285,1.0,0,4,3,1700,720,56,1,10,0.01608695652173913
1120000.0,5.0,1.5,2540,6660,2.0,0,3,4,2340,200,60,1,35,0.34195652173913044
129000.0,2.0,1.0,1150,30184,1.0,0,0,3,1150,0,64,1,9,0.06369565217391304
725000.0,5.0,2.5,3210,12000,1.0,0,0,4,1830,1380,46,0,46,0.06217391304347826
580000.0,3.0,2.5,2040,4627,2.0,0,0,3,2040,0,22,0,22,0.051086956521739134
385000.0,3.0,2.25,1920,4833,1.0,0,0,4,1060,860,93,0,93,0.34195652173913044
265000.0,4.0,1.75,1900,10588,1.0,0,0,5,1900,0,56,0,56,0.03826086956521739
330000.0,3.0,2.5,1070,1155,2.0,0,0,3,720,350,9,0,9,0.34195652173913044
665000.0,4.0,2.5,2790,43091,2.0,0,0,4,2790,0,25,0,25,0.025
799000.0,3.0,2.5,2860,4442,2.0,0,0,3,2860,0,14,0,14,0.34195652173913044
589000.0,3.0,2.0,2250,8800,1.0,0,0,4,1250,1000,89,1,46,0.34195652173913044
538000.0,3.0,1.0,1460,7200,1.0,0,0,3,1260,200,108,1,0,0.34195652173913044
530100.0,3.0,1.0,1540,3399,1.5,0,0,3,1200,340,88,1,11,0.34195652173913044
718500.0,3.0,2.0,2910,6600,2.0,0,0,4,1920,990,114,1,26,0.34195652173913044
299000.0,3.0,1.75,1180,13927,1.0,0,0,5,1180,0,52,0,52,0.06369565217391304
556000.0,3.0,1.75,1640,7437,1.0,0,0,3,1090,550,66,1,20,0.34195652173913044
171000.0,4.0,2.0,1520,19672,1.0,0,0,3,1020,500,94,1,35,0.006304347826086957
540000.0,5.0,3.0,3610,9775,2.0,0,0,3,3610,0,11,0,11,0.020869565217391306
250000.0,3.0,2.25,1400,3814,2.0,0,0,3,1400,0,2,1,102,0.009347826086956522
795000.0,4.0,3.5,3200,3250,2.0,0,0,3,2670,530,7,0,7,0.04065217391304348
575000.0,3.0,3.0,1384,1287,2.0,0,0,3,1144,240,8,0,8,0.34195652173913044
379500.0,3.0,2.25,1410,1287,2.0,0,0,3,1290,120,9,0,9,0.04065217391304348
385000.0,4.0,2.5,2050,5276,2.0,0,0,3,2050,0,8,0,8,0.06369565217391304
415500.0,4.0,2.5,1750,4779,2.0,0,0,3,1750,0,5,0,5,0.014347826086956521
397500.0,3.0,2.0,1510,6710,1.0,0,0,3,1070,440,42,1,12,0.04065217391304348
530000.0,3.0,2.5,1930,7214,2.0,0,0,3,1930,0,9,0,9,0.34195652173913044
883000.0,4.0,2.5,2960,41656,2.0,0,0,3,2960,0,29,0,29,0.025
850000.0,5.0,2.75,2920,11880,1.0,0,0,5,1660,1260,46,0,46,0.04065217391304348
496752.0,2.0,1.0,1980,5000,1.0,0,0,4,1090,890,91,0,91,0.34195652173913044
330000.0,3.0,1.75,1430,8865,1.0,0,0,3,1430,0,64,1,9,0.34195652173913044
735000.0,4.0,2.75,2450,4187,2.0,0,2,3,2450,0,4,0,4,0.04065217391304348
525000.0,4.0,2.75,2360,4924,2.0,0,0,3,2360,0,6,0,6,0.014347826086956521
269950.0,3.0,2.5,1890,4838,2.0,0,0,3,1730,160,12,0,12,0.006304347826086957
650000.0,3.0,1.75,2140,9484,1.0,0,0,3,1290,850,61,0,61,0.06217391304347826
520500.0,3.0,2.0,1900,8100,1.0,0,0,4,950,950,74,1,13,0.34195652173913044
652500.0,4.0,2.5,2700,9122,2.0,0,0,3,2700,0,24,1,5,0.04065217391304348
506000.0,5.0,3.0,2430,8000,1.0,0,0,4,1370,1060,57,1,13,0.06217391304347826
416000.0,3.0,1.0,1110,12150,1.0,0,0,4,1110,0,57,1,13,0.06217391304347826
500000.0,4.0,2.75,2280,15347,1.0,0,0,5,2280,0,54,0,54,0.007173913043478261
460000.0,3.0,1.75,1550,4708,1.0,0,0,4,860,690,65,1,29,0.34195652173913044
371025.0,3.0,2.0,1530,8925,1.0,0,0,3,1530,0,37,1,10,0.007173913043478261
576000.0,4.0,2.5,2440,28405,2.0,0,0,3,2440,0,12,0,12,0.014347826086956521
353500.0,4.0,2.25,1760,9602,2.0,0,0,3,1760,0,27,1,14,0.06369565217391304
183000.0,3.0,1.75,1070,8100,1.0,0,0,4,1070,0,57,1,13,0.03826086956521739
763101.0,3.0,1.75,1990,5560,1.0,0,0,4,1100,890,75,1,25,0.34195652173913044
460000.0,2.0,1.5,1090,4000,1.0,0,0,3,970,120,63,1,20,0.34195652173913044
825000.0,4.0,1.5,1890,6938,1.5,0,0,3,1890,0,95,1,13,0.34195652173913044
265000.0,3.0,1.0,1000,9150,1.0,0,0,3,1000,0,45,1,4,0.06369565217391304
295000.0,3.0,1.75,1770,8235,1.0,0,0,3,1030,740,54,1,2,0.01608695652173913
418000.0,4.0,3.0,2360,6250,1.0,0,2,3,1460,900,54,1,2,0.34195652173913044
554000.0,3.0,3.5,3380,108900,2.0,0,0,3,2700,680,15,0,15,0.06369565217391304
534500.0,3.0,2.5,1700,3150,2.0,0,0,3,1700,0,9,0,9,0.04065217391304348
690000.0,2.0,1.75,1600,4000,1.0,0,0,5,850,750,96,0,96,0.34195652173913044
530000.0,4.0,2.5,2050,6360,2.0,0,0,3,2050,0,26,1,14,0.04065217391304348
357186.0,2.0,1.75,1210,1040,2.0,0,0,3,1210,0,0,0,0,0.04065217391304348
300000.0,5.0,3.0,1940,6355,1.0,0,0,3,1200,740,7,0,7,0.34195652173913044
304000.0,4.0,2.0,1810,8750,1.0,0,0,2,1110,700,47,0,47,0.06369565217391304
385000.0,4.0,1.75,1690,4080,1.0,0,0,4,870,820,30,0,30,0.34195652173913044
415000.0,4.0,2.0,1800,2970,1.0,0,0,4,1000,800,91,0,91,0.34195652173913044
963000.0,4.0,3.5,3280,6603,2.0,0,0,3,3280,0,7,0,7,0.06217391304347826
309212.0,3.0,1.75,1150,9600,1.0,0,0,3,1150,0,35,1,0,0.010869565217391304
235000.0,2.0,1.5,880,1805,2.0,0,0,3,880,0,15,0,15,0.34195652173913044
667000.0,3.0,1.5,1720,8100,2.0,0,0,3,1720,0,107,1,31,0.34195652173913044
470000.0,3.0,1.5,1510,8000,1.0,0,0,4,1510,0,58,0,58,0.06217391304347826
375000.0,4.0,2.0,1240,3000,1.0,0,0,3,1040,200,106,1,26,0.34195652173913044
410000.0,4.0,2.0,1580,9581,1.0,0,0,3,1580,0,61,0,61,0.04065217391304348
566000.0,4.0,2.25,2170,7737,2.0,0,0,3,2170,0,27,1,14,0.03804347826086957
680000.0,4.0,2.75,2500,4950,2.0,0,0,3,2500,0,4,0,4,0.051086956521739134
332000.0,1.0,1.0,960,2640,1.0,0,0,3,760,200,106,1,26,0.34195652173913044
902000.0,4.0,2.5,3030,8507,2.0,0,0,3,3030,0,11,0,11,0.04065217391304348
500000.0,3.0,1.75,1540,10800,1.0,0,0,5,770,770,67,0,67,0.018695652173913044
445000.0,3.0,1.75,1890,32340,1.5,0,3,3,1890,0,38,0,38,0.006304347826086957
825000.0,4.0,2.5,2810,9800,1.0,0,0,4,1710,1100,41,0,41,0.06217391304347826
1095000.0,4.0,4.0,3530,8400,2.0,0,0,5,2630,900,56,0,56,0.34195652173913044
277000.0,3.0,1.0,1100,8536,1.0,0,0,4,1100,0,57,1,13,0.34195652173913044
545000.0,3.0,2.5,1940,9775,1.0,0,2,3,1440,500,39,0,39,0.04065217391304348
435000.0,3.0,2.5,2300,9521,2.0,0,0,3,2300,0,11,0,11,0.009130434782608696
638000.0,3.0,2.5,2110,3600,2.0,0,0,3,2110,0,9,0,9,0.051086956521739134
418000.0,4.0,1.5,1220,10580,1.0,0,0,3,1220,0,49,1,21,0.06217391304347826
499000.0,3.0,1.75,1750,12325,1.0,0,0,4,1470,280,46,0,46,0.051086956521739134
150000.0,3.0,1.5,1230,8056,1.0,0,0,4,1230,0,65,1,29,0.01608695652173913
759950.0,3.0,2.5,3100,23790,2.0,0,0,3,3100,0,12,0,12,0.03804347826086957
427000.0,3.0,2.5,1830,65340,1.0,0,0,3,1520,310,23,0,23,0.010869565217391304
632500.0,5.0,2.5,2640,7096,2.0,0,0,3,2640,0,11,0,11,0.051086956521739134
660000.0,6.0,1.75,1840,2774,1.0,0,0,3,1060,780,114,1,9,0.34195652173913044
862000.0,4.0,2.5,3190,14565,2.0,0,0,3,3190,0,24,1,5,0.025
524000.0,2.0,1.0,1120,2000,1.5,0,0,3,1120,0,104,1,8,0.34195652173913044
470000.0,3.0,1.5,1760,6723,1.0,0,0,3,1160,600,56,1,10,0.34195652173913044
385000.0,3.0,2.0,1590,9912,2.0,0,0,3,1590,0,14,0,14,0.006304347826086957
575000.0,4.0,2.5,2120,9603,2.0,0,0,3,2120,0,29,0,29,0.04065217391304348
220000.0,4.0,2.5,2240,9826,1.0,0,0,4,1370,870,26,0,26,0.03217391304347826
460000.0,2.0,1.0,890,2100,1.0,0,0,4,760,130,95,1,29,0.34195652173913044
175000.0,3.0,1.5,1220,7300,1.0,0,0,3,1220,0,41,1,1,0.03826086956521739
465000.0,3.0,2.25,2670,7500,1.0,0,0,4,1640,1030,48,0,48,0.01608695652173913
552000.0,3.0,1.0,1120,2300,1.0,0,0,4,820,300,102,1,25,0.34195652173913044
565000.0,4.0,2.75,3130,139392,2.0,0,0,4,3130,0,33,0,33,0.04021739130434782
518000.0,4.0,2.5,1740,7500,1.0,0,0,4,1220,520,38,1,22,0.051086956521739134
899950.0,4.0,3.5,3290,5414,2.0,0,1,3,2360,930,8,0,8,0.04065217391304348
373000.0,3.0,1.0,1770,5720,1.5,0,0,4,1140,630,88,1,21,0.34195652173913044
385000.0,4.0,2.5,2960,5054,2.0,0,0,3,2960,0,8,0,8,0.020869565217391306
245000.0,2.0,1.0,1200,4880,1.0,0,0,3,980,220,71,1,12,0.34195652173913044
375000.0,4.0,2.0,2400,6000,2.0,0,0,3,2400,0,101,1,69,0.007173913043478261
699850.0,4.0,3.5,2690,6164,2.0,0,0,3,2690,0,12,0,12,0.03804347826086957
450000.0,6.0,2.25,3550,11780,1.0,0,0,4,2960,590,66,0,66,0.34195652173913044
455000.0,2.0,1.5,1310,12196,1.5,0,0,3,1310,0,44,1,0,0.051086956521739134
650000.0,4.0,2.75,2610,4160,3.0,0,0,5,1910,700,104,0,104,0.34195652173913044
378000.0,5.0,2.5,2760,8015,1.0,0,0,4,1600,1160,54,1,13,0.34195652173913044
220000.0,3.0,2.0,1410,7998,1.0,0,0,4,1410,0,74,1,13,0.006304347826086957
285500.0,4.0,1.75,1960,7950,1.0,0,0,4,1960,0,47,0,47,0.03217391304347826
340000.0,3.0,2.5,1212,1174,3.0,0,0,3,1212,0,10,1,11,0.34195652173913044
921000.0,4.0,1.5,2220,9496,1.0,0,0,4,1490,730,60,1,35,0.06217391304347826
375000.0,4.0,2.5,2040,109336,1.5,0,0,4,2040,0,41,0,41,0.020869565217391306
999000.0,4.0,2.75,2800,19168,2.0,0,0,3,2800,0,22,0,22,0.03804347826086957
335000.0,3.0,1.5,2040,6000,1.0,0,0,3,1340,700,57,1,14,0.34195652173913044
385000.0,2.0,1.0,830,26329,1.0,1,3,4,830,0,86,0,86,0.006304347826086957
850000.0,4.0,3.5,4140,7089,2.0,0,0,3,3160,980,11,0,11,0.04065217391304348
429000.0,5.0,2.5,2340,4500,2.0,0,0,3,2340,0,5,0,5,0.06369565217391304
523950.0,3.0,2.25,1420,1282,3.0,0,0,3,1420,0,8,0,8,0.34195652173913044
798800.0,3.0,2.75,2670,3738,1.0,0,0,3,1720,950,1,1,91,0.06369565217391304
284000.0,3.0,2.5,1880,6008,2.0,0,0,3,1880,0,5,0,5,0.04021739130434782
852880.0,4.0,3.25,3450,6184,2.0,0,0,3,3450,0,0,0,0,0.03804347826086957
320000.0,3.0,2.25,1200,1400,3.0,0,0,3,1200,0,9,0,9,0.34195652173913044
749995.0,4.0,3.25,3430,9870,2.0,0,0,3,3430,0,0,0,0,0.007173913043478261
468500.0,3.0,2.5,1350,1186,2.0,0,0,3,1120,230,7,0,7,0.34195652173913044
492500.0,5.0,2.5,2570,9962,2.0,0,0,3,2570,0,8,0,8,0.009130434782608696
685000.0,4.0,3.5,2840,4637,3.0,0,0,3,2840,0,6,0,6,0.34195652173913044
542525.0,4.0,2.5,2650,5600,2.0,0,0,3,2650,0,0,0,0,0.06369565217391304
435000.0,3.0,2.0,1980,2674,3.0,0,0,3,1980,0,7,0,7,0.34195652173913044
242000.0,3.0,1.75,1280,7524,1.5,0,0,4,1280,0,26,0,26,0.04021739130434782
325000.0,4.0,2.5,2610,7091,2.0,0,0,3,2610,0,27,1,14,0.03217391304347826
837700.0,5.0,2.75,3010,12611,2.0,0,0,3,3010,0,20,0,20,0.051086956521739134
210000.0,1.0,1.0,930,7129,1.0,0,0,3,930,0,66,1,20,0.34195652173913044
187500.0,3.0,1.5,1180,7000,1.0,0,0,4,1180,0,37,0,37,0.03217391304347826
560000.0,5.0,1.0,1710,9100,1.5,0,0,4,1320,390,88,1,21,0.34195652173913044
272000.0,3.0,2.0,1380,7476,1.0,0,0,3,1380,0,25,0,25,0.03826086956521739
235000.0,3.0,1.75,1190,7280,1.0,0,0,4,1190,0,46,0,46,0.03826086956521739
259000.0,3.0,2.0,1870,5909,1.0,0,0,3,1270,600,28,0,28,0.04021739130434782
866059.0,5.0,3.5,3130,4797,2.0,0,0,3,2570,560,0,0,0,0.06217391304347826
473000.0,2.0,1.0,900,5100,1.0,0,0,4,900,0,105,1,25,0.34195652173913044
405000.0,3.0,1.5,1880,7400,1.0,0,0,3,1480,400,46,1,17,0.00782608695652174
870000.0,4.0,4.25,3010,4887,2.0,0,3,4,1940,1070,63,1,18,0.34195652173913044
475000.0,3.0,2.25,2280,5750,1.0,0,1,4,1150,1130,29,0,29,0.34195652173913044
499500.0,3.0,2.5,2970,21907,2.0,0,0,3,2970,0,16,1,8,0.06369565217391304
386000.0,2.0,2.5,1620,3196,2.0,0,0,3,1620,0,6,0,6,0.015434782608695652
458000.0,4.0,1.5,1550,3000,1.5,0,0,3,1350,200,96,0,96,0.34195652173913044
550000.0,3.0,1.75,2240,78225,2.0,0,0,5,2240,0,38,0,38,0.006304347826086957
605500.0,3.0,2.5,2830,6536,2.0,0,0,3,2830,0,25,0,25,0.025
421000.0,3.0,2.5,2890,21780,2.0,0,0,3,2890,0,14,0,14,0.006304347826086957
536000.0,4.0,2.25,1990,5948,2.0,0,0,3,1990,0,23,0,23,0.04065217391304348
247200.0,3.0,1.75,1370,8719,1.0,0,0,3,1370,0,32,0,32,0.009347826086956522
250000.0,2.0,1.5,1088,1360,2.0,0,0,3,1088,0,31,1,5,0.04065217391304348
204950.0,4.0,1.75,1740,9344,1.0,0,0,3,1180,560,36,0,36,0.03217391304347826
430000.0,3.0,2.0,1730,9000,1.0,0,0,3,1370,360,36,0,36,0.04065217391304348
250000.0,4.0,2.5,1800,8100,2.0,0,0,3,1800,0,16,1,8,0.020869565217391306
260000.0,3.0,1.75,1440,12888,1.0,0,2,3,1090,350,56,1,10,0.006304347826086957
547000.0,4.0,1.0,1720,2800,1.5,0,0,4,1200,520,88,1,21,0.34195652173913044
379900.0,5.0,3.5,2800,7350,2.0,0,0,3,2800,0,19,0,19,0.34195652173913044
738500.0,3.0,2.5,2300,6009,1.0,0,0,3,2300,0,9,0,9,0.051086956521739134
545000.0,4.0,2.25,2030,11585,1.0,0,0,4,1590,440,47,0,47,0.051086956521739134
342000.0,2.0,1.0,740,6180,1.0,0,0,3,740,0,66,1,20,0.34195652173913044
170000.0,4.0,1.0,1920,13787,1.0,0,0,4,1220,700,48,0,48,0.006304347826086957
616000.0,4.0,2.5,2490,12929,2.0,0,0,3,2490,0,31,1,5,0.03804347826086957
640000.0,3.0,2.0,1380,4800,1.0,0,0,3,1380,0,66,1,20,0.34195652173913044
332000.0,3.0,2.5,1530,9406,1.0,0,0,3,1270,260,21,0,21,0.06369565217391304
1010000.0,3.0,3.25,2420,1923,2.0,0,2,3,1840,580,8,0,8,0.34195652173913044
380000.0,4.0,2.5,2150,37647,2.0,0,0,3,2150,0,23,0,23,0.04021739130434782
415000.0,4.0,2.0,1610,9600,1.0,0,0,5,1610,0,47,0,47,0.007173913043478261
1008000.0,4.0,3.5,2650,3060,2.0,0,0,3,2060,590,13,0,13,0.34195652173913044
669000.0,4.0,2.75,2700,35362,2.0,0,0,5,2700,0,38,0,38,0.025
260000.0,3.0,1.5,1270,20700,1.0,0,0,2,1150,120,66,0,66,0.00782608695652174
854000.0,4.0,2.75,3150,38865,1.0,0,0,3,2480,670,28,0,28,0.051086956521739134
605000.0,3.0,2.25,2010,10760,2.0,0,0,3,2010,0,29,0,29,0.051086956521739134
320000.0,3.0,1.0,860,5060,1.5,0,0,3,860,0,87,1,3,0.34195652173913044
229950.0,3.0,2.0,1410,7466,1.0,0,0,3,1410,0,31,1,5,0.06369565217391304
255000.0,3.0,1.75,1700,7532,1.0,0,0,3,1700,0,27,1,14,0.04021739130434782
479000.0,2.0,2.25,1230,932,2.0,0,0,3,1020,210,10,1,11,0.34195652173913044
472000.0,3.0,2.5,1180,1262,3.0,0,0,3,1180,0,4,0,4,0.34195652173913044
198000.0,3.0,1.5,1430,7347,1.0,0,0,3,820,610,34,0,34,0.03217391304347826
440000.0,4.0,2.0,1450,8400,1.5,0,0,4,1450,0,52,0,52,0.04065217391304348
506000.0,3.0,1.75,2180,7700,1.0,0,0,3,1480,700,53,1,10,0.02673913043478261
382500.0,4.0,2.5,2210,7079,2.0,0,0,3,2210,0,21,0,21,0.04021739130434782
269500.0,2.0,1.5,1480,7276,1.0,0,0,4,940,540,36,1,14,0.06369565217391304
560000.0,3.0,2.0,2340,3477,1.0,0,1,5,1170,1170,43,0,43,0.34195652173913044
840000.0,4.0,3.5,3860,18334,2.0,0,0,3,3120,740,18,0,18,0.025
479500.0,3.0,2.75,2300,4637,2.0,0,0,3,2300,0,6,0,6,0.015434782608695652
402000.0,3.0,1.5,1450,7375,1.0,0,0,3,1010,440,46,1,17,0.04065217391304348
549000.0,2.0,2.5,1380,953,3.0,0,0,3,1380,0,8,0,8,0.34195652173913044
449950.0,4.0,2.5,2470,3811,2.0,0,0,3,2470,0,15,0,15,0.015434782608695652
493000.0,4.0,1.75,2030,18295,1.5,0,0,4,2030,0,39,0,39,0.04065217391304348
142500.0,4.0,0.75,1440,13300,1.0,0,0,3,1440,0,66,1,20,0.01608695652173913
250000.0,3.0,1.75,1160,6134,1.0,0,0,3,1160,0,16,1,8,0.03826086956521739
729000.0,3.0,1.0,1580,3840,2.0,0,0,3,1580,0,106,1,26,0.34195652173913044
465000.0,2.0,2.75,1430,1425,2.0,0,0,3,995,435,8,0,8,0.34195652173913044
465000.0,2.0,2.0,1494,19271,2.0,1,4,3,1494,0,71,1,17,0.006304347826086957
280000.0,4.0,2.25,1930,7207,1.0,0,0,4,1360,570,26,0,26,0.04021739130434782
675000.0,6.0,1.75,2740,6360,1.0,0,3,3,1370,1370,61,0,61,0.34195652173913044
667500.0,3.0,2.0,1880,3800,1.0,0,0,5,1030,850,87,0,87,0.34195652173913044
809000.0,3.0,2.5,2590,7720,2.0,0,0,3,2590,0,26,1,14,0.06217391304347826
400000.0,3.0,2.25,2140,11266,2.0,0,0,3,2140,0,28,0,28,0.009130434782608696
310000.0,4.0,2.0,1870,6000,1.5,0,0,3,1870,0,58,1,13,0.34195652173913044
435000.0,2.0,1.0,1230,3800,1.0,0,0,3,1230,0,86,1,60,0.34195652173913044
465950.0,4.0,2.5,2340,6896,2.0,0,0,3,2340,0,13,0,13,0.06369565217391304
253000.0,3.0,1.5,880,6600,1.0,0,0,5,880,0,69,0,69,0.34195652173913044
330000.0,3.0,2.5,3040,7232,2.0,0,0,3,3040,0,11,0,11,0.03826086956521739
554000.0,4.0,1.0,1120,7104,1.5,0,0,3,1120,0,68,0,68,0.34195652173913044
350000.0,3.0,2.0,1380,3600,3.0,0,0,3,1380,0,1,1,91,0.34195652173913044
294999.0,4.0,2.5,1660,9760,2.0,0,0,3,1660,0,20,0,20,0.04021739130434782
752000.0,4.0,2.5,2940,10382,2.0,0,0,4,2940,0,23,0,23,0.007173913043478261
451000.0,4.0,2.5,1670,3315,2.0,0,0,3,1670,0,9,0,9,0.04065217391304348
725000.0,4.0,2.75,2630,7505,2.0,0,0,3,2630,0,20,0,20,0.051086956521739134
345000.0,4.0,2.75,2250,7412,1.0,0,0,4,1480,770,39,0,39,0.06369565217391304
206000.0,3.0,1.0,1320,7000,1.0,0,0,4,1320,0,47,0,47,0.03826086956521739
580000.0,5.0,2.0,2700,10875,1.0,0,0,4,1540,1160,52,0,52,0.06217391304347826
430000.0,3.0,1.0,980,7200,1.0,0,0,4,980,0,64,1,31,0.34195652173913044
720000.0,4.0,2.5,2650,11520,2.0,0,0,3,2110,540,26,1,14,0.04065217391304348
824000.0,7.0,4.25,3670,4000,2.0,0,1,3,2800,870,50,1,14,0.34195652173913044
936000.0,3.0,1.75,2960,12420,1.0,0,2,4,1480,1480,62,0,62,0.34195652173913044
535000.0,4.0,2.75,3070,7201,2.0,0,0,3,3070,0,8,0,8,0.06369565217391304
286800.0,3.0,2.5,1413,3600,2.0,0,0,3,1413,0,3,0,3,0.04021739130434782
350000.0,2.0,2.5,1260,1347,3.0,0,0,3,1260,0,9,0,9,0.34195652173913044
345000.0,3.0,2.5,1680,2229,2.0,0,0,3,1680,0,7,0,7,0.02673913043478261
435000.0,3.0,2.25,1230,1238,2.0,0,0,3,1080,150,5,0,5,0.34195652173913044
461000.0,3.0,3.25,2770,6278,2.0,0,0,3,1980,790,8,0,8,0.06369565217391304
770000.0,3.0,2.25,2910,10204,2.0,0,0,3,2910,0,24,1,5,0.051086956521739134
330000.0,3.0,2.5,1600,26977,2.0,0,0,3,1600,0,9,0,9,0.009130434782608696
322500.0,4.0,2.5,1820,6753,2.0,0,0,3,1820,0,20,0,20,0.020869565217391306
475000.0,3.0,1.75,1700,8432,1.0,0,0,3,1230,470,37,1,10,0.34195652173913044
250275.0,2.0,1.0,790,11234,1.0,0,0,4,790,0,72,1,32,0.00391304347826087
274500.0,3.0,2.25,1720,9000,1.0,0,0,4,1320,400,45,0,45,0.03217391304347826
284950.0,3.0,1.0,990,10723,1.0,0,0,5,990,0,54,0,54,0.06369565217391304
264950.0,4.0,1.75,1770,9011,1.0,0,0,5,1050,720,31,0,31,0.009347826086956522
242000.0,3.0,2.0,1260,8092,1.0,0,0,3,1260,0,28,0,28,0.020869565217391306
913000.0,4.0,2.5,3640,10576,2.0,0,0,3,3640,0,15,0,15,0.03804347826086957
555000.0,3.0,1.75,2040,6000,1.0,0,0,5,1120,920,56,0,56,0.34195652173913044
711000.0,4.0,1.75,1980,10800,1.0,0,0,5,990,990,66,1,29,0.018695652173913044
403500.0,5.0,2.5,3600,17300,1.0,0,0,4,2410,1190,46,0,46,0.00391304347826087
253779.0,4.0,2.0,2030,9600,1.5,0,0,3,1430,600,67,1,2,0.006304347826086957
384400.0,3.0,3.25,1689,1388,3.0,0,0,3,1689,0,6,0,6,0.34195652173913044
646000.0,5.0,2.75,2870,4461,1.0,0,0,3,1650,1220,38,0,38,0.34195652173913044
415000.0,3.0,1.75,1270,4800,1.0,0,0,3,1270,0,62,1,0,0.34195652173913044
764000.0,4.0,2.5,2790,7938,2.0,0,0,3,2790,0,17,0,17,0.03804347826086957
507000.0,5.0,3.25,3850,16249,2.0,0,2,3,3030,820,12,0,12,0.03826086956521739
545500.0,3.0,2.5,1560,9361,1.5,0,0,4,1360,200,78,0,78,0.34195652173913044
450000.0,3.0,1.75,1180,4080,1.0,0,0,4,760,420,86,0,86,0.34195652173913044
264000.0,4.0,1.75,1820,8118,1.0,0,0,4,1080,740,34,0,34,0.04021739130434782
650000.0,5.0,1.75,1260,4500,1.5,0,0,3,1260,0,88,1,11,0.34195652173913044
365000.0,3.0,2.5,2640,6715,2.0,0,0,3,1680,960,23,0,23,0.06369565217391304
343566.0,2.0,1.0,1100,4200,1.0,0,0,3,1100,0,60,1,9,0.34195652173913044
375000.0,3.0,2.5,1950,6871,2.0,0,0,3,1950,0,17,0,17,0.02673913043478261
295000.0,3.0,2.0,1380,8682,1.0,0,0,4,1380,0,48,0,48,0.012608695652173913
325000.0,3.0,2.75,2200,7000,1.0,0,0,4,1280,920,37,0,37,0.06369565217391304
265000.0,4.0,1.5,2050,7100,1.0,0,0,3,1050,1000,51,1,6,0.03826086956521739
562000.0,5.0,3.0,2795,15101,2.0,0,0,3,2795,0,18,0,18,0.009130434782608696
540000.0,4.0,2.5,2050,34222,2.0,0,0,4,2050,0,25,0,25,0.025
279950.0,5.0,1.75,2150,7171,1.0,0,0,4,1460,690,44,0,44,0.04021739130434782
540000.0,3.0,1.75,1970,8200,1.0,0,0,5,1420,550,51,0,51,0.02673913043478261
310000.0,4.0,2.5,2660,12672,1.0,0,0,4,1740,920,54,1,13,0.03217391304347826
190000.0,1.0,1.0,720,4800,1.0,0,0,3,720,0,100,1,18,0.34195652173913044
440000.0,4.0,2.5,2410,4780,2.0,0,0,3,2410,0,14,0,14,0.015434782608695652
230000.0,2.0,1.0,1080,9435,1.0,0,0,3,1080,0,56,1,10,0.06369565217391304
455000.0,3.0,1.75,1180,14292,1.0,0,0,3,1180,0,33,1,1,0.010869565217391304
175000.0,2.0,1.0,660,5000,1.0,0,0,3,660,0,99,0,99,0.34195652173913044
650000.0,3.0,1.75,2920,9370,1.0,0,0,4,1620,1300,33,0,33,0.06217391304347826
192500.0,3.0,1.0,1080,8580,1.5,0,0,3,1080,0,114,1,9,0.006304347826086957
239950.0,3.0,1.75,1670,6900,1.0,0,0,3,1170,500,36,0,36,0.03217391304347826
175000.0,6.0,1.0,1370,5080,1.5,0,0,3,1120,250,83,0,83,0.34195652173913044
850000.0,5.0,3.5,3450,28324,1.0,0,0,5,2350,1100,42,0,42,0.04065217391304348
410000.0,4.0,2.0,1970,10500,1.0,0,0,3,1820,150,53,1,10,0.01608695652173913
570000.0,4.0,2.5,2290,6738,2.0,0,0,3,2290,0,18,0,18,0.04065217391304348
469000.0,5.0,2.5,2240,7543,1.0,0,0,3,1140,1100,48,1,51,0.02673913043478261
559000.0,2.0,1.0,1240,6400,1.0,0,1,4,1060,180,76,0,76,0.34195652173913044
739888.0,3.0,2.5,2420,43177,2.0,0,4,4,1690,730,25,0,25,0.03804347826086957
568450.0,5.0,3.5,3260,58806,2.0,0,0,4,3260,0,45,0,45,0.04021739130434782
240000.0,2.0,1.0,670,10920,1.0,0,0,3,670,0,72,1,15,0.34195652173913044
574950.0,5.0,3.25,3160,10000,2.0,0,0,4,3160,0,34,0,34,0.04065217391304348
180000.0,3.0,2.25,1990,6350,2.0,0,0,3,1990,0,47,1,3,0.012608695652173913
300000.0,3.0,2.5,1700,3575,2.0,0,0,3,1700,0,14,0,14,0.34195652173913044
630000.0,4.0,2.5,2807,9430,2.0,0,0,3,2807,0,18,0,18,0.014347826086956521
507000.0,4.0,1.75,1770,9375,1.0,0,0,4,1170,600,46,0,46,0.051086956521739134
287500.0,4.0,2.5,2570,9000,1.0,0,0,4,1590,980,35,0,35,0.03217391304347826
688000.0,3.0,3.0,3450,16200,2.0,0,0,3,3450,0,31,1,5,0.03804347826086957
424000.0,3.0,2.0,1670,7700,1.0,0,0,3,1170,500,42,1,12,0.04065217391304348
400000.0,3.0,1.75,1050,6150,1.5,0,0,4,950,100,86,0,86,0.34195652173913044
620000.0,4.0,2.5,1910,7683,2.0,0,0,3,1910,0,27,1,14,0.04065217391304348
300000.0,3.0,1.0,910,7700,1.0,0,0,4,910,0,43,0,43,0.04065217391304348
615000.0,5.0,2.25,2480,12070,2.0,0,0,3,2480,0,36,0,36,0.03804347826086957
206000.0,2.0,1.5,1820,8867,2.0,0,0,3,1820,0,93,1,14,0.006304347826086957
515500.0,4.0,2.5,2920,7700,2.0,0,0,3,2920,0,11,0,11,0.009130434782608696
554000.0,5.0,2.25,1870,11411,1.0,0,0,4,1170,700,53,1,13,0.00782608695652174
825000.0,4.0,3.5,3810,9792,2.0,0,0,3,3810,0,76,1,1,0.34195652173913044
855000.0,4.0,2.25,2190,4080,2.0,0,0,3,1800,390,96,0,96,0.34195652173913044
315000.0,3.0,2.5,1730,6368,2.0,0,0,3,1730,0,21,0,21,0.020869565217391306
299000.0,5.0,2.5,2220,9360,1.0,0,0,4,1110,1110,46,0,46,0.06369565217391304
650000.0,3.0,1.5,1320,8114,1.0,0,0,3,1320,0,63,1,20,0.06217391304347826
465000.0,3.0,1.75,1510,4800,1.0,0,2,3,860,650,89,1,3,0.34195652173913044
535000.0,3.0,2.0,2120,4080,2.0,0,0,3,2120,0,11,0,11,0.051086956521739134
564000.0,2.0,2.0,1690,4500,1.0,0,0,3,1690,0,10,1,11,0.051086956521739134
515000.0,3.0,3.5,1360,1419,2.0,0,0,3,1040,320,7,0,7,0.34195652173913044
580000.0,4.0,2.5,3250,5000,2.0,0,0,3,3250,0,6,0,6,0.06369565217391304
309000.0,3.0,2.25,1490,1294,2.0,0,0,3,1220,270,4,0,4,0.34195652173913044
536751.0,3.0,1.75,1930,6360,1.0,0,0,3,1930,0,1,1,91,0.015434782608695652
415000.0,4.0,2.5,2020,5501,2.0,0,0,3,2020,0,4,0,4,0.06369565217391304
267000.0,3.0,2.25,1584,2800,2.0,0,0,3,1584,0,2,1,102,0.03826086956521739
820000.0,4.0,2.5,3170,8523,2.0,0,0,3,3170,0,6,0,6,0.04065217391304348
485000.0,2.0,2.5,1430,923,3.0,0,0,3,1410,20,6,0,6,0.34195652173913044
482000.0,3.0,3.25,1380,1120,3.0,0,0,3,1380,0,6,0,6,0.34195652173913044
535000.0,4.0,2.5,2610,4595,2.0,0,0,3,2610,0,6,0,6,0.014347826086956521
690000.0,3.0,3.25,1540,1428,3.0,0,0,3,1540,0,1,1,91,0.34195652173913044
576000.0,3.0,2.5,1940,9000,1.0,0,0,4,970,970,66,0,66,0.34195652173913044
378750.0,3.0,2.5,2160,3000,1.5,0,0,3,1260,900,105,1,3,0.34195652173913044
269900.0,4.0,1.75,1530,8750,1.5,0,0,4,1530,0,46,0,46,0.06369565217391304
210000.0,3.0,2.0,1440,7210,1.0,0,0,3,1440,0,31,1,5,0.03826086956521739
429900.0,4.0,2.5,2640,8625,2.0,0,0,3,2640,0,27,1,14,0.06369565217391304
360000.0,4.0,2.5,2850,4650,2.0,0,0,3,2850,0,10,1,11,0.020869565217391306
405000.0,2.0,1.0,1260,4377,1.0,0,0,4,1260,0,67,1,26,0.34195652173913044
450000.0,3.0,1.75,1610,11200,1.0,0,0,3,1610,0,59,1,9,0.04065217391304348
703000.0,3.0,2.0,1360,5980,1.5,0,0,3,1360,0,69,1,6,0.34195652173913044
661000.0,4.0,2.5,2496,8058,2.0,0,0,3,2496,0,16,1,8,0.051086956521739134
580000.0,4.0,2.25,2160,9593,1.0,0,0,3,2160,0,45,1,4,0.06217391304347826
464000.0,3.0,1.0,1320,3625,2.0,0,0,3,1320,0,114,1,9,0.34195652173913044
945000.0,2.0,2.5,2540,7089,2.0,0,0,3,2540,0,10,1,11,0.34195652173913044
659500.0,4.0,3.0,2620,18362,1.0,0,0,4,1870,750,58,0,58,0.06217391304347826
200000.0,3.0,1.5,1140,8340,1.0,0,0,3,1140,0,54,1,2,0.006304347826086957
280000.0,3.0,2.0,1790,42399,1.0,0,0,4,1790,0,24,0,24,0.03826086956521739
346150.0,3.0,2.0,2140,7200,1.0,0,0,4,1480,660,48,0,48,0.06369565217391304
197500.0,3.0,1.0,1330,5412,2.0,0,0,5,1330,0,109,0,109,0.00608695652173913
799000.0,4.0,2.5,2590,7910,2.0,0,0,3,2590,0,13,0,13,0.34195652173913044
350000.0,2.0,1.0,1620,9205,1.0,0,0,5,850,770,93,0,93,0.04065217391304348
720000.0,4.0,2.5,2440,34290,2.0,0,0,3,2440,0,27,1,14,0.051086956521739134
519000.0,3.0,2.75,2020,10744,1.0,0,0,5,1270,750,60,0,60,0.00391304347826087
590300.0,3.0,1.5,1470,7200,2.0,0,0,4,1470,0,107,0,107,0.34195652173913044
410000.0,6.0,2.75,2520,9324,1.0,0,0,4,1320,1200,52,0,52,0.00782608695652174
437000.0,2.0,1.75,1440,4225,1.0,0,0,3,1440,0,9,0,9,0.051086956521739134
221000.0,3.0,2.25,1640,7350,1.0,0,0,3,1140,500,30,0,30,0.03217391304347826
380000.0,4.0,2.25,2150,20181,1.0,0,0,3,1090,1060,51,1,6,0.014347826086956521
506000.0,2.0,1.0,1570,8210,1.0,0,0,4,1150,420,62,0,62,0.34195652173913044
395000.0,4.0,1.0,1980,10350,1.0,0,0,4,1430,550,46,0,46,0.04065217391304348
285000.0,3.0,1.0,1210,4731,1.5,0,0,3,1210,0,113,0,113,0.34195652173913044
311000.0,3.0,1.75,1900,3000,1.5,0,0,5,1070,830,111,0,111,0.34195652173913044
520000.0,3.0,1.75,1940,219527,1.0,0,0,3,1940,0,23,0,23,0.020869565217391306
435000.0,3.0,1.75,1310,8065,1.0,0,0,4,1310,0,66,0,66,0.34195652173913044
120000.0,2.0,1.0,990,39964,1.0,0,0,2,990,0,69,0,69,0.04021739130434782
186000.0,3.0,2.0,1340,4320,1.0,0,0,3,920,420,102,1,21,0.03826086956521739
756000.0,4.0,2.25,2160,5600,1.0,0,0,5,1080,1080,67,0,67,0.34195652173913044
248000.0,4.0,2.0,2080,13510,1.0,0,0,3,1040,1040,64,1,9,0.34195652173913044
287000.0,3.0,2.0,1300,11374,1.5,0,0,5,1300,0,81,0,81,0.006304347826086957
510000.0,4.0,2.5,2610,8031,2.0,0,0,3,2610,0,16,1,8,0.00782608695652174
249000.0,3.0,1.0,1050,8498,1.0,0,0,4,1050,0,55,0,55,0.04021739130434782
340000.0,3.0,2.5,2480,6112,2.0,0,0,3,2480,0,10,1,11,0.06369565217391304
399888.0,4.0,2.25,1820,8255,1.5,0,0,4,1320,500,84,0,84,0.34195652173913044
440000.0,3.0,1.75,1170,8740,1.0,0,0,4,1170,0,46,0,46,0.051086956521739134
899000.0,4.0,2.25,2370,6000,1.0,0,2,3,1440,930,55,1,25,0.34195652173913044
540500.0,5.0,3.75,3090,7415,2.0,0,0,3,3090,0,0,0,0,0.01608695652173913
385000.0,3.0,1.75,2310,11200,1.0,0,0,4,1630,680,36,1,14,0.04021739130434782
558000.0,4.0,2.25,2060,10358,1.0,0,0,4,1320,740,52,0,52,0.06217391304347826
600000.0,3.0,2.0,2540,237402,1.0,0,0,3,2540,0,7,0,7,0.00608695652173913
450000.0,4.0,2.5,2400,7693,2.0,0,0,3,2400,0,11,0,11,0.06369565217391304
232500.0,3.0,1.0,1320,8450,1.0,0,0,3,880,440,53,1,10,0.03217391304347826
436000.0,2.0,1.0,790,6600,1.0,0,0,3,790,0,65,1,16,0.34195652173913044
240000.0,4.0,2.0,1790,14690,1.0,0,1,4,1670,120,54,1,13,0.012608695652173913
489950.0,3.0,2.25,1820,7326,2.0,0,0,3,1820,0,31,1,5,0.04065217391304348
680000.0,6.0,2.0,1670,3000,1.0,0,0,5,900,770,103,1,30,0.34195652173913044
1068000.0,5.0,3.5,3990,9938,2.0,0,0,3,3990,0,13,0,13,0.007173913043478261
352450.0,3.0,2.0,1430,6000,1.0,0,0,5,1430,0,69,0,69,0.02673913043478261
335000.0,4.0,2.0,2030,103672,1.0,0,0,4,2030,0,45,0,45,0.00608695652173913
549000.0,4.0,1.75,1290,3060,2.0,0,0,4,1290,0,108,1,24,0.34195652173913044
618250.0,4.0,3.25,2520,3360,1.5,0,0,4,1550,970,83,0,83,0.34195652173913044
850000.0,2.0,1.75,1590,5136,1.5,0,3,3,1320,270,87,1,3,0.34195652173913044
930000.0,5.0,2.0,3530,9385,1.5,0,0,3,3530,0,89,1,12,0.34195652173913044
505000.0,3.0,2.5,1610,4611,2.0,0,0,3,1610,0,18,0,18,0.04065217391304348
925000.0,4.0,2.5,3280,209088,2.0,0,0,3,3280,0,20,0,20,0.051086956521739134
275000.0,3.0,1.75,1860,15681,1.0,0,0,4,1860,0,43,0,43,0.03217391304347826
499000.0,3.0,1.75,1840,5000,1.0,0,0,4,920,920,104,0,104,0.34195652173913044
507000.0,3.0,2.5,2120,7201,2.0,0,0,3,2120,0,11,0,11,0.34195652173913044
619850.0,4.0,2.5,2270,9247,1.0,0,0,5,1500,770,42,0,42,0.06217391304347826
500000.0,3.0,2.5,2840,48716,1.0,0,3,3,1870,970,20,0,20,0.004782608695652174
310000.0,4.0,1.5,1220,9600,1.0,0,0,3,1220,0,34,0,34,0.004782608695652174
646000.0,4.0,2.5,2310,4079,2.0,0,0,3,2310,0,6,0,6,0.34195652173913044
265000.0,3.0,1.75,1840,7300,1.0,0,0,3,1840,0,48,1,51,0.03217391304347826
475000.0,3.0,2.5,950,1110,2.0,0,0,3,950,0,11,0,11,0.34195652173913044
600000.0,4.0,2.25,3070,8400,2.0,0,0,4,3070,0,44,0,44,0.04065217391304348
470000.0,3.0,2.0,1730,38884,1.0,0,0,3,1730,0,17,0,17,0.020869565217391306
319950.0,2.0,1.0,920,8341,1.0,0,0,3,920,0,75,1,45,0.34195652173913044
712000.0,3.0,2.75,3200,6699,2.0,0,0,3,3200,0,10,1,11,0.03804347826086957
775000.0,4.0,2.75,3010,15992,2.0,0,0,3,3010,0,18,0,18,0.03804347826086957
390000.0,3.0,2.25,1600,10240,1.0,0,0,3,1090,510,35,1,0,0.04065217391304348
585000.0,4.0,2.5,2840,11044,2.0,0,0,3,2840,0,13,0,13,0.04065217391304348
1027000.0,3.0,2.5,2430,10500,2.0,0,1,3,2430,0,25,0,25,0.06217391304347826
232603.0,3.0,1.75,1750,11461,2.0,0,0,4,1750,0,38,1,22,0.03826086956521739
543000.0,3.0,2.25,1240,949,3.0,0,0,3,1240,0,6,0,6,0.34195652173913044
607500.0,3.0,3.25,1530,1612,3.0,0,0,3,1530,0,8,0,8,0.34195652173913044
750000.0,3.0,3.5,3390,10078,2.0,0,0,3,3040,350,2,1,102,0.007173913043478261
728050.0,3.0,2.5,2320,6775,1.0,0,0,3,2320,0,6,0,6,0.051086956521739134
734990.0,4.0,2.5,2650,6884,2.0,0,0,3,2650,0,2,1,102,0.051086956521739134
330000.0,3.0,2.5,2238,7209,2.0,0,0,3,2238,0,3,0,3,0.03217391304347826
605000.0,4.0,2.5,2620,7553,2.0,0,0,3,2620,0,18,0,18,0.007173913043478261
441000.0,3.0,2.75,1910,7280,1.0,0,0,3,1160,750,35,1,0,0.04065217391304348
650000.0,4.0,2.5,3040,6587,2.0,0,0,3,3040,0,11,0,11,0.051086956521739134
395000.0,3.0,1.0,1500,4000,1.0,0,0,3,900,600,89,1,12,0.34195652173913044
245000.0,1.0,0.75,380,15000,1.0,0,0,3,380,0,51,1,6,0.01608695652173913
905000.0,4.0,3.5,2970,14486,2.0,0,0,3,2340,630,17,0,17,0.018695652173913044
660000.0,4.0,3.25,3030,9273,2.0,0,0,5,3030,0,26,0,26,0.04065217391304348
378000.0,4.0,2.5,1890,12236,1.0,0,0,3,1230,660,36,0,36,0.010869565217391304
600000.0,2.0,1.0,1040,3600,1.0,0,0,4,1040,0,95,1,34,0.34195652173913044
632500.0,4.0,2.5,2090,10306,2.0,0,0,3,2090,0,28,0,28,0.03804347826086957
210000.0,2.0,2.0,1680,5756,2.0,0,0,4,1680,0,104,0,104,0.03826086956521739
754800.0,2.0,2.5,2770,7781,2.0,0,0,3,2770,0,8,0,8,0.051086956521739134
175000.0,2.0,1.0,1020,5130,1.0,0,0,4,1020,0,66,0,66,0.03826086956521739
455000.0,3.0,2.25,1470,4653,2.0,0,0,4,1470,0,29,0,29,0.04065217391304348
450000.0,3.0,2.0,1430,3480,1.0,0,0,3,980,450,67,1,2,0.34195652173913044
790000.0,4.0,1.75,2050,10920,1.0,0,3,3,1450,600,40,0,40,0.00782608695652174
480000.0,4.0,1.0,2080,5500,1.0,0,0,3,1040,1040,73,1,20,0.34195652173913044
850000.0,3.0,2.25,2870,8170,2.0,0,0,3,2250,620,19,0,19,0.34195652173913044
725000.0,4.0,3.25,3940,27591,2.0,0,3,3,3440,500,14,0,14,0.06369565217391304
380000.0,3.0,1.5,1520,4288,1.0,0,0,3,1020,500,65,1,16,0.34195652173913044
979000.0,3.0,1.5,1700,14133,1.0,0,1,4,1700,0,60,1,35,0.06217391304347826
359950.0,3.0,2.25,1940,11612,1.0,0,0,4,1100,840,33,0,33,0.34195652173913044
665900.0,4.0,2.25,2870,5453,2.0,0,1,4,2220,650,88,1,21,0.34195652173913044
812000.0,3.0,3.25,3240,8338,2.0,0,0,3,3240,0,13,0,13,0.03804347826086957
203000.0,3.0,1.0,1150,7156,1.0,0,0,4,1150,0,61,1,31,0.01608695652173913
456000.0,3.0,1.5,1440,28516,1.0,0,0,4,1440,0,39,0,39,0.03804347826086957
547000.0,5.0,2.5,2200,4080,1.5,0,0,5,1420,780,98,0,98,0.34195652173913044
280000.0,3.0,2.0,1470,8089,1.0,0,0,3,1470,0,27,1,14,0.012608695652173913
640000.0,2.0,1.75,1760,4400,1.0,0,0,4,880,880,84,0,84,0.34195652173913044
477000.0,3.0,1.75,1780,8085,1.0,0,0,3,1210,570,38,0,38,0.007173913043478261
455000.0,4.0,2.25,2450,21000,1.0,0,2,4,1650,800,60,1,35,0.01608695652173913
587206.0,3.0,3.5,1890,1710,2.0,0,0,3,1640,250,15,0,15,0.34195652173913044
425000.0,3.0,2.5,2540,5612,2.0,0,0,3,2540,0,15,0,15,0.06369565217391304
511500.0,4.0,1.0,1360,6000,1.5,0,0,3,1360,0,97,1,5,0.34195652173913044
218000.0,2.0,2.0,1310,2841,2.0,0,0,3,1310,0,10,1,11,0.020869565217391306
332000.0,3.0,2.0,1510,7884,1.0,0,0,3,1510,0,72,1,0,0.01608695652173913
291000.0,3.0,1.5,1860,60960,1.0,0,0,4,1140,720,47,0,47,0.009347826086956522
279000.0,4.0,2.0,2200,7700,1.0,0,0,3,1100,1100,35,1,0,0.06369565217391304
950000.0,4.0,2.5,3360,11548,2.0,0,0,3,3360,0,26,1,14,0.04065217391304348
970500.0,3.0,2.75,2470,10125,2.0,0,0,3,2470,0,54,1,2,0.018695652173913044
412000.0,2.0,1.0,1260,3960,1.0,0,0,3,690,570,89,1,12,0.34195652173913044
400000.0,3.0,1.0,1430,10005,1.5,0,0,4,1430,0,64,1,31,0.34195652173913044
200000.0,3.0,2.25,1230,7420,1.5,0,0,5,1230,0,101,0,101,0.03826086956521739
397000.0,4.0,2.5,2320,11717,2.0,0,0,3,2320,0,17,0,17,0.010869565217391304
715000.0,4.0,2.5,3290,6628,2.0,0,0,3,3290,0,11,0,11,0.03804347826086957
371000.0,4.0,2.5,2550,4770,2.0,0,0,3,2550,0,9,0,9,0.020869565217391306
458000.0,3.0,2.5,1870,5013,2.0,0,0,3,1870,0,11,0,11,0.007173913043478261
436500.0,5.0,3.0,3110,12429,1.0,0,0,3,1790,1320,37,1,10,0.007173913043478261
329950.0,3.0,2.5,1820,8085,2.0,0,0,3,1820,0,31,1,5,0.06369565217391304
950000.0,3.0,3.25,3050,18892,1.0,1,4,4,1650,1400,52,0,52,0.012608695652173913
282000.0,4.0,2.0,1890,6302,2.0,0,0,3,1890,0,17,0,17,0.04021739130434782
250000.0,1.0,1.0,800,16306,1.0,0,0,2,680,120,83,0,83,0.34195652173913044
400000.0,4.0,1.75,2670,189486,2.0,0,4,3,2670,0,42,1,12,0.03826086956521739
681500.0,5.0,2.75,3260,11700,1.0,0,0,3,1630,1630,50,1,14,0.06217391304347826
200000.0,2.0,1.0,860,6600,1.0,0,0,5,860,0,65,0,65,0.01608695652173913
995000.0,4.0,4.5,3850,13551,2.0,0,2,3,3000,850,16,1,8,0.06217391304347826
355000.0,4.0,2.5,2040,8265,2.0,0,0,3,2040,0,18,0,18,0.34195652173913044
425000.0,3.0,2.25,1790,10209,1.0,0,0,3,1290,500,47,1,3,0.025
869000.0,4.0,3.0,3740,30884,2.0,0,0,3,3060,680,26,1,14,0.025
915000.0,3.0,3.25,2660,4000,2.0,0,0,3,2170,490,11,0,11,0.34195652173913044
925000.0,4.0,2.0,3140,10437,1.0,0,0,4,2040,1100,55,0,55,0.018695652173913044
390000.0,3.0,1.0,1160,3750,1.5,0,0,3,1160,0,104,1,8,0.34195652173913044
330000.0,3.0,2.25,1860,11227,2.0,0,0,3,1860,0,19,0,19,0.020869565217391306
482500.0,4.0,3.0,1630,7626,1.0,0,0,5,1110,520,24,0,24,0.34195652173913044
525000.0,3.0,2.25,1750,1879,3.0,0,0,3,1750,0,13,0,13,0.34195652173913044
237000.0,3.0,1.0,1300,8160,1.0,0,0,4,1300,0,54,1,13,0.06369565217391304
205000.0,3.0,1.0,960,7314,1.0,0,0,5,960,0,54,0,54,0.03826086956521739
623000.0,3.0,2.5,1850,7777,2.0,0,0,5,1850,0,25,0,25,0.04065217391304348
565000.0,4.0,2.75,3260,4900,2.0,0,0,3,3260,0,1,1,91,0.06369565217391304
400000.0,4.0,2.25,2420,7927,1.0,0,0,4,1400,1020,41,0,41,0.02673913043478261
405000.0,3.0,1.0,1460,10000,1.5,0,0,3,1460,0,12,0,12,0.03804347826086957
337000.0,4.0,3.0,2240,8504,2.0,0,0,3,2240,0,22,0,22,0.02673913043478261
355000.0,2.0,1.0,1240,27042,1.0,0,1,3,1000,240,71,1,12,0.006304347826086957
885000.0,3.0,2.25,2060,9552,1.0,0,0,4,1610,450,39,0,39,0.018695652173913044
420000.0,5.0,2.75,2280,10319,1.0,0,0,3,1300,980,55,1,25,0.02673913043478261
448000.0,4.0,2.5,2510,6853,2.0,0,2,3,2510,0,8,0,8,0.020869565217391306
800000.0,4.0,2.75,3150,7035,2.0,0,0,3,3150,0,10,1,11,0.03804347826086957
830000.0,5.0,2.25,2780,10192,2.0,0,0,4,2780,0,36,1,14,0.06217391304347826
725000.0,6.0,1.75,2380,4080,2.0,0,0,3,2380,0,97,1,5,0.34195652173913044
780000.0,3.0,2.25,2140,3000,2.0,0,0,3,2140,0,109,1,8,0.34195652173913044
325000.0,2.0,1.0,840,4239,1.0,0,0,3,840,0,66,1,20,0.34195652173913044
488800.0,4.0,2.25,2170,9665,1.0,0,0,4,1300,870,38,1,22,0.06217391304347826
489000.0,4.0,2.0,2120,11479,1.0,0,0,4,1060,1060,74,1,13,0.34195652173913044
595000.0,3.0,2.75,3290,22649,2.0,0,0,4,3290,0,21,0,21,0.007173913043478261
359900.0,5.0,2.25,2290,7420,1.0,0,0,3,1290,1000,41,1,1,0.06369565217391304
925000.0,4.0,2.75,3730,8014,2.0,0,0,3,3730,0,2,1,102,0.03804347826086957
625000.0,3.0,2.5,2440,4800,2.0,0,0,3,2440,0,0,0,0,0.34195652173913044
339990.0,3.0,2.5,2570,4600,2.0,0,0,3,2570,0,0,0,0,0.03826086956521739
775950.0,4.0,2.5,2970,4400,2.0,0,0,3,2970,0,0,0,0,0.051086956521739134
420000.0,5.0,3.0,2630,3149,2.0,0,0,3,1670,960,1,1,91,0.06369565217391304
654000.0,3.0,3.25,1530,1565,2.0,0,0,3,1280,250,9,0,9,0.34195652173913044
725000.0,3.0,3.5,3690,8837,2.0,0,0,3,3690,0,13,0,13,0.015434782608695652
375000.0,2.0,1.0,1230,1820,2.0,0,0,4,830,400,66,0,66,0.34195652173913044
1100000.0,3.0,2.5,2200,20000,1.0,0,1,3,1400,800,62,1,6,0.06217391304347826
639500.0,4.0,2.25,2330,8994,2.0,0,0,3,2330,0,28,0,28,0.051086956521739134
849000.0,4.0,2.0,2160,6300,1.5,0,1,4,2160,0,86,0,86,0.34195652173913044
418000.0,4.0,1.5,1550,9176,1.0,0,0,3,1000,550,58,1,13,0.06217391304347826
442900.0,4.0,1.75,1780,2788,1.0,0,0,4,890,890,71,0,71,0.34195652173913044
750000.0,3.0,1.75,2610,5544,1.5,0,0,3,1680,930,80,1,36,0.34195652173913044
930000.0,3.0,2.5,3290,6830,2.0,0,0,3,3290,0,14,0,14,0.051086956521739134
565000.0,2.0,1.75,1330,6000,1.0,0,0,4,960,370,100,1,69,0.34195652173913044
874150.0,4.0,3.5,3530,14406,2.0,0,1,3,2570,960,27,1,14,0.04065217391304348
545000.0,4.0,2.5,2090,6023,2.0,0,0,3,2090,0,24,1,5,0.04065217391304348
500000.0,4.0,2.5,2040,8400,1.0,0,0,3,1420,620,51,1,6,0.06217391304347826
687000.0,4.0,2.5,2370,10083,2.0,0,0,5,2370,0,48,0,48,0.04065217391304348
810000.0,4.0,2.5,2810,10613,2.0,0,0,3,2810,0,25,0,25,0.06217391304347826
439500.0,3.0,2.5,2050,40003,1.0,0,0,4,1570,480,37,0,37,0.04065217391304348
802000.0,3.0,1.75,2870,5000,1.5,0,0,4,1840,1030,107,0,107,0.34195652173913044
732600.0,4.0,2.5,2130,7300,1.0,0,0,4,1230,900,51,0,51,0.06217391304347826
374000.0,4.0,2.5,2580,6260,2.0,0,0,3,2580,0,10,1,11,0.06369565217391304
330000.0,4.0,2.5,2380,13550,2.0,0,0,3,2380,0,15,0,15,0.006304347826086957
365000.0,4.0,2.0,1940,25600,1.0,0,0,1,1940,0,52,0,52,0.06217391304347826
290900.0,2.0,2.0,1610,17600,2.0,0,0,3,1610,0,84,1,31,0.006304347826086957
577000.0,3.0,2.5,2060,5750,1.0,0,0,3,1330,730,38,0,38,0.34195652173913044
280000.0,2.0,1.0,1010,3000,1.0,0,0,4,1010,0,89,1,46,0.010869565217391304
675000.0,4.0,2.5,2810,11120,2.0,0,0,3,2810,0,32,0,32,0.03804347826086957
800000.0,3.0,2.25,2380,11824,1.0,0,0,4,1450,930,42,0,42,0.018695652173913044
299995.0,2.0,1.0,1060,7200,1.0,0,0,4,1060,0,63,1,15,0.02673913043478261
440000.0,3.0,1.75,1560,7207,1.0,0,0,3,1250,310,31,1,5,0.04065217391304348
249500.0,2.0,1.75,1500,8645,1.0,0,0,4,1500,0,51,0,51,0.009347826086956522
690000.0,2.0,1.0,970,4560,1.0,0,0,4,970,0,107,0,107,0.34195652173913044
235000.0,3.0,1.0,1170,11100,1.0,0,0,4,1170,0,46,0,46,0.06369565217391304
320000.0,3.0,2.5,2280,7417,2.0,0,0,3,2280,0,16,1,8,0.03826086956521739
350000.0,7.0,3.0,2800,9569,1.0,0,2,3,1400,1400,51,1,6,0.06369565217391304
334000.0,4.0,1.5,1150,9360,1.5,0,0,3,1150,0,44,1,0,0.04065217391304348
235000.0,6.0,3.0,2180,7956,2.0,0,0,3,2180,0,34,0,34,0.03217391304347826
442000.0,4.0,2.5,2520,7253,2.0,0,0,3,2520,0,24,1,5,0.06369565217391304
264000.0,3.0,1.75,1760,7482,1.0,0,0,4,1760,0,48,0,48,0.03217391304347826
275000.0,2.0,1.0,1180,6552,1.0,0,0,4,1180,0,65,1,29,0.02673913043478261
430000.0,2.0,1.5,950,4625,1.0,0,0,4,950,0,65,1,29,0.34195652173913044
550000.0,3.0,2.5,1900,3255,2.0,0,0,3,1900,0,26,1,14,0.06217391304347826
775000.0,4.0,2.5,2300,6158,2.0,0,0,3,2300,0,15,0,15,0.34195652173913044
603500.0,6.0,2.75,2660,8400,1.0,0,0,5,1550,1110,52,0,52,0.06217391304347826
230000.0,3.0,1.0,1530,389126,1.5,0,0,4,1530,0,95,1,29,0.00608695652173913
449000.0,4.0,2.5,1850,5040,1.0,0,0,3,1230,620,84,1,1,0.34195652173913044
420000.0,3.0,2.0,1200,5029,1.0,0,0,3,880,320,77,1,15,0.34195652173913044
735000.0,4.0,2.25,2270,5102,1.0,0,0,5,1340,930,60,0,60,0.34195652173913044
200000.0,3.0,1.5,1090,9600,1.0,0,0,4,1090,0,46,0,46,0.009347826086956522
286000.0,3.0,2.75,1100,750,2.0,0,0,3,780,320,6,0,6,0.34195652173913044
579000.0,3.0,2.5,1640,1269,3.0,0,0,3,1640,0,5,0,5,0.34195652173913044
345100.0,3.0,3.75,1950,8625,1.0,0,0,3,1360,590,55,1,25,0.34195652173913044
350000.0,3.0,1.75,1660,10150,1.5,0,0,3,1660,0,57,1,14,0.02673913043478261
291500.0,3.0,1.0,880,9238,1.5,0,0,5,880,0,68,0,68,0.02673913043478261
649950.0,3.0,2.5,1500,1375,2.0,0,0,3,1200,300,0,0,0,0.34195652173913044
458500.0,3.0,2.0,1890,1599,2.0,0,0,3,1430,460,2,1,102,0.34195652173913044
500000.0,3.0,1.0,1150,5100,2.0,0,0,3,1150,0,103,1,9,0.34195652173913044
362300.0,3.0,2.5,2430,15264,2.0,0,0,3,2430,0,17,0,17,0.04021739130434782
324000.0,4.0,1.75,2110,7208,1.0,0,0,3,1170,940,39,0,39,0.06369565217391304
495000.0,3.0,2.0,2950,12196,2.0,0,0,4,2310,640,96,1,40,0.01608695652173913
233500.0,3.0,2.25,1650,2958,2.0,0,0,3,1650,0,29,0,29,0.04021739130434782
479000.0,3.0,2.25,2110,11319,2.0,0,0,4,2110,0,36,1,14,0.025
322200.0,4.0,2.25,2010,19000,2.0,0,0,4,2010,0,39,0,39,0.009347826086956522
835000.0,4.0,2.5,3030,29163,2.0,0,0,3,3030,0,16,1,8,0.051086956521739134
347000.0,3.0,1.0,1270,8400,1.0,0,0,3,1270,0,59,1,9,0.007173913043478261
725000.0,3.0,1.75,1610,8613,1.0,0,0,5,1610,0,52,0,52,0.04065217391304348
345000.0,3.0,1.0,1140,4200,2.0,0,0,4,1140,0,110,0,110,0.34195652173913044
345950.0,3.0,2.5,2110,4118,2.0,0,0,3,2110,0,25,0,25,0.04021739130434782
550000.0,3.0,1.75,1840,8086,1.0,0,0,4,1840,0,50,0,50,0.051086956521739134
399950.0,3.0,1.75,1560,5223,1.0,0,0,4,810,750,74,1,13,0.34195652173913044
269500.0,3.0,1.75,1840,7412,1.0,0,0,4,1240,600,38,1,22,0.04021739130434782
494000.0,4.0,2.5,1830,7345,1.0,0,0,4,1540,290,41,0,41,0.02673913043478261
453000.0,4.0,1.75,2120,7420,1.0,0,0,4,1060,1060,58,0,58,0.06217391304347826
442500.0,3.0,1.75,1600,10280,1.0,0,0,3,1050,550,37,1,10,0.04065217391304348
235000.0,4.0,1.75,1450,8891,1.5,0,0,3,1180,270,52,1,11,0.006304347826086957
389800.0,3.0,1.75,1880,12821,1.0,0,0,3,1880,0,55,1,25,0.00782608695652174
346000.0,3.0,1.75,1270,8100,1.0,0,0,3,880,390,64,1,9,0.01608695652173913
360000.0,4.0,1.5,1720,6417,1.0,0,0,3,1720,0,61,0,61,0.34195652173913044
650000.0,4.0,2.5,2400,7351,2.0,0,0,3,2400,0,24,1,5,0.04065217391304348
290000.0,3.0,1.0,1150,8145,1.0,0,0,4,990,160,82,1,56,0.02673913043478261
234000.0,2.0,1.0,870,11100,1.0,0,0,3,870,0,74,1,18,0.34195652173913044
260000.0,4.0,2.5,2000,37045,2.0,0,0,3,2000,0,25,0,25,0.04021739130434782
349900.0,3.0,2.0,2420,38781,1.0,0,0,5,1210,1210,65,0,65,0.04065217391304348
275000.0,3.0,1.0,1080,6000,1.0,0,0,4,1080,0,62,0,62,0.02673913043478261
725000.0,4.0,2.5,3420,30410,2.0,0,0,3,3420,0,26,1,14,0.025
375000.0,4.0,2.5,1870,7471,2.0,0,0,3,1870,0,24,1,5,0.06369565217391304
806000.0,4.0,2.5,2500,206474,1.0,0,0,3,2500,0,17,0,17,0.051086956521739134
470000.0,3.0,2.5,2150,8221,2.0,0,0,3,2150,0,22,0,22,0.06369565217391304
490000.0,3.0,2.25,1470,2500,2.0,0,0,3,1080,390,30,0,30,0.34195652173913044
615000.0,5.0,2.0,2130,4180,1.5,0,0,5,1270,860,88,0,88,0.34195652173913044
249000.0,3.0,1.0,1000,19204,1.0,0,0,3,1000,0,46,1,4,0.04021739130434782
396500.0,3.0,1.75,2390,7149,1.0,0,0,3,1350,1040,59,1,9,0.34195652173913044
405000.0,2.0,1.0,860,2599,1.0,0,0,4,860,0,113,0,113,0.34195652173913044
560000.0,3.0,2.5,1960,12476,2.0,0,0,4,1960,0,25,0,25,0.007173913043478261
459950.0,4.0,2.5,2000,6107,2.0,0,0,3,2000,0,11,0,11,0.007173913043478261
265000.0,3.0,1.0,1620,9450,1.5,0,0,3,1620,0,86,1,60,0.34195652173913044
502000.0,6.0,2.5,2890,8122,1.0,0,0,3,1630,1260,37,1,10,0.06217391304347826
430000.0,3.0,1.75,1300,12731,1.0,0,0,3,1300,0,33,1,1,0.03804347826086957
525000.0,2.0,1.0,1080,3500,1.0,0,3,3,1080,0,90,1,3,0.34195652173913044
415000.0,4.0,2.5,2170,8518,1.0,0,3,3,1350,820,59,1,9,0.34195652173913044
600000.0,3.0,2.5,2260,10153,2.0,0,0,3,2260,0,27,1,14,0.03804347826086957
225000.0,3.0,1.75,1580,8820,1.0,0,0,4,1580,0,47,0,47,0.03217391304347826
300000.0,4.0,2.5,2620,4469,2.0,0,0,3,2620,0,6,0,6,0.009347826086956522
491234.0,4.0,2.5,1540,1860,2.0,0,0,3,1540,0,0,0,0,0.04065217391304348
905000.0,4.0,3.25,3440,7661,2.0,0,0,3,3440,0,8,0,8,0.04065217391304348
199950.0,5.0,2.5,1740,8750,1.0,0,0,4,1740,0,55,0,55,0.012608695652173913
450000.0,4.0,1.75,2160,4333,1.0,0,0,4,1260,900,72,1,32,0.34195652173913044
899000.0,3.0,1.0,1480,6978,2.0,0,0,4,1480,0,65,1,29,0.0008695652173913044
649000.0,2.0,1.75,2260,280962,2.0,0,2,3,1890,370,9,0,9,0.004782608695652174
780000.0,4.0,3.5,3910,59863,2.0,0,0,4,2490,1420,27,0,27,0.04065217391304348
400000.0,4.0,1.75,1700,20283,1.5,0,0,3,1340,360,49,1,21,0.009130434782608696
471001.0,3.0,1.75,1800,6000,1.0,0,0,5,900,900,109,0,109,0.34195652173913044
385000.0,3.0,3.25,1630,1677,3.0,0,0,3,1630,0,7,0,7,0.34195652173913044
326000.0,3.0,1.0,1030,9834,1.0,0,0,3,1030,0,45,1,4,0.025
335000.0,1.0,1.0,720,5100,1.0,0,0,3,720,0,107,1,31,0.34195652173913044
320000.0,4.0,1.5,1890,43560,1.0,0,0,4,1890,0,40,0,40,0.03826086956521739
300000.0,4.0,2.5,1840,5550,2.0,0,0,3,1840,0,10,1,11,0.04021739130434782
269950.0,4.0,2.5,2540,8400,2.0,0,0,5,2540,0,37,0,37,0.04021739130434782
590000.0,4.0,2.5,3220,7875,1.5,0,0,4,3220,0,48,0,48,0.06217391304347826
750000.0,3.0,2.0,1820,5000,1.5,0,0,4,1720,100,73,1,16,0.34195652173913044
239950.0,3.0,1.75,1230,9600,1.0,0,0,4,1230,0,30,0,30,0.009347826086956522
215000.0,3.0,2.0,1340,8505,1.0,0,0,3,1340,0,83,0,83,0.006304347826086957
165000.0,3.0,1.0,1200,13100,1.0,0,0,3,1200,0,71,1,12,0.006304347826086957
261350.0,3.0,1.75,1390,18200,1.0,0,0,4,1390,0,52,0,52,0.03217391304347826
569000.0,4.0,2.0,1730,3884,1.0,0,0,5,1060,670,90,1,58,0.34195652173913044
425000.0,3.0,2.25,1580,39189,1.0,0,0,3,1180,400,22,0,22,0.051086956521739134
800000.0,4.0,3.0,3520,4895,1.0,0,0,3,1980,1540,60,1,9,0.34195652173913044
715000.0,4.0,2.5,2650,30500,1.0,0,0,4,1680,970,54,1,13,0.04065217391304348
337000.0,3.0,1.75,1310,12750,1.0,0,0,3,1310,0,21,0,21,0.06369565217391304
560000.0,4.0,2.5,2300,7989,2.0,0,0,3,2300,0,24,1,5,0.03804347826086957
449500.0,3.0,2.25,1780,7280,1.0,0,2,3,1340,440,42,1,12,0.04065217391304348
660000.0,3.0,3.25,1980,2850,3.0,0,0,3,1980,0,27,1,14,0.34195652173913044
685000.0,2.0,1.5,1300,1676,1.0,0,2,3,1300,0,71,1,12,0.34195652173913044
905000.0,5.0,3.5,3500,10155,2.0,0,0,3,2570,930,18,0,18,0.06217391304347826
403500.0,3.0,1.0,1830,8004,1.0,0,0,3,1200,630,54,1,2,0.34195652173913044
405000.0,3.0,2.25,1520,1245,3.0,0,0,3,1520,0,10,1,11,0.34195652173913044
385000.0,4.0,2.75,2700,37011,2.0,0,0,3,2700,0,30,0,30,0.04021739130434782
285000.0,3.0,2.5,1660,6263,2.0,0,0,3,1660,0,11,0,11,0.04021739130434782
249900.0,3.0,2.0,1310,6738,1.0,0,0,4,1310,0,24,0,24,0.009347826086956522
633634.0,4.0,3.5,2960,6000,2.0,0,0,3,2960,0,0,0,0,0.015434782608695652
329900.0,3.0,2.5,2242,4995,2.0,0,0,3,2242,0,3,0,3,0.03826086956521739
310000.0,3.0,2.5,2540,4775,2.0,0,0,3,2540,0,8,0,8,0.04021739130434782
345000.0,3.0,1.5,1420,1192,2.0,0,0,3,1140,280,6,0,6,0.34195652173913044
160797.0,3.0,1.5,1270,2356,2.0,0,0,3,1270,0,2,1,102,0.34195652173913044
562500.0,3.0,2.25,1300,907,2.0,0,0,3,1000,300,8,0,8,0.34195652173913044
664950.0,5.0,3.0,3190,7081,1.0,0,2,3,1890,1300,1,1,91,0.34195652173913044
515000.0,5.0,3.25,2910,5027,2.0,0,0,3,2040,870,1,1,91,0.34195652173913044
497000.0,3.0,2.25,1630,3817,2.0,0,0,3,1630,0,9,0,9,0.04065217391304348
312891.0,5.0,3.0,2300,8214,2.0,0,0,3,2300,0,1,1,91,0.03217391304347826
670000.0,3.0,2.5,3310,5300,2.0,0,2,3,2440,870,6,0,6,0.34195652173913044
362500.0,2.0,1.5,940,1768,2.0,0,0,3,940,0,5,0,5,0.34195652173913044
402101.0,2.0,0.75,1020,1350,2.0,0,0,3,1020,0,5,0,5,0.34195652173913044
438000.0,3.0,1.75,1520,6380,1.0,0,0,3,790,730,66,1,20,0.34195652173913044
687500.0,4.0,1.75,2330,5000,1.5,0,0,4,1510,820,85,0,85,0.34195652173913044
160000.0,3.0,1.5,1010,9600,1.0,0,0,4,1010,0,52,0,52,0.012608695652173913
415000.0,3.0,1.75,1070,8000,1.0,0,0,3,1070,0,37,1,10,0.051086956521739134
405000.0,3.0,2.5,3170,12750,2.0,0,0,3,2360,810,19,0,19,0.03217391304347826
880000.0,4.0,2.5,3030,3841,3.0,0,0,3,3030,0,9,0,9,0.34195652173913044
585000.0,3.0,2.5,2270,100545,2.0,0,0,3,2270,0,16,1,8,0.006304347826086957
640000.0,4.0,2.5,2341,9594,2.0,0,0,3,2341,0,17,0,17,0.051086956521739134
819000.0,3.0,3.5,2130,6150,2.0,0,2,5,1530,600,106,0,106,0.34195652173913044
520000.0,3.0,1.75,2300,35722,1.0,0,0,3,2300,0,30,0,30,0.025
367500.0,3.0,1.0,1660,11783,1.0,0,0,4,1160,500,36,1,14,0.025
762500.0,4.0,2.75,2610,8760,1.0,0,0,4,1760,850,36,1,14,0.018695652173913044
300000.0,3.0,1.0,2150,7007,1.0,0,0,3,2150,0,60,1,9,0.02673913043478261
625000.0,3.0,2.5,2410,64073,1.0,0,0,4,1820,590,38,1,22,0.025
530000.0,2.0,1.5,1580,3680,1.0,0,2,3,1280,300,73,1,20,0.34195652173913044
379000.0,3.0,2.5,1740,30886,2.0,0,0,3,1740,0,22,0,22,0.010869565217391304
615000.0,2.0,1.0,1270,5000,1.0,0,0,3,1090,180,65,1,16,0.34195652173913044
660000.0,2.0,2.25,2550,6000,2.0,0,0,5,1860,690,112,0,112,0.34195652173913044
380000.0,3.0,2.25,1860,15559,2.0,0,0,4,1860,0,51,0,51,0.00608695652173913
314900.0,4.0,1.75,2700,27072,1.0,0,0,3,1380,1320,56,1,10,0.03217391304347826
324950.0,3.0,1.5,1460,8710,1.0,0,0,3,1460,0,59,1,9,0.01608695652173913
225000.0,3.0,1.75,1330,13102,1.0,0,0,3,1330,0,46,1,17,0.03217391304347826
535000.0,3.0,2.5,2070,4132,2.0,0,0,3,2070,0,15,0,15,0.03804347826086957
348500.0,3.0,1.5,1360,10726,1.0,0,0,4,1360,0,48,0,48,0.06369565217391304
725000.0,4.0,2.5,2650,18295,2.0,0,0,3,2650,0,28,0,28,0.06217391304347826
925000.0,4.0,3.0,3580,35261,1.5,0,0,3,3580,0,29,0,29,0.025
549000.0,2.0,1.0,2034,13392,1.0,1,4,5,1159,875,67,0,67,0.006304347826086957
400000.0,3.0,2.0,1230,11413,1.0,0,0,3,990,240,30,0,30,0.03804347826086957
620000.0,4.0,2.5,2450,55387,2.0,0,0,3,2450,0,20,0,20,0.051086956521739134
665000.0,6.0,2.75,2840,8346,1.0,0,0,5,1420,1420,53,0,53,0.34195652173913044
349950.0,4.0,2.5,2090,5289,2.0,0,0,3,2090,0,25,0,25,0.06369565217391304
339000.0,4.0,2.0,2470,5080,1.5,0,0,3,1970,500,66,1,26,0.34195652173913044
615000.0,3.0,1.75,1720,4080,1.0,0,0,4,960,760,90,0,90,0.34195652173913044
751000.0,4.0,3.25,3090,9571,2.0,0,0,3,2370,720,10,1,11,0.051086956521739134
941000.0,4.0,1.75,2320,3825,1.5,0,0,5,1820,500,88,0,88,0.34195652173913044
600000.0,4.0,1.75,1740,7700,1.0,0,0,5,1740,0,46,0,46,0.06217391304347826
455000.0,4.0,2.5,2950,4502,2.0,0,0,3,2950,0,9,0,9,0.06369565217391304
485000.0,3.0,2.5,1500,5412,1.0,0,0,5,900,600,94,0,94,0.34195652173913044
358000.0,3.0,1.5,1810,100188,1.0,0,0,5,1810,0,45,0,45,0.00608695652173913
339000.0,3.0,1.0,1100,4128,1.0,0,0,4,720,380,72,1,32,0.34195652173913044
258000.0,3.0,1.0,1490,7435,1.0,0,0,3,1120,370,45,1,4,0.012608695652173913
455000.0,2.0,1.5,1200,1259,2.0,0,0,3,1000,200,1,1,91,0.34195652173913044
437000.0,4.0,2.5,1890,8505,1.0,0,0,3,1290,600,34,0,34,0.051086956521739134
689000.0,3.0,1.75,2200,9840,1.0,0,0,5,1500,700,36,0,36,0.06217391304347826
319000.0,4.0,2.5,2510,7992,1.0,0,0,3,1610,900,36,0,36,0.04021739130434782
510000.0,3.0,2.25,1420,1309,3.0,0,0,3,1420,0,8,0,8,0.34195652173913044
440000.0,3.0,1.75,2000,9900,1.0,0,2,4,1480,520,57,1,13,0.00391304347826087
1010000.0,2.0,2.0,1460,9052,1.0,0,2,5,1460,0,114,0,114,0.04065217391304348
875000.0,4.0,2.5,3220,22588,2.0,0,0,3,3220,0,18,0,18,0.025
304000.0,4.0,2.0,1310,8454,1.0,0,0,4,1310,0,61,1,31,0.02673913043478261
139000.0,2.0,1.0,690,5280,1.0,0,0,4,690,0,72,1,32,0.06369565217391304
464500.0,3.0,1.75,1150,10466,1.0,0,0,5,1150,0,55,0,55,0.06217391304347826
336500.0,3.0,1.0,1480,7284,1.0,0,0,3,970,510,51,1,6,0.02673913043478261
230000.0,4.0,1.75,1850,6000,1.0,0,0,4,1270,580,70,0,70,0.34195652173913044
425000.0,3.0,2.5,1930,4500,2.0,0,0,3,1930,0,24,1,5,0.04065217391304348
300000.0,2.0,1.0,750,5120,1.0,0,0,4,750,0,73,1,16,0.34195652173913044
457500.0,3.0,2.25,1430,2003,2.0,0,0,3,980,450,18,0,18,0.34195652173913044
366000.0,3.0,1.75,1840,11440,1.0,0,0,4,1340,500,37,0,37,0.06369565217391304
502000.0,3.0,2.0,1300,14350,1.0,0,0,3,1300,0,59,1,1,0.06217391304347826
194000.0,3.0,1.0,1050,7577,1.0,0,0,3,1050,0,31,1,5,0.03217391304347826
305000.0,4.0,2.25,2210,9371,2.0,0,0,4,2210,0,46,0,46,0.04021739130434782
343500.0,4.0,1.75,1760,6204,1.0,0,2,4,1180,580,64,1,31,0.34195652173913044
325000.0,3.0,1.0,850,6906,1.0,0,0,3,850,0,66,1,20,0.02673913043478261
850000.0,4.0,3.5,3920,37122,2.0,0,0,3,3920,0,18,0,18,0.051086956521739134
420000.0,3.0,2.5,2140,3821,2.0,0,0,3,2140,0,9,0,9,0.04065217391304348
257500.0,2.0,2.0,1180,9265,1.0,0,0,3,1180,0,74,1,18,0.34195652173913044
317000.0,5.0,2.5,2360,11375,1.0,0,0,4,1180,1180,52,0,52,0.34195652173913044
970000.0,3.0,2.25,3060,9950,1.5,0,2,4,1810,1250,84,0,84,0.34195652173913044
252000.0,3.0,2.25,1670,7881,1.0,0,0,4,1190,480,37,0,37,0.04021739130434782
683500.0,3.0,1.5,1820,5756,1.5,0,0,3,1640,180,68,0,68,0.34195652173913044
289000.0,3.0,2.5,1970,9607,2.0,0,0,3,1090,880,26,1,14,0.03826086956521739
355000.0,2.0,2.25,930,747,2.0,0,0,3,630,300,7,0,7,0.34195652173913044
675000.0,3.0,3.5,2300,5611,1.0,0,0,3,2300,0,10,1,11,0.051086956521739134
396500.0,3.0,2.5,2590,18980,1.0,0,0,4,2590,0,38,1,22,0.04021739130434782
362500.0,4.0,1.75,1450,8450,1.0,0,0,3,1450,0,54,1,2,0.04065217391304348
395000.0,4.0,1.75,1540,5120,1.0,0,0,5,770,770,71,0,71,0.34195652173913044
599000.0,5.0,2.75,2730,22572,1.0,0,0,3,2080,650,46,1,22,0.03804347826086957
218000.0,3.0,1.0,880,18205,1.0,0,0,4,880,0,69,0,69,0.34195652173913044
589950.0,4.0,2.5,3190,8195,2.0,0,0,3,3190,0,8,0,8,0.020869565217391306
218000.0,3.0,1.5,1330,7600,1.0,0,0,4,1330,0,46,0,46,0.03217391304347826
360000.0,3.0,1.75,1500,7200,1.0,0,0,3,1500,0,57,1,14,0.02673913043478261
350000.0,2.0,1.0,740,7680,1.0,0,0,4,740,0,92,0,92,0.34195652173913044
350000.0,4.0,3.0,2560,5606,2.0,0,0,3,2560,0,10,1,11,0.03826086956521739
845000.0,3.0,2.0,2540,4750,1.5,0,0,5,1840,700,84,0,84,0.34195652173913044
839000.0,3.0,2.5,3200,203425,1.0,0,0,3,3200,0,14,0,14,0.025
850000.0,4.0,3.0,3330,4000,1.0,0,0,3,1790,1540,56,1,10,0.34195652173913044
329950.0,2.0,1.0,900,5220,1.0,0,0,4,900,0,58,0,58,0.34195652173913044
425000.0,4.0,1.5,1600,6180,1.5,0,0,3,1600,0,68,0,68,0.34195652173913044
210000.0,2.0,1.0,970,5500,1.0,0,0,3,970,0,58,1,13,0.34195652173913044
631500.0,2.0,1.0,1130,2640,1.0,0,0,4,1130,0,87,0,87,0.34195652173913044
295000.0,2.0,1.0,650,5400,1.0,0,0,3,650,0,64,1,9,0.34195652173913044
575000.0,3.0,2.25,2400,5000,1.5,0,0,4,1440,960,88,1,21,0.34195652173913044
415000.0,3.0,2.5,2280,6031,2.0,0,0,3,2280,0,3,0,3,0.009130434782608696
859000.0,4.0,2.25,3550,13900,1.0,0,0,3,1830,1720,4,0,4,0.06217391304347826
639888.0,4.0,2.5,2050,2772,2.0,0,0,3,2050,0,2,1,102,0.04065217391304348
329445.0,2.0,1.5,830,1119,2.0,0,0,3,830,0,9,0,9,0.34195652173913044
745641.0,4.0,2.5,2440,4850,2.0,0,0,3,2440,0,1,1,91,0.051086956521739134
395000.0,3.0,2.5,1600,1936,2.0,0,0,3,1600,0,7,0,7,0.34195652173913044
790000.0,4.0,3.5,3190,31450,2.0,0,0,3,3190,0,4,0,4,0.04065217391304348
890000.0,4.0,1.0,2550,4000,2.0,0,0,3,2370,180,109,1,4,0.34195652173913044
400000.0,3.0,2.5,2180,7508,1.0,0,0,4,1420,760,52,0,52,0.02673913043478261
365500.0,3.0,2.0,1410,9600,1.0,0,0,4,1410,0,31,0,31,0.025
245000.0,3.0,2.0,1410,5760,1.0,0,0,3,1410,0,29,0,29,0.04021739130434782
390000.0,4.0,2.5,2340,8548,2.0,0,0,3,2340,0,21,0,21,0.04021739130434782
196500.0,3.0,1.0,1320,9000,1.0,0,0,3,1320,0,48,1,51,0.03826086956521739
276900.0,3.0,1.0,1270,7566,1.0,0,0,4,1270,0,56,1,42,0.06369565217391304
505000.0,3.0,2.5,1860,8060,2.0,0,0,4,1860,0,27,0,27,0.04065217391304348
352000.0,4.0,1.0,1530,8890,1.0,0,0,3,980,550,89,1,12,0.34195652173913044
597326.0,4.0,4.0,3570,8250,2.0,0,0,3,2860,710,1,1,91,0.018695652173913044
800000.0,2.0,1.0,1740,5719,1.0,0,0,3,1740,0,59,1,9,0.34195652173913044
270000.0,3.0,2.5,1670,8364,1.0,0,0,4,1300,370,24,0,24,0.009347826086956522
235000.0,4.0,2.0,1570,9415,2.0,0,0,4,1570,0,30,0,30,0.03826086956521739
409900.0,2.0,2.5,1590,1845,2.0,0,0,3,1590,0,17,0,17,0.04065217391304348
739900.0,5.0,2.5,2980,5377,2.0,0,0,3,2980,0,8,0,8,0.051086956521739134
608000.0,4.0,2.5,2690,4736,2.0,0,0,3,2690,0,13,0,13,0.051086956521739134
381500.0,2.0,1.0,900,2910,1.0,0,0,5,900,0,90,1,58,0.34195652173913044
562100.0,2.0,0.75,1440,3700,1.0,0,0,3,1200,240,100,1,18,0.34195652173913044
740000.0,4.0,2.5,3000,10392,2.0,0,0,3,3000,0,19,0,19,0.04065217391304348
308000.0,3.0,1.0,1640,18144,1.5,0,0,3,1640,0,72,1,15,0.34195652173913044
905000.0,5.0,3.5,3100,10200,1.0,0,4,3,1660,1440,44,1,0,0.06217391304347826
762000.0,4.0,3.5,4000,15253,2.0,0,0,3,4000,0,7,0,7,0.015434782608695652
356000.0,4.0,2.0,2020,48693,1.5,0,0,3,2020,0,65,1,16,0.010869565217391304
750000.0,3.0,1.5,1840,5000,1.5,0,0,5,1340,500,99,0,99,0.34195652173913044
418800.0,4.0,2.25,2100,9984,1.0,0,0,4,1290,810,41,0,41,0.014347826086956521
276000.0,4.0,2.25,2460,11250,1.0,0,0,4,2460,0,55,0,55,0.03826086956521739
725000.0,3.0,2.5,2610,7510,2.0,0,0,3,2610,0,18,0,18,0.051086956521739134
285000.0,3.0,2.0,1460,6377,1.0,0,0,3,1460,0,19,0,19,0.020869565217391306
205000.0,3.0,1.0,1050,8498,1.0,0,0,3,1050,0,56,1,10,0.04021739130434782
583000.0,3.0,2.5,1790,8144,2.0,0,0,3,1790,0,25,0,25,0.03804347826086957
657000.0,4.0,2.5,2180,3375,1.5,0,0,4,1420,760,88,1,21,0.34195652173913044
386000.0,4.0,2.25,2050,9583,2.0,0,2,3,1770,280,49,1,21,0.012608695652173913
589950.0,5.0,3.0,2790,19439,1.0,0,3,5,1500,1290,41,0,41,0.06369565217391304
575000.0,3.0,2.25,1700,3333,1.5,0,0,3,1100,600,90,1,3,0.34195652173913044
574000.0,3.0,2.5,2380,6832,2.0,0,0,3,2380,0,12,0,12,0.015434782608695652
690500.0,5.0,2.0,2000,4211,1.5,0,2,4,1280,720,106,0,106,0.34195652173913044
565000.0,2.0,1.75,1670,4008,1.0,0,0,3,1670,0,9,0,9,0.04065217391304348
500000.0,3.0,1.5,1190,4750,1.0,0,0,3,970,220,74,1,18,0.34195652173913044
330000.0,6.0,2.25,3040,28535,1.0,0,0,3,1890,1150,63,1,20,0.04021739130434782
286000.0,2.0,1.0,780,3475,1.0,0,0,4,780,0,84,0,84,0.010869565217391304
450000.0,3.0,1.5,2330,11740,1.0,0,0,3,1330,1000,60,1,9,0.00782608695652174
870000.0,4.0,2.75,2840,4000,1.5,0,0,5,1960,880,102,0,102,0.34195652173913044
725000.0,4.0,2.5,2490,5170,2.0,0,0,4,2490,0,14,0,14,0.051086956521739134
275000.0,2.0,1.0,770,4840,1.0,0,0,4,770,0,87,0,87,0.34195652173913044
645000.0,3.0,2.75,1850,16960,1.0,0,2,4,1850,0,61,1,31,0.34195652173913044
152000.0,3.0,1.0,1090,3264,1.0,0,0,4,1090,0,45,0,45,0.03826086956521739
315000.0,4.0,2.0,1780,5336,1.5,0,0,5,930,850,96,0,96,0.34195652173913044
190000.0,1.0,0.75,930,29258,1.0,0,0,3,930,0,73,1,20,0.34195652173913044
700000.0,4.0,2.5,2770,5686,2.0,0,0,3,2770,0,10,1,11,0.03804347826086957
233000.0,3.0,1.0,1250,6180,1.5,0,0,3,1250,0,59,1,9,0.02673913043478261
249000.0,4.0,2.25,1830,6136,2.0,0,0,3,1830,0,24,1,5,0.04021739130434782
310000.0,2.0,1.0,870,5400,1.0,0,0,3,870,0,64,1,7,0.34195652173913044
265950.0,3.0,1.5,1150,8450,1.0,0,0,4,1150,0,63,1,15,0.34195652173913044
200000.0,3.0,1.0,1150,4800,1.5,0,0,4,1150,0,76,0,76,0.03826086956521739
402000.0,4.0,2.25,2000,3672,2.0,0,0,5,1650,350,88,0,88,0.34195652173913044
305000.0,6.0,2.0,1900,8240,1.0,0,0,2,1200,700,50,0,50,0.34195652173913044
505000.0,3.0,1.75,1640,10695,1.0,0,2,3,1640,0,39,0,39,0.04065217391304348
482000.0,3.0,2.5,2420,7307,2.0,0,0,3,2420,0,16,1,8,0.015434782608695652
299950.0,3.0,1.75,1790,7650,1.0,0,3,3,1790,0,36,0,36,0.03217391304347826
770000.0,4.0,2.5,3920,12415,2.0,0,0,3,3920,0,17,0,17,0.03804347826086957
245700.0,3.0,2.25,1640,8400,1.0,0,0,3,1180,460,46,1,17,0.04021739130434782
283000.0,3.0,1.0,890,8400,1.0,0,0,4,890,0,60,1,35,0.06369565217391304
650000.0,4.0,2.75,1910,16532,1.0,0,0,4,1420,490,74,1,13,0.34195652173913044
530000.0,5.0,2.25,2140,7910,1.0,0,0,3,1070,1070,52,1,11,0.06217391304347826
440000.0,3.0,1.75,2030,17100,1.0,0,0,4,2030,0,61,1,31,0.01608695652173913
599990.0,3.0,2.25,2680,9162,1.0,0,0,3,1570,1110,36,0,36,0.04065217391304348
544000.0,4.0,2.5,2030,3974,2.0,0,0,3,2030,0,20,0,20,0.04065217391304348
270000.0,2.0,1.0,2060,8398,1.0,0,0,3,1260,800,52,1,11,0.34195652173913044
435000.0,2.0,1.0,1060,3036,1.5,0,0,4,1060,0,71,0,71,0.34195652173913044
349000.0,3.0,1.0,1010,8184,1.0,0,0,4,1010,0,67,1,26,0.02673913043478261
1140000.0,4.0,2.25,3310,127631,2.0,0,0,5,3310,0,90,1,58,0.025
320000.0,4.0,2.5,2000,10051,2.0,0,0,3,2000,0,17,0,17,0.020869565217391306
804100.0,4.0,2.5,3070,8086,2.0,0,0,3,3070,0,9,0,9,0.007173913043478261
594000.0,3.0,2.25,1270,1406,2.0,0,0,3,1060,210,0,0,0,0.34195652173913044
531500.0,4.0,2.75,3110,49765,1.0,0,0,4,3110,0,56,1,42,0.001956521739130435
1150000.0,3.0,2.0,2110,18815,2.0,0,0,5,2110,0,35,0,35,0.03804347826086957
374500.0,3.0,2.25,1400,11400,2.0,0,0,3,1400,0,30,0,30,0.014347826086956521
450000.0,4.0,2.75,2310,5650,1.0,0,2,3,1330,980,62,1,2,0.34195652173913044
744500.0,5.0,2.5,2700,16570,1.0,0,0,4,1750,950,47,0,47,0.06217391304347826
913888.0,5.0,2.25,2370,15512,2.0,0,0,4,2370,0,33,0,33,0.06217391304347826
760000.0,4.0,2.5,2760,6000,2.0,0,0,5,2230,530,72,0,72,0.34195652173913044
346500.0,2.0,1.75,1610,6300,1.0,0,0,3,1010,600,73,1,20,0.34195652173913044
280000.0,3.0,1.75,1230,8250,1.0,0,0,3,1230,0,48,1,51,0.06369565217391304
557500.0,3.0,1.75,1900,11165,1.0,0,0,4,1900,0,55,0,55,0.06217391304347826
260000.0,3.0,1.5,1580,8184,1.0,0,0,3,1140,440,60,1,9,0.012608695652173913
640000.0,3.0,1.75,1620,6000,1.0,0,0,5,1040,580,67,0,67,0.34195652173913044
280000.0,7.0,2.5,1940,5458,2.0,0,0,3,1940,0,20,0,20,0.03826086956521739
205000.0,3.0,1.0,1230,8750,1.0,0,0,3,1230,0,49,1,21,0.03217391304347826
957000.0,5.0,3.25,3160,5000,2.0,0,2,3,2180,980,9,0,9,0.34195652173913044
625000.0,5.0,2.5,2700,21208,1.0,0,0,4,1950,750,59,1,5,0.06217391304347826
680000.0,4.0,1.5,1880,6200,1.0,0,2,5,1440,440,60,0,60,0.34195652173913044
150000.0,2.0,1.0,890,8100,1.0,0,0,3,890,0,72,1,15,0.01608695652173913
255950.0,3.0,2.5,1720,3676,2.0,0,0,3,1720,0,22,0,22,0.04021739130434782
246500.0,3.0,2.5,1620,7686,2.0,0,0,3,1620,0,25,0,25,0.020869565217391306
450000.0,2.0,1.0,1380,4390,1.0,0,0,4,880,500,83,0,83,0.34195652173913044
595888.0,3.0,1.75,1870,9000,1.0,0,0,5,1870,0,56,0,56,0.34195652173913044
454000.0,3.0,1.0,1970,22144,1.0,0,0,4,1970,0,44,0,44,0.015434782608695652
299900.0,3.0,1.0,1110,8593,1.0,0,0,3,1110,0,35,1,0,0.02673913043478261
200000.0,3.0,2.0,1190,6833,1.0,0,0,3,1190,0,19,0,19,0.03826086956521739
346500.0,3.0,1.0,1150,11802,1.0,0,0,4,1150,0,82,1,56,0.34195652173913044
585000.0,4.0,2.75,2890,6825,1.0,0,0,3,1560,1330,41,1,1,0.04065217391304348
383000.0,3.0,1.75,1500,13430,1.0,0,0,3,1500,0,37,1,10,0.025
519000.0,4.0,2.5,1950,2617,1.5,0,0,4,1250,700,104,0,104,0.34195652173913044
410000.0,3.0,1.5,1250,7700,1.0,0,0,5,1250,0,46,0,46,0.007173913043478261
578000.0,4.0,2.5,2070,5415,2.0,0,0,3,2070,0,18,0,18,0.04065217391304348
395000.0,2.0,2.25,1350,1493,2.0,0,0,3,1050,300,7,0,7,0.34195652173913044
364000.0,3.0,2.5,1800,2790,2.0,0,0,3,1800,0,3,0,3,0.34195652173913044
240000.0,3.0,2.25,1481,2820,2.0,0,0,3,1481,0,2,1,102,0.03826086956521739
328423.0,3.0,2.5,1730,3600,2.0,0,0,3,1730,0,0,0,0,0.34195652173913044
594000.0,4.0,2.75,2720,4613,2.0,0,0,3,2720,0,9,0,9,0.014347826086956521
425000.0,3.0,2.5,2320,2267,3.0,0,0,3,2320,0,5,0,5,0.34195652173913044
309620.0,3.0,2.5,1860,3730,2.0,0,0,3,1860,0,2,1,102,0.009130434782608696
260000.0,5.0,2.5,2025,7760,2.0,0,0,3,2025,0,7,0,7,0.0013043478260869566
563500.0,3.0,2.5,1400,1312,3.5,0,0,3,1400,0,7,0,7,0.34195652173913044
975000.0,5.0,3.0,2620,5477,2.0,0,0,3,2620,0,5,0,5,0.34195652173913044
937000.0,3.0,1.75,2450,2691,2.0,0,0,3,1750,700,99,0,99,0.34195652173913044
518500.0,3.0,3.5,1590,1102,3.0,0,0,3,1590,0,4,0,4,0.34195652173913044
563500.0,4.0,1.75,2085,174240,1.0,0,0,3,1610,475,50,1,14,0.002391304347826087
1050000.0,4.0,3.5,3450,7832,2.0,0,0,3,3450,0,7,0,7,0.06217391304347826
350000.0,3.0,2.25,1780,16290,2.0,0,0,4,1780,0,27,0,27,0.06369565217391304
826000.0,4.0,2.5,3060,7140,2.0,0,0,3,3060,0,8,0,8,0.04065217391304348
225000.0,3.0,2.0,1700,11475,1.0,0,0,5,970,730,69,0,69,0.01608695652173913
235867.0,4.0,2.0,1330,5926,1.0,0,0,4,1330,0,72,1,32,0.06369565217391304
399000.0,4.0,3.0,3060,5000,2.0,0,0,3,3060,0,13,0,13,0.009347826086956522
177500.0,3.0,1.5,1220,6000,1.0,0,0,3,1220,0,46,1,17,0.06369565217391304
224000.0,4.0,1.5,1600,9289,1.0,0,0,4,1600,0,55,0,55,0.03826086956521739
302000.0,4.0,1.75,1530,17664,1.5,0,0,3,1530,0,46,1,17,0.06369565217391304
760000.0,3.0,2.5,1980,13964,1.0,0,0,5,1980,0,55,0,55,0.018695652173913044
460000.0,3.0,2.5,1730,8490,1.0,0,0,3,1210,520,45,1,4,0.04065217391304348
415000.0,3.0,1.0,1170,6700,1.0,0,0,3,1170,0,57,1,14,0.34195652173913044
669000.0,2.0,1.75,1950,10766,1.0,0,3,4,1160,790,62,0,62,0.01608695652173913
254600.0,3.0,2.0,1470,20000,1.0,0,0,4,1470,0,46,0,46,0.03826086956521739
357250.0,3.0,1.5,1400,8840,1.0,0,0,4,1400,0,62,0,62,0.34195652173913044
910000.0,4.0,3.5,4040,50479,2.0,0,0,3,4040,0,27,1,14,0.025
725000.0,6.0,3.0,3110,5000,1.5,0,0,5,1810,1300,93,0,93,0.34195652173913044
670000.0,3.0,1.5,1490,4400,1.5,0,0,4,1490,0,108,1,24,0.34195652173913044
440000.0,4.0,1.5,1770,5750,2.0,0,0,3,1770,0,67,1,2,0.34195652173913044
1025000.0,4.0,3.5,3320,19850,1.0,0,2,4,2040,1280,37,0,37,0.018695652173913044
320000.0,2.0,1.0,950,5316,1.0,0,2,3,950,0,66,1,20,0.34195652173913044
310000.0,4.0,2.5,2430,5499,2.0,0,0,3,2430,0,12,0,12,0.009347826086956522
772650.0,4.0,2.5,2660,10800,1.0,0,0,3,2660,0,59,1,0,0.06217391304347826
669950.0,4.0,2.5,2670,11877,2.0,0,0,3,2670,0,18,0,18,0.03804347826086957
690000.0,5.0,3.5,2720,7598,2.0,0,0,3,1860,860,21,0,21,0.34195652173913044
385000.0,4.0,2.5,3200,22651,1.0,0,0,5,1610,1590,44,0,44,0.04021739130434782
663000.0,3.0,2.5,2480,37843,1.5,1,3,4,2480,0,40,0,40,0.006304347826086957
300000.0,3.0,2.25,1780,10395,1.0,0,0,3,1780,0,47,1,3,0.06369565217391304
225500.0,2.0,1.75,1590,11276,1.0,0,0,4,1590,0,42,0,42,0.03826086956521739
320000.0,3.0,2.0,1550,34175,1.5,0,0,3,1550,0,15,0,15,0.010869565217391304
775000.0,3.0,2.75,2850,14800,1.0,0,0,4,1920,930,38,1,22,0.06217391304347826
805000.0,3.0,2.75,2600,5875,1.5,0,2,5,1600,1000,85,0,85,0.34195652173913044
252750.0,4.0,1.0,1230,7410,1.5,0,0,3,1230,0,70,0,70,0.01608695652173913
254000.0,5.0,2.0,2080,16117,1.0,0,0,5,1740,340,55,0,55,0.03826086956521739
620000.0,6.0,3.5,3600,6875,2.0,0,0,3,2740,860,10,1,11,0.015434782608695652
435000.0,4.0,2.75,2110,8751,1.0,0,0,3,1510,600,52,1,11,0.007173913043478261
460000.0,4.0,2.5,2550,19017,1.0,0,0,4,1300,1250,53,1,13,0.00782608695652174
268000.0,3.0,2.5,1650,6684,2.0,0,0,3,1650,0,23,0,23,0.04021739130434782
446000.0,2.0,1.5,1370,1221,2.0,0,0,3,1080,290,6,0,6,0.34195652173913044
285000.0,2.0,1.0,1010,7200,1.0,0,0,3,1010,0,39,0,39,0.00782608695652174
530000.0,3.0,2.0,2330,26571,2.5,0,0,3,2330,0,27,1,14,0.06217391304347826
402000.0,2.0,1.0,620,2475,1.0,0,0,5,620,0,103,1,30,0.34195652173913044
358000.0,3.0,1.5,2450,12497,1.0,0,0,4,2450,0,47,0,47,0.015434782608695652
354950.0,4.0,2.75,2530,7350,1.0,0,0,5,1280,1250,37,0,37,0.03217391304347826
405000.0,4.0,2.5,2220,4652,2.0,0,0,3,2220,0,13,0,13,0.06369565217391304
568000.0,4.0,1.75,2110,265716,1.0,0,0,4,2110,0,35,0,35,0.051086956521739134
575000.0,5.0,3.0,3690,49709,1.0,0,2,3,2690,1000,54,1,2,0.012608695652173913
315000.0,4.0,2.5,1940,10200,1.0,0,0,4,1140,800,37,0,37,0.04021739130434782
280927.0,4.0,2.25,2070,7350,2.0,0,0,4,2070,0,37,0,37,0.04021739130434782
440000.0,4.0,2.5,2160,7826,1.0,0,0,4,1390,770,38,1,22,0.00782608695652174
270000.0,4.0,2.25,2600,9900,1.0,0,0,3,1600,1000,49,1,21,0.34195652173913044
755000.0,4.0,2.75,2880,4000,1.5,0,0,3,2100,780,102,1,14,0.34195652173913044
289659.0,4.0,2.25,2260,7200,2.0,0,0,4,2260,0,30,0,30,0.04021739130434782
555000.0,5.0,3.0,3640,6930,2.0,0,0,3,3640,0,10,1,11,0.020869565217391306
450000.0,3.0,1.5,1530,23660,1.0,0,0,3,1530,0,62,1,6,0.00782608695652174
1145000.0,3.0,2.5,2490,4000,2.0,0,0,5,1670,820,96,0,96,0.34195652173913044
495000.0,3.0,1.75,1440,11787,1.0,0,0,3,1440,0,31,1,5,0.03804347826086957
580000.0,4.0,1.75,1720,6975,1.0,0,0,3,1420,300,39,0,39,0.051086956521739134
560000.0,4.0,2.5,2480,16360,1.0,0,0,5,1510,970,55,0,55,0.014347826086956521
1080000.0,4.0,3.5,3990,5267,2.0,0,0,3,3990,0,6,0,6,0.06217391304347826
450000.0,2.0,1.75,840,3340,1.0,0,0,3,700,140,102,1,20,0.34195652173913044
815000.0,3.0,2.0,2270,11989,1.0,0,0,4,2270,0,46,0,46,0.018695652173913044
354000.0,4.0,2.5,2580,5476,2.0,0,0,3,2580,0,9,0,9,0.04021739130434782
279900.0,3.0,1.75,1580,6620,1.0,0,0,3,1580,0,26,1,14,0.03217391304347826
339000.0,2.0,1.0,950,7954,1.0,0,0,4,950,0,73,1,16,0.34195652173913044
710000.0,3.0,3.25,3740,136915,2.5,0,0,3,3100,640,24,1,5,0.01608695652173913
815000.0,4.0,2.75,2620,4743,1.0,0,2,4,1310,1310,65,1,29,0.34195652173913044
800000.0,3.0,1.75,2080,75794,1.0,0,0,3,2080,0,56,1,10,0.04065217391304348
638000.0,3.0,2.0,1660,3729,1.0,0,0,5,970,690,92,1,58,0.34195652173913044
475580.0,3.0,1.75,1520,11085,1.0,0,0,3,1520,0,31,1,5,0.03804347826086957
243800.0,3.0,1.0,1140,27760,1.0,0,0,4,1140,0,33,0,33,0.04065217391304348
600000.0,3.0,2.5,3240,8016,2.0,0,0,3,2910,330,10,1,11,0.015434782608695652
620000.0,3.0,2.0,2460,41343,1.0,0,0,4,2460,0,26,0,26,0.04065217391304348
750000.0,4.0,2.75,1750,5080,1.5,0,0,3,1750,0,111,1,9,0.34195652173913044
626000.0,3.0,1.75,2430,5000,2.0,0,0,4,1760,670,69,0,69,0.34195652173913044
230000.0,3.0,1.0,1060,9946,1.0,0,0,4,1060,0,58,0,58,0.006304347826086957
537000.0,3.0,3.0,2410,7479,2.0,0,2,3,2410,0,72,1,26,0.00782608695652174
210000.0,2.0,1.0,720,8040,1.0,0,0,3,720,0,71,1,12,0.01608695652173913
200500.0,3.0,1.75,1260,9346,1.0,0,0,4,1260,0,51,0,51,0.04021739130434782
253500.0,3.0,1.0,1640,12384,1.0,0,0,4,1090,550,60,1,35,0.03217391304347826
150000.0,3.0,1.0,1310,9612,1.0,0,0,3,960,350,52,1,11,0.03826086956521739
440000.0,3.0,1.5,2120,6290,1.0,0,0,4,1220,900,65,1,29,0.34195652173913044
667000.0,3.0,1.75,3320,478288,1.5,0,3,4,2260,1060,81,1,32,0.00608695652173913
660000.0,3.0,1.0,1210,9622,1.0,0,1,3,1210,0,59,1,5,0.06217391304347826
695000.0,3.0,2.75,2590,12063,2.0,0,0,3,2590,0,21,0,21,0.06217391304347826
440000.0,4.0,2.5,2250,7526,2.0,0,0,3,2250,0,25,0,25,0.06369565217391304
219500.0,3.0,1.0,1090,6710,1.5,0,0,5,1090,0,102,0,102,0.03826086956521739
220000.0,3.0,1.5,1660,15600,2.0,0,0,3,1660,0,33,1,1,0.03826086956521739
270000.0,2.0,1.0,1780,81021,1.0,0,3,4,1780,0,60,1,35,0.03826086956521739
900000.0,4.0,3.5,3370,5000,2.0,0,2,3,2470,900,6,0,6,0.34195652173913044
800000.0,4.0,2.5,2990,16809,2.0,0,0,3,2990,0,24,1,5,0.025
365000.0,5.0,2.0,2280,19000,1.5,0,0,3,2280,0,90,1,3,0.01608695652173913
451000.0,5.0,2.75,2830,8925,1.5,0,0,3,2830,0,47,1,3,0.04065217391304348
202000.0,2.0,1.0,920,7569,1.0,0,0,4,920,0,64,1,31,0.01608695652173913
471000.0,2.0,1.75,1240,6417,1.0,0,0,5,1240,0,90,1,58,0.34195652173913044
827000.0,4.0,2.5,3230,12100,1.0,0,0,3,1870,1360,37,1,10,0.06217391304347826
235000.0,5.0,2.5,2500,9583,1.0,0,0,3,1300,1200,35,1,0,0.012608695652173913
216500.0,2.0,1.75,1390,4482,1.0,0,0,4,1390,0,34,0,34,0.012608695652173913
359000.0,5.0,1.75,1940,6654,1.5,0,0,4,1940,0,61,1,31,0.01608695652173913
252500.0,3.0,2.0,1900,8002,1.0,0,0,3,1900,0,23,0,23,0.03217391304347826
370000.0,3.0,1.5,2380,14500,1.0,0,0,4,1850,530,53,1,13,0.014347826086956521
663000.0,3.0,2.0,1480,3876,1.0,0,0,5,860,620,86,1,44,0.34195652173913044
971971.0,4.0,3.75,3460,6738,2.0,0,0,3,3460,0,1,1,91,0.06369565217391304
420000.0,3.0,1.75,1444,249126,1.5,0,0,3,1444,0,6,0,6,0.006304347826086957
330675.0,4.0,3.0,1930,3031,1.0,0,0,3,1200,730,8,0,8,0.009130434782608696
240000.0,4.0,1.0,1200,2171,1.5,0,0,3,1200,0,81,0,81,0.34195652173913044
334888.0,3.0,2.5,1769,7324,2.0,0,0,3,1769,0,2,1,102,0.03826086956521739
414000.0,3.0,2.5,2490,4540,2.5,0,0,3,2490,0,2,1,102,0.06369565217391304
782900.0,4.0,3.25,3060,3898,2.0,0,0,3,2300,760,0,0,0,0.04065217391304348
525000.0,4.0,2.75,3030,6625,2.0,0,0,3,3030,0,3,0,3,0.06369565217391304
429900.0,3.0,2.5,2370,5353,2.0,0,0,3,2370,0,5,0,5,0.009130434782608696
390000.0,3.0,3.25,1370,913,2.0,0,0,3,1100,270,8,0,8,0.34195652173913044
224000.0,3.0,1.75,1500,11968,1.0,0,0,3,1500,0,0,0,0,0.001956521739130435
257500.0,3.0,2.25,1715,6819,2.0,0,0,3,1715,0,19,0,19,0.03217391304347826
665000.0,2.0,1.0,1110,3200,1.0,0,0,3,1110,0,89,1,12,0.34195652173913044
327000.0,5.0,2.75,2400,8050,2.0,0,0,3,2400,0,16,1,8,0.03826086956521739
425000.0,3.0,1.0,1520,213444,1.5,0,3,5,1520,0,26,0,26,0.06369565217391304
687500.0,4.0,2.75,3190,10970,2.0,0,0,3,3190,0,20,0,20,0.03804347826086957
672500.0,3.0,2.25,2400,5300,1.5,0,0,4,1250,1150,75,1,25,0.34195652173913044
140000.0,3.0,1.0,1060,7473,1.0,0,0,3,1060,0,55,1,25,0.012608695652173913
215500.0,2.0,1.75,1220,15600,1.0,0,0,3,1220,0,42,1,12,0.03826086956521739
464900.0,4.0,2.25,2020,8424,1.0,0,0,4,1380,640,35,0,35,0.04065217391304348
417000.0,4.0,2.25,2300,7700,1.0,0,0,3,1380,920,55,1,25,0.34195652173913044
453000.0,4.0,2.75,2300,37533,1.0,0,3,5,1550,750,35,0,35,0.006304347826086957
700000.0,3.0,2.5,1660,1545,2.0,0,2,3,1400,260,12,0,12,0.34195652173913044
259500.0,3.0,1.75,1650,12349,1.0,0,0,3,1650,0,57,1,14,0.006304347826086957
460000.0,4.0,2.5,2110,35091,1.0,0,0,4,1290,820,29,0,29,0.04065217391304348
561500.0,3.0,1.75,1960,6380,1.0,0,0,4,980,980,75,1,25,0.34195652173913044
641000.0,4.0,2.5,2770,63118,2.0,0,0,3,2770,0,17,0,17,0.004782608695652174
330000.0,4.0,1.75,2440,7350,1.0,0,0,3,1610,830,36,0,36,0.04021739130434782
447000.0,2.0,1.0,1320,8380,1.0,0,0,3,1320,0,61,0,61,0.34195652173913044
320000.0,4.0,2.5,2570,4865,2.0,0,0,3,2570,0,9,0,9,0.020869565217391306
212700.0,2.0,1.0,940,5040,1.0,0,0,3,940,0,88,1,11,0.34195652173913044
260000.0,2.0,1.0,700,4800,1.0,0,0,3,700,0,92,1,6,0.34195652173913044
410000.0,3.0,2.0,1400,45738,2.0,0,0,4,1400,0,33,0,33,0.006304347826086957
355000.0,4.0,2.5,1890,7867,2.0,0,0,3,1890,0,18,0,18,0.020869565217391306
275500.0,2.0,1.0,720,11400,1.0,0,0,5,720,0,63,0,63,0.02673913043478261
415000.0,3.0,1.75,2410,8944,1.0,0,0,4,1860,550,47,0,47,0.06369565217391304
279000.0,3.0,2.5,1630,7950,1.0,0,0,3,1320,310,29,0,29,0.04021739130434782
350000.0,5.0,1.75,2330,14322,1.0,0,0,4,1180,1150,46,0,46,0.06369565217391304
355000.0,2.0,2.25,1330,10838,2.0,0,0,3,1330,0,29,0,29,0.014347826086956521
750000.0,4.0,2.25,3190,11597,2.0,0,0,3,2300,890,30,0,30,0.03804347826086957
235000.0,3.0,1.75,1400,6300,1.0,0,0,3,1400,0,16,1,8,0.00608695652173913
209950.0,3.0,1.0,970,9583,1.0,0,0,4,970,0,47,0,47,0.03217391304347826
230000.0,3.0,1.75,1010,9600,1.0,0,0,5,1010,0,45,0,45,0.009347826086956522
725000.0,3.0,2.5,3580,54450,1.5,0,0,3,3580,0,24,1,5,0.020869565217391306
430000.0,2.0,1.0,1050,2570,1.0,0,0,5,850,200,87,0,87,0.34195652173913044
661500.0,5.0,2.5,2500,7200,1.0,0,0,4,1490,1010,37,0,37,0.051086956521739134
738000.0,3.0,3.0,2630,4896,2.0,0,0,3,2630,0,8,0,8,0.051086956521739134
221000.0,3.0,1.0,910,8789,1.0,0,0,3,910,0,48,1,51,0.34195652173913044
665000.0,3.0,2.5,2610,35000,2.0,0,0,3,2610,0,26,1,14,0.025
255000.0,3.0,2.5,1720,6194,2.0,0,0,3,1720,0,16,1,8,0.03826086956521739
355000.0,3.0,1.75,2040,22693,1.0,0,0,4,2040,0,34,0,34,0.04021739130434782
755000.0,5.0,2.5,3260,24300,1.5,0,1,4,2310,950,64,1,31,0.00782608695652174
300000.0,3.0,1.5,1590,8911,1.0,0,0,3,1590,0,58,1,13,0.014347826086956521
500000.0,4.0,1.0,1440,7100,1.5,0,0,3,1440,0,108,1,0,0.34195652173913044
191000.0,2.0,1.0,900,3400,1.0,0,0,5,900,0,109,0,109,0.34195652173913044
315000.0,6.0,4.0,3120,4240,2.0,0,2,4,2090,1030,21,0,21,0.34195652173913044
415000.0,3.0,2.5,1060,1536,2.0,0,0,3,1060,0,14,0,14,0.34195652173913044
394000.0,4.0,2.5,3000,9793,2.0,0,0,3,3000,0,12,0,12,0.020869565217391306
490000.0,3.0,2.5,2230,5348,2.0,0,0,3,2230,0,14,0,14,0.015434782608695652
523460.0,5.0,1.75,1890,5000,1.5,0,0,3,1090,800,108,1,0,0.34195652173913044
342000.0,3.0,1.75,1780,10409,1.0,0,0,3,1280,500,33,1,1,0.06369565217391304
560000.0,4.0,2.5,2710,6583,2.0,0,0,3,2710,0,11,0,11,0.06369565217391304
710000.0,2.0,1.5,1640,4080,1.5,0,0,5,1540,100,98,0,98,0.34195652173913044
1020000.0,3.0,2.25,1670,4800,1.5,0,3,3,1670,0,111,1,9,0.34195652173913044
399950.0,3.0,2.5,2570,10431,2.0,0,0,3,2570,0,25,0,25,0.04021739130434782
480000.0,2.0,1.0,1500,3420,1.0,0,0,3,1500,0,112,0,112,0.34195652173913044
410000.0,3.0,1.0,2710,19000,2.0,0,3,4,2710,0,64,1,31,0.01608695652173913
530000.0,4.0,1.75,2860,48351,1.0,0,0,3,1710,1150,36,0,36,0.025
528000.0,2.0,0.75,840,40642,1.0,1,4,4,840,0,77,0,77,0.006304347826086957
469900.0,4.0,2.5,2990,8913,2.0,0,0,4,2990,0,23,0,23,0.06369565217391304
397000.0,5.0,1.0,1170,6757,1.0,0,0,4,800,370,70,0,70,0.34195652173913044
718500.0,3.0,1.5,1200,6240,1.0,0,0,3,1030,170,62,1,6,0.34195652173913044
195000.0,2.0,1.0,1020,8100,1.0,0,0,3,1020,0,74,1,18,0.34195652173913044
285000.0,2.0,1.0,910,8155,1.0,0,0,4,910,0,66,0,66,0.02673913043478261
295000.0,1.0,1.0,700,2500,1.0,0,0,4,700,0,107,0,107,0.34195652173913044
602000.0,4.0,1.75,2420,37800,1.0,0,0,4,1880,540,33,0,33,0.051086956521739134
235000.0,3.0,1.75,1950,8712,1.0,0,0,3,1950,0,54,1,2,0.06369565217391304
465000.0,4.0,2.5,3060,6000,2.0,0,0,3,3060,0,2,1,102,0.020869565217391306
234000.0,4.0,1.0,1390,18000,1.0,0,0,3,1390,0,59,1,1,0.04021739130434782
504200.0,2.0,1.5,1200,1687,3.0,0,0,3,1200,0,6,0,6,0.34195652173913044
710000.0,3.0,2.5,2440,4153,2.0,0,0,3,2440,0,11,0,11,0.051086956521739134
589500.0,3.0,3.25,2310,3075,2.0,0,0,3,1730,580,9,0,9,0.34195652173913044
415000.0,3.0,2.75,2600,64626,1.5,0,0,3,2600,0,5,0,5,0.0006521739130434783
735000.0,3.0,2.25,1490,1212,2.0,0,0,3,1040,450,3,0,3,0.34195652173913044
427000.0,3.0,2.5,2432,9391,2.0,0,2,3,2432,0,9,0,9,0.03217391304347826
982000.0,4.0,2.75,3610,8580,2.0,0,0,3,3610,0,0,0,0,0.04065217391304348
459000.0,4.0,3.0,2530,10000,2.0,0,0,3,2530,0,1,1,91,0.01608695652173913
483453.0,4.0,2.75,2790,5527,2.0,0,0,3,2790,0,0,0,0,0.010869565217391304
246950.0,3.0,3.0,1670,4440,1.0,0,0,3,1670,0,0,0,0,0.00608695652173913
235000.0,1.0,1.5,1170,1456,2.0,0,0,3,1070,100,7,0,7,0.34195652173913044
288790.0,4.0,2.0,1350,942,3.0,0,0,3,1350,0,6,0,6,0.04065217391304348
229800.0,2.0,1.75,1110,1773,2.0,0,0,3,1110,0,0,0,0,0.34195652173913044
516500.0,1.0,1.25,1100,638,3.0,0,0,3,1100,0,0,0,0,0.34195652173913044
234000.0,3.0,1.0,1040,8128,1.0,0,0,3,1040,0,31,1,5,0.009130434782608696
230000.0,2.0,1.75,1910,3376,2.0,0,0,3,1910,0,34,0,34,0.020869565217391306
300000.0,4.0,1.0,1370,8499,1.0,0,0,3,1370,0,65,1,16,0.02673913043478261
470000.0,3.0,1.5,1500,5000,1.5,0,0,4,1140,360,87,0,87,0.34195652173913044
339900.0,3.0,1.0,1200,9087,1.0,0,0,5,1200,0,45,0,45,0.007173913043478261
650000.0,2.0,1.0,1050,2542,1.0,0,0,3,880,170,110,0,110,0.34195652173913044
585000.0,5.0,2.5,2670,16777,1.5,0,0,4,1620,1050,94,0,94,0.34195652173913044
699900.0,4.0,2.5,2190,11500,1.0,0,0,4,1430,760,42,0,42,0.06217391304347826
598000.0,4.0,2.5,3130,40918,2.0,0,0,3,3130,0,20,0,20,0.010869565217391304
475000.0,3.0,2.5,1700,9100,1.0,0,0,3,1160,540,16,1,8,0.34195652173913044
314500.0,3.0,1.75,1700,17355,1.0,0,0,3,1200,500,36,0,36,0.020869565217391306
397000.0,3.0,3.5,1360,1275,2.0,0,0,3,1240,120,7,0,7,0.34195652173913044
345000.0,3.0,2.0,1610,15005,1.0,0,0,4,1610,0,28,0,28,0.004782608695652174
325000.0,5.0,2.75,2130,6222,1.0,0,0,3,1300,830,23,0,23,0.34195652173913044
265000.0,3.0,1.0,1800,7650,1.0,0,0,5,1800,0,57,0,57,0.06369565217391304
402000.0,4.0,2.75,2950,15540,1.0,0,0,4,2120,830,40,0,40,0.04021739130434782
835000.0,3.0,2.25,2120,54014,2.0,0,0,4,2120,0,50,0,50,0.06217391304347826
780000.0,4.0,2.5,3500,7048,2.0,0,0,3,3500,0,9,0,9,0.051086956521739134
250000.0,3.0,2.0,1440,9220,1.0,0,0,3,1440,0,49,1,21,0.012608695652173913
935000.0,2.0,2.5,1780,2067,2.0,0,0,5,1780,0,40,0,40,0.06217391304347826
300000.0,2.0,1.0,960,8153,1.0,0,0,3,960,0,67,1,2,0.02673913043478261
419000.0,2.0,1.75,1510,4980,1.0,0,0,3,1510,0,8,0,8,0.051086956521739134
410000.0,1.0,1.5,1010,5750,1.0,0,0,3,1010,0,103,1,66,0.34195652173913044
461000.0,3.0,1.75,3600,8666,2.0,0,0,4,2400,1200,66,0,66,0.04065217391304348
385000.0,3.0,1.75,1300,7030,1.0,0,0,3,1300,0,46,1,17,0.04065217391304348
669500.0,4.0,2.25,2500,4046,1.5,0,0,4,1520,980,74,1,13,0.34195652173913044
491950.0,3.0,2.25,2090,10733,1.0,0,0,3,1440,650,56,1,10,0.34195652173913044
560000.0,3.0,2.25,2070,15002,1.5,0,0,3,2070,0,59,1,1,0.00782608695652174
370000.0,3.0,1.0,1320,7341,1.0,0,0,3,1320,0,32,0,32,0.02673913043478261
263400.0,4.0,2.0,1360,60548,1.0,0,0,3,960,400,54,1,2,0.03826086956521739
100000.0,2.0,1.0,930,7623,1.0,0,0,2,930,0,72,0,72,0.01608695652173913
289950.0,3.0,2.5,1760,8584,1.5,0,0,5,1760,0,77,0,77,0.01608695652173913
263000.0,3.0,1.75,1410,8100,2.0,0,0,3,1410,0,29,0,29,0.020869565217391306
397500.0,4.0,2.5,2570,7859,2.0,0,0,3,2570,0,22,0,22,0.020869565217391306
245000.0,3.0,2.75,1300,14197,1.0,0,0,3,860,440,18,0,18,0.04021739130434782
535000.0,3.0,1.0,1580,6300,1.0,0,0,3,1180,400,89,1,12,0.34195652173913044
449000.0,4.0,2.5,2960,6031,2.0,0,0,3,2960,0,9,0,9,0.020869565217391306
490000.0,4.0,3.0,2330,3497,2.0,0,0,3,1920,410,11,0,11,0.34195652173913044
445800.0,4.0,2.25,2070,39446,1.0,0,0,3,1470,600,37,1,10,0.00782608695652174
345000.0,2.0,1.0,970,5750,1.0,0,0,4,970,0,82,1,56,0.34195652173913044
327500.0,3.0,2.25,2310,7200,2.0,0,0,3,2310,0,24,1,5,0.04021739130434782
436500.0,4.0,2.5,2290,11173,2.0,0,0,4,2290,0,26,0,26,0.06369565217391304
550000.0,3.0,2.25,1720,9600,1.0,0,0,4,1220,500,47,0,47,0.051086956521739134
441000.0,2.0,1.5,1190,3400,1.0,0,0,3,990,200,95,1,13,0.34195652173913044
406500.0,2.0,1.0,870,5750,1.0,0,0,4,870,0,67,1,26,0.34195652173913044
243000.0,2.0,1.5,1068,1758,2.0,0,0,3,1068,0,24,1,5,0.014347826086956521
359500.0,4.0,2.75,2140,10316,2.0,0,0,3,2140,0,21,0,21,0.03826086956521739
760000.0,4.0,2.5,3300,165528,2.0,0,0,3,3300,0,30,0,30,0.025
408000.0,5.0,3.25,2820,6589,1.5,0,0,3,2320,500,108,1,0,0.34195652173913044
480000.0,4.0,3.0,2440,9664,2.0,0,0,3,1890,550,33,1,1,0.014347826086956521
875000.0,4.0,1.5,1800,3245,1.5,0,0,4,1800,0,85,0,85,0.34195652173913044
308000.0,3.0,1.0,1010,8800,1.0,0,0,4,1010,0,60,1,35,0.34195652173913044
880000.0,4.0,2.75,3220,4392,1.5,0,0,4,2320,900,83,0,83,0.34195652173913044
170000.0,2.0,1.0,1200,24792,2.0,0,0,2,1200,0,38,0,38,0.051086956521739134
491500.0,3.0,2.25,1470,4322,2.0,0,0,3,1470,0,29,0,29,0.04065217391304348
515000.0,3.0,2.5,2600,4506,2.0,0,0,3,2600,0,11,0,11,0.014347826086956521
550000.0,4.0,1.5,2750,128502,1.0,0,0,2,1500,1250,56,0,56,0.06369565217391304
255000.0,2.0,1.0,1320,9967,1.0,0,0,3,940,380,95,1,13,0.34195652173913044
635000.0,3.0,2.5,3350,4007,2.0,0,0,3,2550,800,9,0,9,0.04065217391304348
850000.0,3.0,2.5,2650,2387,2.0,0,0,3,1830,820,94,1,35,0.34195652173913044
265000.0,2.0,2.0,1860,10856,1.0,0,0,3,1260,600,62,1,6,0.34195652173913044
349810.0,3.0,1.0,960,8855,1.0,0,0,4,960,0,56,1,42,0.02673913043478261
972000.0,4.0,1.75,2010,6300,1.0,0,2,5,1610,400,77,0,77,0.34195652173913044
235000.0,2.0,1.0,900,28800,1.0,0,0,1,900,0,86,0,86,0.015434782608695652
330000.0,4.0,2.5,2340,11784,2.0,0,0,3,2340,0,17,0,17,0.04021739130434782
500000.0,4.0,3.0,3720,15048,3.0,0,0,3,3720,0,35,1,0,0.06369565217391304
570000.0,3.0,2.0,1890,29185,1.0,0,0,3,1470,420,65,1,1,0.06217391304347826
544000.0,3.0,2.5,1460,1613,2.0,0,0,3,1180,280,7,0,7,0.34195652173913044
439000.0,3.0,2.5,3180,7904,1.0,0,0,3,1810,1370,8,0,8,0.06369565217391304
530000.0,4.0,2.25,1980,15086,2.0,0,0,3,1980,0,33,1,1,0.03804347826086957
427500.0,2.0,2.0,1090,934,3.0,0,0,3,1090,0,6,0,6,0.34195652173913044
337000.0,4.0,2.5,2230,5970,2.0,0,0,4,2230,0,12,0,12,0.009347826086956522
1095000.0,4.0,2.75,3330,9143,2.0,0,0,4,3330,0,19,0,19,0.04065217391304348
435000.0,4.0,2.0,1880,3840,1.0,0,0,3,970,910,110,0,110,0.34195652173913044
765000.0,5.0,3.0,2870,5700,1.0,0,0,3,1950,920,50,1,14,0.34195652173913044
492650.0,4.0,1.75,2120,9786,1.0,0,0,3,1640,480,47,1,3,0.02673913043478261
383962.0,4.0,2.5,2700,6998,2.0,0,0,3,2700,0,13,0,13,0.006304347826086957
950000.0,4.0,2.5,3670,7680,2.5,0,0,3,3670,0,7,0,7,0.04065217391304348
457000.0,3.0,2.5,1220,1330,2.0,0,0,3,1010,210,6,0,6,0.34195652173913044
882566.0,4.0,2.5,3560,5265,3.0,0,0,3,3560,0,0,0,0,0.051086956521739134
963000.0,4.0,3.25,3530,8589,2.0,0,0,3,3530,0,7,0,7,0.04065217391304348
345000.0,4.0,2.5,2280,5000,2.0,0,0,3,2280,0,8,0,8,0.020869565217391306
800000.0,3.0,3.5,3830,221284,2.0,0,0,3,3530,300,21,0,21,0.025
314500.0,3.0,2.0,2050,13303,1.0,0,0,3,2050,0,21,0,21,0.03217391304347826
530000.0,3.0,2.5,3660,39478,2.0,0,2,4,3260,400,25,0,25,0.00608695652173913
650000.0,4.0,2.5,3350,46748,2.0,0,0,3,3350,0,10,1,11,0.001956521739130435
349500.0,3.0,2.0,1270,3600,1.0,0,0,3,1270,0,51,1,6,0.34195652173913044
165050.0,3.0,1.0,1200,8514,1.0,0,0,3,1200,0,55,1,25,0.00608695652173913
580000.0,3.0,2.5,2200,11000,2.0,0,2,3,2200,0,36,0,36,0.06217391304347826
330000.0,3.0,2.5,1680,11312,1.0,0,0,3,1080,600,55,1,25,0.34195652173913044
875000.0,5.0,3.5,3840,8279,2.0,0,0,3,3840,0,13,0,13,0.03804347826086957
500000.0,2.0,1.0,950,4500,1.0,0,2,3,850,100,88,1,11,0.34195652173913044
445000.0,4.0,2.5,2280,42077,2.0,0,0,3,2280,0,20,0,20,0.04021739130434782
274900.0,4.0,2.5,1970,6600,2.0,0,0,3,1970,0,27,1,14,0.04021739130434782
219950.0,3.0,1.5,1620,9310,1.0,0,0,4,1620,0,47,0,47,0.009347826086956522
691500.0,4.0,2.5,2600,7200,2.0,0,0,3,2600,0,52,1,12,0.34195652173913044
459500.0,2.0,1.0,1250,3825,1.0,0,0,3,850,400,85,0,85,0.34195652173913044
955500.0,4.0,1.75,2130,5080,1.5,0,0,3,2130,0,100,1,21,0.34195652173913044
328950.0,4.0,1.75,2550,8976,1.0,0,0,5,1300,1250,36,0,36,0.04021739130434782
307000.0,3.0,1.0,1150,6000,1.5,0,0,3,1150,0,87,1,3,0.010869565217391304
382500.0,3.0,1.75,1040,9000,1.0,0,0,4,1040,0,47,0,47,0.04065217391304348
1150000.0,4.0,2.5,3340,10422,2.0,0,0,3,3340,0,18,0,18,0.04065217391304348
478000.0,3.0,2.25,1640,3896,2.0,0,0,3,1640,0,20,0,20,0.04065217391304348
260000.0,2.0,1.0,770,7906,1.0,0,0,4,770,0,66,0,66,0.02673913043478261
616000.0,4.0,1.75,1700,5846,1.0,0,0,3,1700,0,57,1,14,0.34195652173913044
540000.0,3.0,1.75,2050,9580,1.0,0,0,3,1400,650,30,0,30,0.03804347826086957
300000.0,3.0,2.25,1660,5128,2.0,0,0,3,1660,0,13,0,13,0.009130434782608696
507500.0,3.0,1.75,1990,9594,1.0,0,0,3,1190,800,37,1,10,0.051086956521739134
241000.0,3.0,2.0,1770,7000,1.0,0,0,3,1770,0,28,0,28,0.03826086956521739
485000.0,3.0,2.25,2440,47916,2.0,0,0,3,2090,350,23,0,23,0.051086956521739134
695000.0,3.0,2.5,2620,51354,2.0,0,0,3,2620,0,16,1,8,0.025
548000.0,4.0,2.5,2440,11005,2.0,0,0,3,2440,0,20,0,20,0.007173913043478261
345000.0,2.0,1.0,1080,7775,1.0,0,0,3,1080,0,59,1,9,0.34195652173913044
280000.0,3.0,1.0,1090,10710,1.0,0,0,4,1090,0,52,0,52,0.06369565217391304
450000.0,3.0,1.75,1400,13775,1.0,0,0,3,1400,0,51,1,6,0.014347826086956521
515000.0,3.0,2.5,2010,7200,2.0,0,0,3,2010,0,20,0,20,0.014347826086956521
1014250.0,3.0,1.0,1640,12855,1.5,0,0,5,1500,140,94,0,94,0.06217391304347826
739900.0,5.0,2.5,3290,5029,2.0,0,0,3,3290,0,10,1,11,0.03804347826086957
600000.0,2.0,2.5,2510,14878,2.0,0,0,3,2510,0,24,1,5,0.007173913043478261
370000.0,2.0,1.0,860,6050,1.0,0,0,3,860,0,62,1,6,0.34195652173913044
729032.0,4.0,2.5,2840,12866,1.0,0,0,4,1780,1060,37,0,37,0.06217391304347826
510000.0,3.0,1.75,1750,7020,2.0,0,0,3,1750,0,80,1,36,0.001956521739130435
425000.0,3.0,1.5,1300,19163,1.0,0,0,3,1300,0,50,1,14,0.051086956521739134
1080000.0,3.0,2.75,3890,7216,2.0,0,1,3,3260,630,47,1,4,0.34195652173913044
337000.0,3.0,2.25,1460,941,3.0,0,0,3,1460,0,8,0,8,0.34195652173913044
563000.0,4.0,1.0,1410,3376,1.5,0,0,5,1410,0,103,1,30,0.34195652173913044
245000.0,3.0,2.0,1190,4072,1.5,0,0,5,1190,0,107,0,107,0.34195652173913044
590000.0,3.0,2.0,1410,6413,1.0,0,0,4,910,500,67,1,26,0.34195652173913044
695000.0,3.0,2.0,2500,4080,1.5,0,0,5,1680,820,92,1,58,0.34195652173913044
402500.0,2.0,1.0,800,2280,1.0,0,0,5,800,0,68,0,68,0.34195652173913044
435000.0,3.0,2.5,2530,13446,2.0,0,0,3,2530,0,21,0,21,0.009130434782608696
660000.0,3.0,2.0,2570,28500,1.0,0,0,3,1970,600,31,1,5,0.051086956521739134
300000.0,3.0,2.75,2090,9620,1.0,0,0,3,1340,750,27,1,14,0.03217391304347826
600000.0,5.0,2.25,2980,7781,1.0,0,0,3,1580,1400,54,1,2,0.34195652173913044
205000.0,3.0,1.75,1170,8239,1.0,0,0,3,1170,0,33,1,1,0.009347826086956522
357500.0,3.0,3.5,2080,5100,2.0,0,0,3,2080,0,10,1,11,0.020869565217391306
1110000.0,5.0,3.25,3350,4000,2.0,0,0,4,2510,840,17,0,17,0.34195652173913044
332888.0,2.0,2.5,1050,1029,2.0,0,0,3,950,100,7,0,7,0.34195652173913044
174000.0,2.0,1.0,900,13531,1.0,0,0,3,900,0,35,1,0,0.0013043478260869566
515000.0,2.0,1.0,1050,5000,1.0,0,0,5,1050,0,107,0,107,0.34195652173913044
392000.0,5.0,2.25,3740,32481,1.5,0,0,3,2240,1500,56,1,10,0.012608695652173913
485000.0,4.0,1.75,1430,4096,2.0,0,0,3,1430,0,114,1,9,0.34195652173913044
217500.0,3.0,1.75,1400,9546,1.0,0,0,4,1400,0,30,0,30,0.03217391304347826
502000.0,3.0,2.25,1600,45613,2.0,0,0,4,1600,0,31,0,31,0.025
820000.0,3.0,2.25,2880,9750,2.0,0,0,3,2880,0,25,0,25,0.06217391304347826
102500.0,2.0,1.0,820,4320,1.0,0,0,3,820,0,77,1,15,0.34195652173913044
540000.0,4.0,2.5,2180,10140,1.0,0,0,4,1180,1000,46,0,46,0.051086956521739134
600000.0,2.0,1.0,910,2002,1.5,0,0,3,910,0,114,1,9,0.34195652173913044
406000.0,4.0,1.0,1580,8475,1.5,0,2,4,1580,0,86,0,86,0.34195652173913044
620000.0,4.0,3.0,2130,6325,1.0,0,0,5,1440,690,66,1,29,0.34195652173913044
401000.0,3.0,2.0,1240,11172,1.0,0,0,3,1000,240,30,0,30,0.03804347826086957
725000.0,3.0,1.75,1860,6000,2.0,0,2,4,1860,0,55,0,55,0.34195652173913044
276000.0,1.0,0.75,370,1801,1.0,0,0,5,370,0,91,0,91,0.34195652173913044
500000.0,5.0,3.25,3130,12087,2.0,0,0,3,2180,950,39,0,39,0.04065217391304348
375000.0,3.0,1.75,2530,35150,1.0,0,0,4,1800,730,37,0,37,0.04021739130434782
260000.0,3.0,2.25,1920,9680,1.0,0,0,4,1300,620,53,1,13,0.04021739130434782
431000.0,4.0,2.5,2300,6087,2.0,0,0,3,2300,0,13,0,13,0.06369565217391304
321000.0,4.0,2.5,1830,9601,2.0,0,0,3,1830,0,11,0,11,0.020869565217391306
433000.0,4.0,1.5,1550,5053,1.0,0,0,4,1180,370,51,0,51,0.34195652173913044
920000.0,4.0,3.5,4080,10666,2.0,0,0,3,4080,0,9,0,9,0.051086956521739134
482000.0,3.0,2.25,1710,21485,2.0,0,0,3,1710,0,25,0,25,0.03804347826086957
712000.0,3.0,2.5,2375,4094,2.0,0,0,3,2375,0,12,0,12,0.051086956521739134
505000.0,4.0,2.75,2200,9778,1.0,0,0,4,1100,1100,52,0,52,0.06217391304347826
452000.0,3.0,1.75,1110,9012,1.0,0,0,4,1110,0,48,0,48,0.051086956521739134
581000.0,4.0,1.0,1630,2566,1.5,0,0,3,1630,0,93,1,14,0.34195652173913044
952500.0,4.0,1.5,2550,5055,2.0,0,0,4,2550,0,104,0,104,0.34195652173913044
808000.0,4.0,2.25,2500,8866,2.0,0,0,4,2500,0,27,0,27,0.06217391304347826
476000.0,4.0,3.0,2890,6885,1.0,0,0,3,1590,1300,69,1,1,0.34195652173913044
535000.0,4.0,1.75,1420,5000,1.5,0,0,4,1420,0,69,0,69,0.34195652173913044
629800.0,3.0,2.5,2390,1984,2.0,0,0,3,2220,170,6,0,6,0.04065217391304348
417838.0,4.0,2.5,2530,5048,2.0,0,0,3,2530,0,0,0,0,0.020869565217391306
399895.0,4.0,2.5,2701,4500,2.0,0,0,3,2701,0,0,0,0,0.03826086956521739
825000.0,4.0,2.75,3990,6637,2.0,0,0,3,3990,0,11,0,11,0.051086956521739134
300000.0,4.0,2.5,2303,3826,2.0,0,0,3,2303,0,8,0,8,0.03826086956521739
640000.0,2.0,2.25,1540,965,3.0,0,0,3,1540,0,7,0,7,0.34195652173913044
460000.0,3.0,2.5,1450,1053,2.0,0,0,3,940,510,6,0,6,0.34195652173913044
525000.0,2.0,2.5,1160,1458,2.0,0,0,3,1040,120,2,1,102,0.34195652173913044
499990.0,4.0,2.75,2910,6334,2.0,0,0,3,2910,0,1,1,91,0.010869565217391304
1020000.0,4.0,3.5,3770,8501,2.0,0,0,3,3770,0,6,0,6,0.04065217391304348
675000.0,5.0,2.25,2900,10300,1.0,0,0,3,1450,1450,29,0,29,0.06217391304347826
512031.0,3.0,1.75,1540,3000,1.0,0,2,3,770,770,94,1,35,0.34195652173913044
310000.0,2.0,1.0,700,3000,1.0,0,0,4,700,0,96,1,40,0.34195652173913044
1075000.0,3.0,2.5,3280,10302,1.0,0,0,3,1680,1600,44,1,0,0.34195652173913044
255000.0,4.0,2.0,2430,8960,1.0,0,0,3,1430,1000,54,1,2,0.34195652173913044
435000.0,3.0,2.5,1900,7984,2.0,0,0,3,1900,0,21,0,21,0.007173913043478261
453000.0,3.0,2.0,1660,15050,1.0,0,0,3,1260,400,31,1,5,0.04065217391304348
260000.0,4.0,2.0,1620,7992,2.0,0,0,4,1620,0,39,0,39,0.04021739130434782
659000.0,4.0,2.0,2090,10800,1.0,0,0,4,2090,0,63,1,15,0.018695652173913044
223000.0,3.0,2.0,1110,7231,1.0,0,0,4,1110,0,23,0,23,0.04021739130434782
851000.0,5.0,3.25,3760,9792,2.0,0,0,3,2550,1210,30,0,30,0.06217391304347826
605000.0,3.0,2.25,2080,12134,1.0,0,0,4,1530,550,41,0,41,0.051086956521739134
895000.0,4.0,2.25,1950,5950,1.0,0,0,3,1330,620,67,1,2,0.34195652173913044
519000.0,5.0,2.25,2570,13054,1.0,0,1,3,1470,1100,64,1,22,0.00391304347826087
535000.0,3.0,1.75,2330,12141,1.0,0,0,3,1390,940,31,1,5,0.025
489000.0,3.0,3.0,3700,10375,2.0,0,0,3,3700,0,32,0,32,0.006304347826086957
250000.0,3.0,2.25,1920,7738,1.0,0,0,3,1520,400,49,1,21,0.01608695652173913
580000.0,3.0,2.25,1900,3960,1.5,0,0,3,1200,700,109,1,4,0.34195652173913044
1038000.0,4.0,1.75,1440,13296,1.0,0,0,4,1440,0,47,0,47,0.06217391304347826
605000.0,4.0,2.25,2940,48788,1.0,0,0,5,1520,1420,53,0,53,0.014347826086956521
599950.0,4.0,3.5,2500,3080,2.0,0,0,3,1810,690,6,0,6,0.051086956521739134
700000.0,3.0,2.5,2490,23891,2.0,0,0,3,2490,0,21,0,21,0.051086956521739134
480000.0,3.0,2.0,1470,10052,1.0,0,0,4,1470,0,58,0,58,0.34195652173913044
329950.0,4.0,2.5,2120,4558,2.0,0,0,3,2120,0,12,0,12,0.020869565217391306
250000.0,3.0,1.75,1200,24805,1.0,0,0,3,1200,0,30,0,30,0.04021739130434782
345000.0,5.0,2.5,2450,6994,2.0,0,0,3,2450,0,12,0,12,0.04021739130434782
175000.0,4.0,2.5,1780,6000,2.0,0,0,3,1780,0,23,0,23,0.012608695652173913
185000.0,5.0,1.0,1590,6700,1.5,0,0,3,1090,500,72,1,15,0.34195652173913044
411000.0,4.0,2.0,2370,76665,2.0,0,0,4,2370,0,36,1,14,0.03826086956521739
690000.0,3.0,1.5,1760,4000,2.0,0,0,3,1760,0,92,1,6,0.34195652173913044
265000.0,4.0,3.0,1940,8170,1.0,0,0,4,1940,0,66,0,66,0.02673913043478261
720000.0,4.0,3.0,3550,12327,1.5,0,0,4,2180,1370,24,0,24,0.007173913043478261
256000.0,4.0,2.5,2050,5787,2.0,0,0,3,2050,0,12,0,12,0.012608695652173913
255000.0,4.0,2.25,1680,3179,2.0,0,0,3,1680,0,12,0,12,0.03826086956521739
540000.0,3.0,2.25,1320,1800,2.0,0,0,3,1320,0,20,0,20,0.34195652173913044
481015.0,3.0,2.25,1550,5511,2.0,0,0,3,1550,0,27,1,14,0.04065217391304348
575000.0,3.0,1.75,2680,8625,1.0,0,0,5,1590,1090,40,0,40,0.04065217391304348
339950.0,3.0,2.5,2390,34041,1.0,0,0,3,1840,550,30,0,30,0.04021739130434782
475000.0,4.0,2.5,2040,7260,2.0,0,0,4,2040,0,51,0,51,0.02673913043478261
732000.0,3.0,3.75,2670,6517,2.5,0,4,4,2020,650,37,0,37,0.34195652173913044
860000.0,4.0,1.75,1880,3720,1.5,0,0,4,1880,0,90,0,90,0.34195652173913044
389000.0,4.0,1.75,2400,7700,1.5,0,0,4,1500,900,87,0,87,0.34195652173913044
645000.0,3.0,1.75,2270,11472,1.0,0,0,4,1370,900,58,0,58,0.34195652173913044
475000.0,4.0,2.5,1850,5444,2.0,0,0,5,1850,0,33,0,33,0.04065217391304348
550000.0,4.0,2.75,2160,5005,1.0,0,0,3,1430,730,27,1,14,0.34195652173913044
305000.0,2.0,1.0,2160,12960,1.0,0,0,3,1360,800,46,1,17,0.006304347826086957
782000.0,2.0,1.5,1570,3600,1.5,0,2,4,1320,250,108,1,24,0.34195652173913044
545000.0,3.0,2.0,1340,7200,1.5,0,0,4,1340,0,91,0,91,0.34195652173913044
394500.0,4.0,2.5,3002,6042,2.0,0,0,3,3002,0,10,1,11,0.04021739130434782
600000.0,5.0,2.0,2190,9072,1.0,0,0,5,1110,1080,49,0,49,0.051086956521739134
300000.0,2.0,1.0,1010,11919,1.0,0,0,3,1010,0,67,1,2,0.02673913043478261
330000.0,4.0,2.5,2105,6093,2.0,0,0,3,2105,0,11,0,11,0.04021739130434782
723000.0,4.0,2.25,2430,4748,1.5,0,0,3,1630,800,86,1,60,0.34195652173913044
480000.0,5.0,2.5,2160,7737,2.0,0,0,3,2160,0,16,1,8,0.015434782608695652
496000.0,2.0,1.0,900,9260,1.0,0,0,3,900,0,68,0,68,0.34195652173913044
625000.0,3.0,3.0,1820,1641,3.0,0,0,3,1540,280,8,0,8,0.34195652173913044
475000.0,4.0,2.0,2100,13468,1.0,0,0,5,1050,1050,52,0,52,0.34195652173913044
275250.0,3.0,2.25,1520,7199,2.0,0,0,4,1520,0,22,0,22,0.020869565217391306
253000.0,2.0,1.0,1310,7128,1.0,0,0,4,940,370,34,0,34,0.04021739130434782
630000.0,4.0,2.5,2190,9880,1.0,0,0,4,1410,780,35,0,35,0.04065217391304348
660500.0,5.0,2.5,2950,5500,1.5,0,0,5,1720,1230,96,0,96,0.34195652173913044
262000.0,5.0,1.0,1870,7800,1.0,0,0,3,1580,290,52,1,11,0.34195652173913044
552000.0,3.0,2.5,1840,9900,1.0,0,0,3,1840,0,36,0,36,0.06217391304347826
736000.0,2.0,1.0,1500,4000,1.0,0,0,3,1100,400,81,0,81,0.34195652173913044
355000.0,3.0,1.75,1730,7416,1.5,0,0,3,1730,0,60,1,9,0.02673913043478261
305000.0,3.0,1.0,1580,7424,1.0,0,0,3,1010,570,52,1,11,0.06369565217391304
484998.0,4.0,2.5,1540,1870,2.0,0,0,3,1540,0,0,0,0,0.04065217391304348
1054690.0,4.0,3.5,3390,3979,2.0,0,0,3,2610,780,0,0,0,0.34195652173913044
334500.0,2.0,1.5,830,1858,2.0,0,0,3,830,0,9,0,9,0.34195652173913044
475000.0,4.0,2.75,2620,6178,2.0,0,0,3,2620,0,1,1,91,0.010869565217391304
309780.0,3.0,2.5,2242,4500,2.0,0,0,3,2242,0,0,0,0,0.03826086956521739
795000.0,4.0,2.5,2890,7798,2.0,0,0,3,2890,0,9,0,9,0.06217391304347826
274500.0,3.0,2.25,1450,4050,2.0,0,0,3,1450,0,4,0,4,0.020869565217391306
265050.0,2.0,1.5,800,2119,2.0,0,0,3,800,0,6,0,6,0.34195652173913044
567500.0,3.0,2.5,2280,2502,2.0,0,0,3,1880,400,8,0,8,0.04065217391304348
915000.0,3.0,4.5,3850,62726,2.0,0,0,3,3120,730,1,1,91,0.051086956521739134
285000.0,5.0,2.5,2270,6300,2.0,0,0,3,2270,0,19,0,19,0.03826086956521739
445838.0,3.0,2.5,2250,5692,2.0,0,0,3,2250,0,14,0,14,0.34195652173913044
304900.0,4.0,1.75,2600,11325,1.0,0,0,4,1610,990,45,0,45,0.04021739130434782
940000.0,4.0,2.0,2490,9525,2.0,0,0,5,2490,0,46,0,46,0.018695652173913044
1127000.0,4.0,2.5,3160,8281,2.0,0,0,4,3160,0,19,0,19,0.04065217391304348
290000.0,3.0,1.0,1440,11250,1.0,0,0,3,1440,0,47,1,3,0.06369565217391304
250000.0,3.0,1.75,1770,8868,1.0,0,0,4,1770,0,55,0,55,0.03826086956521739
342000.0,4.0,2.5,2300,6448,2.0,0,0,3,2300,0,13,0,13,0.04021739130434782
1012000.0,4.0,2.5,2980,16263,2.0,0,0,3,2980,0,25,0,25,0.06217391304347826
400000.0,4.0,2.25,2230,7200,1.0,0,0,4,1300,930,51,0,51,0.02673913043478261
312500.0,3.0,1.75,1830,7969,1.0,0,0,3,930,900,64,1,6,0.06369565217391304
267000.0,3.0,1.0,1740,10875,1.0,0,0,4,1020,720,52,0,52,0.006304347826086957
575000.0,3.0,1.75,1530,6743,1.0,0,0,3,1410,120,59,1,9,0.34195652173913044
810000.0,3.0,1.5,1520,9041,1.0,0,0,4,1520,0,60,1,35,0.06217391304347826
850000.0,3.0,2.5,3230,5000,2.0,0,2,5,2430,800,69,0,69,0.34195652173913044
1015000.0,3.0,3.25,3620,4000,2.0,0,0,3,2730,890,9,0,9,0.34195652173913044
240000.0,3.0,1.75,1570,8750,1.0,0,0,3,1570,0,54,1,2,0.01608695652173913
198000.0,4.0,1.75,2080,7200,1.0,0,0,4,1050,1030,48,0,48,0.03826086956521739
565000.0,4.0,2.5,2230,8624,1.0,0,0,4,1430,800,45,0,45,0.051086956521739134
340000.0,8.0,2.75,2790,6695,1.0,0,0,3,1470,1320,37,1,10,0.02673913043478261
815000.0,4.0,2.5,3150,4203,2.0,0,0,3,3150,0,12,0,12,0.04065217391304348
588000.0,5.0,3.0,2190,4900,2.0,0,0,5,1490,700,74,0,74,0.34195652173913044
280500.0,4.0,2.5,1890,6962,2.0,0,0,3,1890,0,17,0,17,0.03826086956521739
390000.0,4.0,2.0,1900,76877,1.0,0,0,3,1900,0,10,1,11,0.04021739130434782
509000.0,2.0,1.5,1930,3521,2.0,0,0,3,1930,0,25,0,25,0.06217391304347826
490600.0,3.0,2.5,3316,11447,2.0,0,0,3,3316,0,28,0,28,0.03217391304347826
650000.0,3.0,1.5,1380,4500,1.0,0,0,5,1380,0,54,0,54,0.018695652173913044
715000.0,3.0,4.0,2080,2250,3.0,0,4,3,2080,0,17,0,17,0.34195652173913044
529950.0,3.0,1.0,1240,5000,1.5,0,0,5,1240,0,105,1,26,0.34195652173913044
265000.0,3.0,1.0,1020,8610,1.0,0,0,5,1020,0,55,0,55,0.06369565217391304
1140000.0,3.0,2.5,2780,33503,1.5,0,1,4,2110,670,45,0,45,0.03804347826086957
610000.0,3.0,2.0,2300,13418,1.0,0,0,3,1430,870,59,1,9,0.06217391304347826
554729.0,4.0,2.5,2020,4350,2.0,0,0,5,1730,290,71,0,71,0.34195652173913044
395000.0,5.0,1.75,1840,10453,1.0,0,2,3,1360,480,66,1,20,0.01608695652173913
341000.0,3.0,1.0,1390,4814,1.5,0,0,3,1390,0,106,1,26,0.34195652173913044
264500.0,4.0,2.25,2060,11385,1.0,0,0,4,1200,860,52,0,52,0.03217391304347826
395000.0,4.0,2.75,2640,35070,1.5,0,0,3,2640,0,51,1,6,0.04021739130434782
640000.0,3.0,2.25,1980,10115,1.0,0,0,3,1980,0,55,1,25,0.06217391304347826
430000.0,3.0,1.5,1810,5080,1.0,0,0,3,1030,780,56,1,10,0.34195652173913044
410000.0,4.0,2.5,1700,9000,1.0,0,0,5,1700,0,42,0,42,0.04065217391304348
220000.0,4.0,1.0,1200,6000,1.5,0,0,3,1200,0,91,1,16,0.34195652173913044
405500.0,2.0,2.75,1350,1252,2.0,0,0,3,1120,230,8,0,8,0.34195652173913044
633000.0,4.0,2.5,2360,10000,1.0,0,3,3,1980,380,37,1,10,0.34195652173913044
295950.0,2.0,1.0,1190,6200,1.0,0,0,3,1190,0,66,1,20,0.02673913043478261
1042031.0,4.0,5.0,4110,43560,2.0,0,0,4,4110,0,36,1,14,0.06217391304347826
605000.0,4.0,2.5,2800,10786,1.0,0,0,3,1420,1380,44,1,0,0.06217391304347826
255000.0,2.0,1.5,920,1598,2.0,0,0,3,920,0,19,0,19,0.34195652173913044
474000.0,3.0,1.75,1530,8000,2.0,0,0,3,1530,0,36,0,36,0.051086956521739134
370000.0,2.0,1.0,860,5040,1.0,0,0,3,860,0,58,1,13,0.34195652173913044
288000.0,3.0,2.5,1520,3593,2.0,0,0,3,1520,0,10,1,11,0.020869565217391306
100000.0,2.0,0.75,660,5240,1.0,0,0,4,660,0,102,1,25,0.04021739130434782
1150000.0,5.0,2.5,3580,8921,2.0,0,0,3,3580,0,14,0,14,0.04065217391304348
600000.0,5.0,2.25,3000,13899,2.0,0,0,4,3000,0,39,0,39,0.051086956521739134
515000.0,5.0,3.25,2740,9629,1.0,0,0,5,1390,1350,37,0,37,0.007173913043478261
345000.0,4.0,2.5,2040,5523,2.0,0,0,3,2040,0,15,0,15,0.01608695652173913
975000.0,6.0,2.75,2520,54160,2.0,1,4,3,2520,0,60,1,9,0.34195652173913044
850000.0,3.0,2.0,2470,8800,2.0,0,0,3,2470,0,53,1,10,0.018695652173913044
439990.0,3.0,2.5,1930,1348,2.0,0,0,3,1300,630,9,0,9,0.34195652173913044
554950.0,3.0,2.5,2950,10254,2.0,0,0,3,2950,0,8,0,8,0.06369565217391304
605000.0,3.0,2.5,2610,6405,2.0,0,0,3,2610,0,13,0,13,0.015434782608695652
609000.0,3.0,1.75,1630,1526,3.0,0,0,3,1630,0,0,0,0,0.34195652173913044
425000.0,3.0,1.5,1400,1022,3.0,0,0,3,1400,0,7,0,7,0.34195652173913044
399900.0,2.0,1.75,1410,1005,1.5,0,0,3,900,510,3,0,3,0.04065217391304348
519995.0,4.0,3.0,2590,6160,2.0,0,0,3,2590,0,0,0,0,0.06369565217391304
625000.0,3.0,1.5,1300,7200,1.0,0,0,5,1300,0,54,0,54,0.04065217391304348
600000.0,3.0,2.5,2320,7609,2.0,0,0,3,2320,0,11,0,11,0.04065217391304348
671000.0,4.0,3.0,3130,5700,1.5,0,0,3,1750,1380,61,0,61,0.34195652173913044
459500.0,3.0,1.75,1470,4950,1.0,0,0,3,1030,440,30,0,30,0.34195652173913044
499000.0,3.0,2.5,1540,1326,3.0,0,0,3,1390,150,19,0,19,0.34195652173913044
395000.0,3.0,1.75,1480,7700,1.0,0,0,3,1480,0,39,0,39,0.04065217391304348
861990.0,5.0,2.75,3595,5639,2.0,0,0,3,3595,0,0,0,0,0.051086956521739134
382500.0,2.0,1.0,1190,4440,1.0,0,0,3,1190,0,33,1,1,0.34195652173913044
404950.0,4.0,2.25,2340,217014,1.0,0,0,4,2340,0,32,1,3,0.03826086956521739
530000.0,3.0,1.75,1320,2500,1.0,0,0,3,870,450,96,0,96,0.34195652173913044
195000.0,2.0,1.0,1190,27007,1.0,0,0,4,1190,0,104,0,104,0.04065217391304348
747500.0,4.0,2.25,2350,18600,2.0,0,0,4,2350,0,37,0,37,0.014347826086956521
199990.0,3.0,1.0,1100,8560,1.0,0,0,3,1100,0,53,1,10,0.03217391304347826
548800.0,4.0,1.0,1660,4704,1.5,0,0,3,1260,400,84,1,17,0.34195652173913044
870000.0,4.0,3.0,3040,36246,1.5,0,0,3,2680,360,91,1,0,0.03804347826086957
588000.0,3.0,2.0,1860,4777,2.0,0,0,5,1860,0,106,0,106,0.34195652173913044
775000.0,4.0,3.25,4100,241322,2.0,0,0,3,2500,1600,33,1,1,0.025
670000.0,6.0,3.0,4050,36171,2.0,0,0,4,2620,1430,44,0,44,0.04065217391304348
445000.0,2.0,2.0,1240,2500,2.0,0,0,3,1240,0,29,0,29,0.34195652173913044
300000.0,4.0,3.0,2200,10800,1.0,0,0,3,2200,0,54,1,2,0.06369565217391304
480000.0,3.0,2.25,1680,9090,1.0,0,0,4,1130,550,55,0,55,0.06217391304347826
300000.0,3.0,1.0,930,5160,1.5,0,0,5,930,0,95,1,80,0.34195652173913044
360000.0,3.0,1.5,1800,22000,2.0,0,0,3,1800,0,83,0,83,0.006304347826086957
527000.0,6.0,3.5,3000,8401,1.0,0,0,3,1500,1500,35,1,0,0.34195652173913044
875000.0,3.0,1.5,1820,12686,1.0,0,0,4,1820,0,62,0,62,0.06217391304347826
266000.0,4.0,2.25,1995,7102,2.0,0,0,4,1995,0,33,0,33,0.03217391304347826
866000.0,4.0,3.25,3990,9786,2.0,0,0,3,3990,0,10,1,11,0.051086956521739134
335950.0,2.0,1.5,800,5192,1.0,0,0,5,800,0,63,0,63,0.34195652173913044
215000.0,3.0,1.0,960,9563,1.0,0,0,5,960,0,47,0,47,0.03217391304347826
481000.0,4.0,2.5,2286,8269,2.0,0,0,3,2286,0,12,0,12,0.06369565217391304
320000.0,3.0,1.75,2220,11646,1.0,0,0,3,1270,950,64,1,9,0.014347826086956521
295000.0,3.0,1.75,1940,7500,1.5,0,0,4,1940,0,96,1,29,0.00608695652173913
295000.0,3.0,1.5,1640,7222,2.0,0,0,4,1640,0,106,0,106,0.34195652173913044
320000.0,3.0,1.0,1120,10576,1.0,0,0,4,1120,0,45,0,45,0.025
780000.0,4.0,2.0,2600,4800,1.0,0,2,3,1400,1200,61,0,61,0.34195652173913044
437500.0,3.0,2.0,1490,4800,2.0,0,0,5,1490,0,66,1,29,0.34195652173913044
443000.0,5.0,1.75,1650,3000,1.5,0,0,3,1650,0,112,0,112,0.34195652173913044
575000.0,4.0,2.5,2400,6137,2.0,0,0,3,2400,0,24,1,5,0.03804347826086957
245000.0,2.0,1.0,1500,6685,1.0,0,0,3,1190,310,88,1,11,0.34195652173913044
450000.0,3.0,2.5,1990,12793,2.0,0,0,3,1990,0,21,0,21,0.014347826086956521
536000.0,2.0,1.5,1130,746,2.0,0,0,3,1030,100,5,0,5,0.34195652173913044
685000.0,3.0,3.25,2030,11070,2.0,0,0,4,2030,0,34,0,34,0.051086956521739134
373000.0,4.0,1.75,1590,7920,2.0,0,0,4,1590,0,54,1,13,0.02673913043478261
450000.0,3.0,1.75,1480,8394,1.0,0,0,4,1480,0,43,0,43,0.051086956521739134
645000.0,4.0,2.5,2690,18653,2.0,0,0,3,2690,0,29,0,29,0.03804347826086957
230000.0,3.0,1.0,1390,6000,1.0,0,0,3,1390,0,60,1,9,0.06369565217391304
593000.0,3.0,2.75,1830,1850,2.0,0,0,3,1690,140,3,0,3,0.04065217391304348
558000.0,2.0,2.0,1580,5750,1.0,0,0,5,790,790,104,0,104,0.34195652173913044
538250.0,3.0,2.25,2590,15229,2.0,0,3,3,2590,0,30,0,30,0.012608695652173913
475000.0,5.0,2.5,2510,8050,1.0,0,0,4,1490,1020,37,0,37,0.04065217391304348
209950.0,3.0,1.5,1180,7300,1.0,0,0,4,1180,0,46,0,46,0.03826086956521739
410000.0,3.0,2.25,1450,19206,2.0,0,0,3,1450,0,25,0,25,0.03804347826086957
670000.0,5.0,2.5,2860,68519,2.0,0,0,5,2860,0,56,0,56,0.015434782608695652
821000.0,3.0,2.75,2760,8476,1.0,0,0,4,1690,1070,47,0,47,0.018695652173913044
665000.0,5.0,2.0,2800,17788,1.0,0,0,4,1400,1400,51,0,51,0.04065217391304348
339000.0,3.0,2.5,1450,3748,2.0,0,0,3,1450,0,10,1,11,0.015434782608695652
631500.0,4.0,2.0,2530,5650,1.5,0,0,4,1910,620,104,0,104,0.34195652173913044
570000.0,3.0,2.0,1640,2808,1.0,0,3,4,820,820,90,0,90,0.34195652173913044
437000.0,3.0,1.75,2220,17568,1.0,0,0,4,2220,0,47,0,47,0.025
542500.0,3.0,2.5,2040,10086,2.0,0,0,3,2040,0,27,1,14,0.051086956521739134
229500.0,3.0,1.0,1230,6000,1.0,0,0,4,1230,0,47,0,47,0.03826086956521739
170500.0,2.0,1.0,1060,7700,1.0,0,0,3,820,240,33,1,1,0.06369565217391304
391500.0,3.0,2.5,1920,9625,2.0,0,0,3,1920,0,21,0,21,0.010869565217391304
296475.0,3.0,2.5,1520,4170,2.0,0,0,3,1520,0,10,1,11,0.020869565217391306
888550.0,3.0,2.5,3540,38322,2.0,0,0,3,3540,0,25,0,25,0.051086956521739134
328000.0,3.0,2.0,2250,7904,1.5,0,0,3,2250,0,16,1,8,0.03826086956521739
300000.0,4.0,2.5,2090,5195,2.0,0,0,3,2090,0,7,0,7,0.04021739130434782
500000.0,3.0,2.5,1720,3012,2.0,0,0,3,1720,0,3,0,3,0.34195652173913044
494815.0,3.0,2.5,1910,2091,2.0,0,0,3,1910,0,0,0,0,0.04065217391304348
378000.0,3.0,2.5,1601,2491,3.0,0,0,3,1536,65,7,0,7,0.34195652173913044
505000.0,2.0,2.25,1060,1209,2.0,0,0,3,940,120,8,0,8,0.34195652173913044
680000.0,4.0,2.75,2330,3920,2.0,0,0,3,2330,0,9,0,9,0.04065217391304348
351999.0,3.0,2.5,2370,4200,2.0,0,0,3,2370,0,0,0,0,0.020869565217391306
510000.0,3.0,2.5,1420,1237,3.0,0,0,3,1420,0,0,0,0,0.34195652173913044
374000.0,2.0,1.5,1260,1575,2.0,0,0,3,1260,0,13,0,13,0.34195652173913044
509900.0,3.0,2.5,3030,9053,2.0,0,0,3,3030,0,5,0,5,0.06369565217391304
230000.0,3.0,1.75,1140,1201,2.0,0,0,3,1140,0,0,0,0,0.34195652173913044
527700.0,5.0,2.5,2820,9375,1.0,0,0,4,1550,1270,46,0,46,0.06217391304347826
438000.0,2.0,2.0,1270,1372,3.0,0,0,3,1270,0,14,0,14,0.34195652173913044
900000.0,3.0,2.5,3180,12600,2.0,0,0,4,3180,0,36,1,14,0.03804347826086957
1131000.0,3.0,2.25,2790,13791,1.0,0,3,3,2790,0,8,0,8,0.00391304347826087
439000.0,4.0,2.25,2570,9503,2.0,0,0,3,2570,0,34,0,34,0.007173913043478261
315000.0,2.0,1.0,1080,2674,1.0,0,0,4,720,360,95,1,29,0.34195652173913044
765000.0,4.0,4.0,3010,7221,2.0,0,0,3,3010,0,10,1,11,0.03804347826086957
332000.0,3.0,2.25,2120,14915,1.0,0,0,3,1720,400,35,1,0,0.03826086956521739
600000.0,3.0,2.25,1900,46609,1.5,0,0,4,1440,460,45,0,45,0.025
378500.0,3.0,2.5,2860,43821,2.0,0,0,4,2860,0,24,0,24,0.03826086956521739
190000.0,3.0,1.0,910,10575,1.0,0,0,4,910,0,46,0,46,0.03217391304347826
645000.0,4.0,2.5,2850,37522,2.0,0,0,3,2850,0,27,1,14,0.03804347826086957
780000.0,2.0,2.5,2560,2500,2.0,0,0,5,1690,870,113,0,113,0.34195652173913044
370000.0,3.0,1.75,1570,16817,2.0,0,0,3,1570,0,32,0,32,0.010869565217391304
875000.0,4.0,3.5,3110,108464,2.0,0,2,4,3110,0,35,0,35,0.03804347826086957
479000.0,3.0,1.0,1340,13750,1.0,0,0,4,1340,0,59,1,5,0.06217391304347826
245000.0,4.0,2.25,2600,6390,1.0,0,0,3,1390,1210,36,0,36,0.03217391304347826
542000.0,3.0,1.75,1070,8030,1.0,0,0,3,1070,0,48,1,0,0.051086956521739134
557500.0,3.0,2.25,1820,9670,2.0,0,0,3,1820,0,30,0,30,0.051086956521739134
480000.0,2.0,1.0,1060,3040,1.0,0,0,3,860,200,90,1,3,0.34195652173913044
330000.0,3.0,2.25,2220,4060,1.0,0,0,3,1330,890,21,0,21,0.34195652173913044
160000.0,3.0,1.0,1350,8700,1.5,0,0,3,1350,0,72,1,15,0.006304347826086957
695500.0,5.0,2.75,2510,9180,1.0,0,1,4,1600,910,39,0,39,0.051086956521739134
235500.0,5.0,2.5,2340,13713,1.0,0,0,2,1670,670,47,0,47,0.03217391304347826
326500.0,3.0,1.0,1060,7920,1.0,0,0,4,1060,0,46,0,46,0.34195652173913044
300000.0,4.0,2.5,2200,8065,2.0,0,0,3,2200,0,16,1,8,0.04021739130434782
267000.0,3.0,1.0,1400,8100,1.5,0,0,3,1400,0,70,0,70,0.34195652173913044
292600.0,3.0,1.5,1520,7123,1.0,0,0,4,1520,0,55,0,55,0.06369565217391304
362000.0,5.0,3.0,1810,3000,2.0,0,0,3,1810,0,16,1,8,0.34195652173913044
1087500.0,2.0,2.0,2360,11340,1.5,0,0,3,2360,0,17,0,17,0.018695652173913044
357562.0,2.0,1.75,1210,1032,2.0,0,0,3,1210,0,0,0,0,0.04065217391304348
789900.0,3.0,2.5,3420,25150,1.0,0,0,4,1750,1670,27,0,27,0.06217391304347826
513000.0,3.0,2.5,1810,4592,2.0,0,0,3,1810,0,22,0,22,0.04065217391304348
336000.0,3.0,2.25,2760,10160,1.0,0,0,3,2760,0,45,1,4,0.06369565217391304
560000.0,4.0,2.25,1950,9800,1.0,0,0,3,1330,620,46,1,17,0.04065217391304348
1150000.0,3.0,2.5,3830,48743,2.0,0,0,3,3830,0,23,0,23,0.06217391304347826
410000.0,4.0,2.25,2060,7283,1.0,0,0,3,1220,840,51,1,1,0.02673913043478261
371500.0,3.0,1.0,1650,6400,1.0,0,0,4,980,670,60,1,35,0.34195652173913044
368000.0,4.0,1.75,2100,11942,1.0,0,0,3,1030,1070,50,1,14,0.34195652173913044
650000.0,4.0,3.0,3720,57499,1.0,0,0,3,1880,1840,11,0,11,0.004782608695652174
308950.0,4.0,2.5,1920,8562,2.0,0,2,4,1920,0,20,0,20,0.00608695652173913
440000.0,3.0,2.0,1860,217800,2.0,0,2,3,1860,0,16,1,8,0.06369565217391304
630000.0,2.0,2.5,2290,3507,2.0,0,0,3,2290,0,9,0,9,0.04065217391304348
228950.0,3.0,1.75,1200,9085,1.0,0,0,4,1200,0,46,0,46,0.03217391304347826
245000.0,3.0,2.5,1600,2788,2.0,0,0,4,1600,0,22,0,22,0.04021739130434782
410000.0,4.0,2.5,2560,4020,2.0,0,0,3,2560,0,8,0,8,0.020869565217391306
427550.0,2.0,1.0,880,4000,1.0,0,0,3,880,0,74,1,18,0.34195652173913044
235000.0,2.0,1.0,1020,7920,1.0,0,0,3,1020,0,75,1,45,0.34195652173913044
210000.0,3.0,2.0,960,9380,1.0,0,0,3,960,0,65,1,16,0.34195652173913044
485000.0,4.0,2.25,1900,7200,1.0,0,0,3,1370,530,37,1,10,0.34195652173913044
410000.0,3.0,2.0,1320,6000,1.5,0,0,4,1320,0,94,0,94,0.34195652173913044
435000.0,4.0,2.75,2230,9640,1.0,0,0,3,1320,910,16,1,8,0.34195652173913044
300000.0,3.0,1.0,1150,7314,1.0,0,0,3,1150,0,54,1,2,0.06217391304347826
455000.0,4.0,3.5,3440,6000,2.0,0,0,4,3440,0,12,0,12,0.00391304347826087
210000.0,3.0,1.0,1070,8179,1.0,0,0,3,1070,0,65,1,16,0.34195652173913044
1050000.0,4.0,2.75,2250,3433,1.5,0,0,3,1500,750,87,1,1,0.34195652173913044
458400.0,4.0,2.5,1910,10300,1.0,0,0,3,1910,0,93,1,46,0.02673913043478261
390000.0,3.0,1.75,1180,16552,1.0,0,0,4,1180,0,47,0,47,0.025
148226.0,3.0,1.0,1400,7360,1.0,0,0,4,1400,0,46,0,46,0.03826086956521739
711600.0,4.0,3.0,3580,9316,2.5,0,0,3,2370,1210,23,0,23,0.06217391304347826
819000.0,3.0,2.75,3176,13391,2.0,0,3,4,2726,450,29,0,29,0.03217391304347826
613000.0,2.0,2.0,1170,1890,1.5,0,1,4,1170,0,87,0,87,0.34195652173913044
592350.0,2.0,2.0,1570,4665,1.0,0,0,3,1570,0,8,0,8,0.051086956521739134
232000.0,3.0,1.5,1460,15000,1.0,0,0,3,1460,0,48,1,51,0.03826086956521739
250000.0,3.0,1.75,1140,10400,1.0,0,0,4,1140,0,31,0,31,0.0004347826086956522
115000.0,1.0,2.0,1150,9812,1.0,0,0,4,1150,0,52,0,52,0.03826086956521739
1115000.0,4.0,2.5,3180,31931,1.0,0,0,4,2390,790,36,1,14,0.06217391304347826
585000.0,4.0,2.5,2630,6185,2.0,0,0,3,2630,0,15,0,15,0.06369565217391304
580000.0,3.0,2.25,1940,5980,1.0,0,0,3,1520,420,27,1,14,0.04065217391304348
165000.0,1.0,1.0,850,8050,1.0,0,0,2,850,0,108,0,108,0.34195652173913044
430000.0,3.0,2.0,1550,6039,1.0,0,0,5,830,720,72,0,72,0.34195652173913044
383000.0,3.0,2.25,2090,15000,1.0,0,0,3,2090,0,53,1,10,0.010869565217391304
201500.0,3.0,1.0,1320,5000,1.5,0,0,3,1320,0,102,1,20,0.34195652173913044
690000.0,4.0,2.5,3220,35400,2.0,0,0,3,3220,0,23,0,23,0.025
325000.0,2.0,1.0,800,7260,1.0,0,0,3,800,0,61,0,61,0.34195652173913044
375000.0,3.0,1.75,1660,9673,1.0,0,0,3,1130,530,38,0,38,0.025
600000.0,4.0,2.5,2250,11370,2.0,0,0,3,2250,0,23,0,23,0.04065217391304348
340000.0,3.0,2.25,2120,13090,1.0,0,0,3,2120,0,17,0,17,0.03826086956521739
890000.0,4.0,2.75,2310,4020,3.0,0,0,5,2310,0,35,0,35,0.34195652173913044
415000.0,4.0,1.75,1920,7700,2.0,0,0,4,1920,0,44,0,44,0.007173913043478261
255000.0,3.0,1.75,1550,9720,1.0,0,0,3,1050,500,38,0,38,0.001956521739130435
530000.0,2.0,2.5,1785,779,2.0,0,0,3,1595,190,39,0,39,0.06217391304347826
468000.0,3.0,1.5,1830,9848,1.0,0,0,5,1830,0,52,0,52,0.007173913043478261
970000.0,5.0,2.75,3500,5040,2.0,0,2,3,2950,550,87,1,7,0.34195652173913044
599000.0,3.0,2.0,2560,14680,1.0,0,0,3,1330,1230,27,1,14,0.051086956521739134
399500.0,4.0,1.75,1360,4840,1.5,0,0,4,1360,0,86,0,86,0.34195652173913044
325000.0,2.0,1.0,810,4080,1.0,0,0,4,810,0,73,1,16,0.34195652173913044
568000.0,4.0,1.75,2790,17476,1.0,0,2,3,1450,1340,58,1,13,0.01608695652173913
517000.0,2.0,1.5,1920,3408,1.0,0,0,4,960,960,102,1,25,0.34195652173913044
469950.0,4.0,2.75,2530,14178,2.0,0,0,3,2530,0,17,0,17,0.009130434782608696
623000.0,3.0,1.75,2050,16313,1.0,0,0,2,2050,0,41,0,41,0.018695652173913044
720000.0,4.0,2.25,2410,8400,2.0,0,0,5,2410,0,49,0,49,0.06217391304347826
205000.0,3.0,1.0,1180,8240,1.0,0,0,4,1180,0,47,0,47,0.03217391304347826
148000.0,2.0,1.0,630,4200,1.0,0,0,3,630,0,84,1,17,0.34195652173913044
950000.0,3.0,2.5,3480,7800,1.0,0,0,4,1750,1730,73,1,16,0.34195652173913044
405000.0,3.0,1.5,1010,7683,1.5,0,0,5,1010,0,61,0,61,0.34195652173913044
293000.0,3.0,2.25,1910,3481,2.0,0,0,3,1910,0,5,0,5,0.04021739130434782
550000.0,3.0,3.5,2490,3582,2.0,0,0,3,1720,770,9,0,9,0.04065217391304348
435000.0,4.0,2.5,2150,3143,2.0,0,0,3,2150,0,4,0,4,0.06369565217391304
355000.0,4.0,2.75,3000,5470,2.0,0,0,3,3000,0,9,0,9,0.020869565217391306
673000.0,3.0,2.75,2830,3496,2.0,0,0,3,2830,0,2,1,102,0.04065217391304348
449990.0,4.0,2.5,2680,5539,2.0,0,0,3,2680,0,1,1,91,0.010869565217391304
249000.0,2.0,1.5,1090,2686,2.0,0,0,3,1090,0,32,0,32,0.04065217391304348
380000.0,4.0,2.5,1984,32400,1.0,0,0,3,1564,420,52,1,11,0.012608695652173913
760005.0,4.0,2.75,3090,5859,2.0,0,0,3,3090,0,4,0,4,0.03804347826086957
674600.0,4.0,2.5,2610,5140,2.0,0,0,3,2610,0,8,0,8,0.34195652173913044
812000.0,4.0,3.5,3370,3634,2.0,0,0,3,2750,620,7,0,7,0.04065217391304348
333490.0,4.0,2.5,2250,3916,2.0,0,0,3,2250,0,0,0,0,0.03826086956521739
320000.0,3.0,3.25,1450,1387,2.0,0,0,3,1180,270,1,1,91,0.34195652173913044
999000.0,4.0,2.5,3130,10849,2.0,0,0,3,3130,0,1,1,91,0.04065217391304348
810000.0,2.0,2.75,2700,8572,1.0,0,0,3,2700,0,7,0,7,0.051086956521739134
399950.0,5.0,2.75,1970,5400,1.0,0,0,3,1320,650,28,0,28,0.34195652173913044
550000.0,3.0,2.0,1970,4166,2.0,0,3,5,1270,700,85,0,85,0.34195652173913044
290000.0,3.0,1.5,1950,15954,1.0,0,0,4,1950,0,55,0,55,0.03217391304347826
232500.0,3.0,1.5,1940,9887,1.0,0,0,4,1140,800,45,0,45,0.03217391304347826
565000.0,3.0,2.5,2500,7394,2.0,0,0,3,2500,0,24,1,5,0.025
749950.0,4.0,2.75,2910,18700,1.0,0,0,3,2210,700,57,1,19,0.02673913043478261
720500.0,4.0,2.5,3350,35298,2.0,0,0,4,3350,0,29,0,29,0.051086956521739134
507000.0,3.0,1.75,2140,40098,1.0,0,0,5,1490,650,64,0,64,0.06369565217391304
989000.0,5.0,4.5,4030,13474,2.0,0,0,3,4030,0,14,0,14,0.03804347826086957
463000.0,4.0,2.5,1980,6660,2.0,0,0,4,1980,0,40,0,40,0.04065217391304348
310000.0,3.0,1.5,1460,9908,1.0,0,0,3,1460,0,62,1,6,0.012608695652173913
284000.0,4.0,1.75,1880,8800,1.0,0,0,3,1130,750,54,1,2,0.34195652173913044
737500.0,3.0,1.75,2320,10900,2.0,0,0,3,2320,0,79,1,40,0.34195652173913044
569000.0,3.0,3.25,2220,8227,1.5,0,0,5,1770,450,85,0,85,0.34195652173913044
700000.0,3.0,1.0,1410,7200,2.0,0,0,4,1410,0,113,0,113,0.34195652173913044
660000.0,3.0,1.0,1240,3500,1.0,0,0,4,1240,0,87,0,87,0.34195652173913044
275000.0,4.0,2.0,2030,8426,2.0,0,0,3,2030,0,70,0,70,0.006304347826086957
570000.0,6.0,3.75,4000,6015,2.0,0,2,3,3080,920,10,1,11,0.06369565217391304
150000.0,3.0,0.75,490,38500,1.5,0,0,4,490,0,55,0,55,0.0006521739130434783
356000.0,3.0,2.5,1590,3411,2.0,0,0,3,1590,0,14,0,14,0.015434782608695652
610000.0,3.0,2.5,2630,5827,2.0,0,0,3,2630,0,13,0,13,0.051086956521739134
498800.0,2.0,1.75,1350,4614,1.0,0,0,3,1350,0,6,0,6,0.051086956521739134
226550.0,3.0,1.0,990,4440,1.0,0,0,3,990,0,71,1,12,0.34195652173913044
692500.0,4.0,2.75,3710,7984,2.0,0,0,3,3710,0,15,0,15,0.015434782608695652
250000.0,3.0,1.0,990,8062,1.0,0,0,4,990,0,54,1,13,0.012608695652173913
660000.0,4.0,2.5,2510,4543,2.0,0,0,3,2510,0,12,0,12,0.03804347826086957
295000.0,2.0,1.0,800,6500,1.0,0,0,4,800,0,61,1,31,0.02673913043478261
154950.0,4.0,1.0,1600,10183,1.0,0,0,4,1600,0,48,0,48,0.03826086956521739
409124.0,5.0,3.25,3320,11340,2.0,0,0,4,2480,840,15,0,15,0.04021739130434782
287000.0,5.0,1.5,1730,9230,1.0,0,0,3,1010,720,52,1,11,0.06369565217391304
810000.0,4.0,1.75,2000,3988,1.0,0,4,4,1000,1000,56,1,42,0.34195652173913044
525000.0,4.0,2.75,2910,6308,1.0,0,0,3,1640,1270,29,0,29,0.007173913043478261
525000.0,4.0,1.75,1710,10440,1.0,0,0,4,1710,0,59,1,5,0.06217391304347826
275000.0,3.0,1.0,1200,7800,1.0,0,0,4,1200,0,60,1,35,0.34195652173913044
583000.0,3.0,2.5,2600,5100,2.0,0,1,3,2600,0,16,1,8,0.06369565217391304
237950.0,2.0,1.75,1460,7926,1.0,0,0,4,1460,0,27,0,27,0.009347826086956522
679000.0,4.0,2.75,2100,4480,1.5,0,0,4,1780,320,86,0,86,0.34195652173913044
410000.0,3.0,1.75,1660,6250,1.0,0,0,3,830,830,34,0,34,0.34195652173913044
306000.0,3.0,1.0,1450,7200,1.0,0,0,3,1010,440,45,1,4,0.04065217391304348
215000.0,4.0,1.5,1860,5040,1.5,0,0,5,1860,0,94,0,94,0.00608695652173913
594950.0,4.0,2.5,2720,10006,2.0,0,0,3,2720,0,25,0,25,0.03804347826086957
305000.0,3.0,1.5,1800,12196,1.0,0,0,4,1800,0,48,0,48,0.03217391304347826
425000.0,2.0,1.0,1320,8830,1.0,0,0,3,1020,300,75,1,45,0.34195652173913044
215000.0,3.0,1.75,1770,29004,1.0,0,0,3,1770,0,55,1,25,0.03217391304347826
480000.0,5.0,2.75,2550,7725,1.0,0,0,5,1390,1160,47,0,47,0.007173913043478261
550000.0,4.0,1.75,2150,9000,1.0,0,0,4,1110,1040,48,0,48,0.051086956521739134
750000.0,4.0,2.5,3020,7465,2.0,0,0,3,3020,0,10,1,11,0.03804347826086957
137124.0,3.0,1.0,960,27442,1.0,0,0,4,960,0,44,0,44,0.06369565217391304
840000.0,3.0,2.0,2783,11177,2.0,0,0,3,2783,0,104,1,15,0.34195652173913044
624800.0,3.0,2.0,2250,14274,1.0,0,0,4,1500,750,50,0,50,0.018695652173913044
630000.0,3.0,1.75,1710,8767,1.0,0,0,4,1710,0,28,0,28,0.04065217391304348
590000.0,3.0,2.5,2650,9380,1.0,0,0,5,1680,970,39,0,39,0.00782608695652174
599950.0,3.0,3.25,1830,1804,3.0,0,0,3,1830,0,0,0,0,0.34195652173913044
299880.0,3.0,2.5,1460,3044,2.0,0,0,3,1460,0,14,0,14,0.34195652173913044
400000.0,3.0,2.0,1760,6875,1.0,0,0,4,1760,0,47,0,47,0.025
560000.0,3.0,2.5,1960,6058,2.0,0,0,3,1960,0,12,0,12,0.03804347826086957
229000.0,4.0,2.25,2010,7688,1.0,0,0,3,1170,840,35,1,0,0.03217391304347826
525000.0,4.0,2.5,3670,9958,2.0,0,0,3,3670,0,9,0,9,0.06369565217391304
737000.0,2.0,2.25,2290,9772,1.0,0,0,3,2290,0,7,0,7,0.051086956521739134
680000.0,3.0,2.0,1780,5720,1.0,0,0,5,980,800,89,0,89,0.34195652173913044
635000.0,4.0,2.5,3080,35430,2.0,0,0,3,3080,0,17,0,17,0.051086956521739134
740000.0,4.0,2.5,3360,15091,2.0,0,0,3,3360,0,17,0,17,0.051086956521739134
335500.0,3.0,1.0,1370,6780,2.0,0,0,3,1370,0,84,1,17,0.34195652173913044
270000.0,4.0,2.5,1660,8063,1.0,0,0,4,1660,0,36,1,14,0.012608695652173913
450000.0,5.0,2.5,2850,209523,1.0,0,0,4,1930,920,89,1,46,0.06369565217391304
379000.0,3.0,2.5,1530,2913,2.0,0,0,4,1530,0,28,0,28,0.04065217391304348
468000.0,4.0,2.5,2100,8400,1.0,0,0,4,1240,860,38,1,22,0.025
321500.0,1.0,1.0,730,1942,1.0,0,0,3,730,0,6,0,6,0.34195652173913044
443000.0,3.0,2.25,1920,8223,2.0,0,0,4,1920,0,25,0,25,0.007173913043478261
340000.0,3.0,1.0,1600,7324,1.0,0,0,4,1600,0,56,1,42,0.06369565217391304
470000.0,4.0,2.25,2380,17199,2.0,0,0,3,1530,850,35,1,0,0.014347826086956521
545000.0,3.0,2.5,2760,17377,2.0,0,0,3,2760,0,12,0,12,0.06369565217391304
415000.0,4.0,1.5,1840,11367,1.5,0,0,4,1840,0,64,1,31,0.02673913043478261
599000.0,7.0,2.5,2580,5750,1.0,0,0,4,1880,700,113,0,113,0.34195652173913044
759000.0,4.0,1.75,2100,4750,1.0,0,0,3,1340,760,39,0,39,0.34195652173913044
300000.0,4.0,1.75,1820,5015,1.0,0,0,4,1190,630,88,1,21,0.34195652173913044
359000.0,3.0,1.5,1550,4980,1.0,0,0,3,1080,470,36,0,36,0.34195652173913044
550000.0,4.0,1.0,1440,3600,1.5,0,0,4,1440,0,90,0,90,0.34195652173913044
395000.0,2.0,1.0,930,6380,1.0,0,0,4,930,0,74,1,13,0.34195652173913044
486000.0,4.0,2.5,3560,12047,2.0,0,0,3,3560,0,26,1,14,0.03217391304347826
187000.0,2.0,1.0,840,11600,1.0,0,0,3,840,0,62,1,6,0.01608695652173913
284000.0,3.0,1.5,1500,10018,1.0,0,0,4,1500,0,57,1,13,0.06369565217391304
696000.0,4.0,3.5,3650,38546,2.0,0,0,3,2550,1100,18,0,18,0.010869565217391304
380000.0,2.0,1.0,780,3910,1.0,0,0,3,780,0,96,0,96,0.34195652173913044
625000.0,4.0,1.0,1600,5500,1.5,0,0,4,1600,0,68,1,25,0.34195652173913044
252000.0,4.0,1.75,1120,8250,1.0,0,0,4,1120,0,48,0,48,0.06369565217391304
560000.0,2.0,1.0,1010,9219,1.0,0,0,4,1010,0,54,1,13,0.04065217391304348
395000.0,4.0,2.75,1970,37026,1.0,0,0,4,1970,0,53,1,13,0.006304347826086957
900000.0,4.0,2.5,2230,4372,2.0,0,0,5,1540,690,79,0,79,0.34195652173913044
625000.0,3.0,1.75,3160,76230,1.0,0,0,4,2160,1000,36,1,14,0.03826086956521739
580000.0,3.0,1.75,1850,5100,1.0,0,0,3,1020,830,105,1,10,0.34195652173913044
309000.0,3.0,2.25,1980,8755,1.0,0,0,4,1300,680,51,0,51,0.012608695652173913
412000.0,4.0,3.5,3360,9767,2.0,0,0,3,2450,910,24,1,5,0.03217391304347826
495000.0,3.0,2.0,2660,192099,1.0,0,0,4,2660,0,50,0,50,0.00608695652173913
215000.0,3.0,1.0,1200,7280,1.0,0,0,4,1200,0,47,0,47,0.04021739130434782
741500.0,2.0,2.5,2150,5760,1.0,0,0,3,2150,0,4,0,4,0.051086956521739134
749000.0,3.0,2.75,2820,5348,2.0,0,0,3,2820,0,6,0,6,0.051086956521739134
659950.0,4.0,2.75,3510,9400,2.0,0,0,3,3510,0,0,0,0,0.06369565217391304
530000.0,3.0,2.5,1790,3078,2.0,0,0,3,1790,0,4,0,4,0.04065217391304348
749000.0,4.0,2.75,2700,6000,2.0,0,0,4,2100,600,104,0,104,0.34195652173913044
595000.0,4.0,3.25,3730,4560,2.0,0,0,3,2760,970,1,1,91,0.34195652173913044
487000.0,4.0,2.5,2540,5001,2.0,0,0,3,2540,0,9,0,9,0.34195652173913044
760000.0,4.0,2.25,3300,8365,3.0,0,0,3,3300,0,0,0,0,0.34195652173913044
435000.0,4.0,2.5,2550,5200,2.0,0,0,3,2550,0,5,0,5,0.06369565217391304
374950.0,3.0,2.25,1390,1484,3.0,0,0,3,1390,0,7,0,7,0.34195652173913044
440000.0,3.0,1.5,1270,1413,3.0,0,0,3,1270,0,7,0,7,0.34195652173913044
360000.0,4.0,2.5,2380,5000,2.0,0,0,3,2380,0,9,0,9,0.020869565217391306
879000.0,4.0,2.5,3360,22111,2.0,0,0,3,3360,0,20,0,20,0.03804347826086957
505000.0,2.0,1.0,1240,57000,1.0,0,0,3,1240,0,52,1,11,0.03804347826086957
545000.0,2.0,2.0,2930,14057,1.0,0,2,4,1680,1250,34,0,34,0.006304347826086957
600000.0,2.0,2.5,2410,102366,1.0,0,0,4,1940,470,102,1,25,0.002391304347826087
775000.0,6.0,2.75,2980,5000,1.5,0,0,3,2480,500,98,1,28,0.34195652173913044
725000.0,2.0,1.75,1950,2719,1.0,0,0,5,1010,940,95,1,80,0.34195652173913044
610000.0,4.0,2.75,2600,36583,1.0,0,0,5,1580,1020,38,0,38,0.03804347826086957
350000.0,4.0,1.0,1170,8147,1.5,0,0,3,1170,0,55,1,25,0.34195652173913044
410000.0,3.0,1.0,1470,6500,1.0,0,0,4,1470,0,61,1,31,0.01608695652173913
639000.0,4.0,2.0,1840,5419,1.0,0,0,4,920,920,72,1,32,0.34195652173913044
439000.0,4.0,2.0,1560,7500,1.0,0,0,4,1560,0,46,0,46,0.04065217391304348
499950.0,4.0,1.75,1520,7700,1.0,0,0,4,1520,0,47,0,47,0.04065217391304348
800000.0,3.0,2.75,2220,4000,2.0,0,0,3,1700,520,100,1,14,0.34195652173913044
350000.0,4.0,2.5,2800,9538,2.0,0,0,3,2800,0,21,0,21,0.03217391304347826
279000.0,2.0,1.0,670,6300,1.0,0,0,5,670,0,72,0,72,0.34195652173913044
290256.0,3.0,2.25,1720,7885,2.0,0,0,3,1720,0,31,1,5,0.03217391304347826
355000.0,3.0,2.5,2110,4038,2.0,0,0,4,2110,0,25,0,25,0.04021739130434782
263000.0,3.0,1.75,1580,9187,1.0,0,0,3,1180,400,21,0,21,0.020869565217391306
880000.0,6.0,2.5,2640,3680,2.0,0,0,5,1760,880,92,1,58,0.34195652173913044
426500.0,4.0,2.5,2700,6515,2.0,0,0,3,2700,0,16,1,8,0.06369565217391304
735000.0,3.0,2.5,2820,8159,2.0,0,0,3,2820,0,10,1,11,0.04065217391304348
720000.0,4.0,2.5,3340,8930,2.0,0,2,3,3340,0,15,0,15,0.015434782608695652
265000.0,3.0,2.5,1530,6000,2.0,0,0,4,1530,0,23,0,23,0.020869565217391306
840000.0,4.0,3.5,3840,85728,2.0,0,0,3,3840,0,16,1,8,0.004782608695652174
657500.0,3.0,2.0,2320,10960,1.0,0,0,3,1510,810,58,1,13,0.06217391304347826
850000.0,5.0,2.0,2310,13430,1.5,0,0,4,2310,0,48,0,48,0.06217391304347826
436110.0,3.0,2.5,1770,1235,3.0,0,0,3,1600,170,7,0,7,0.34195652173913044
589900.0,2.0,3.0,3160,66646,2.0,0,0,3,3160,0,21,0,21,0.025
620000.0,3.0,1.5,1620,6630,1.0,0,0,3,1280,340,60,1,9,0.34195652173913044
254000.0,4.0,2.0,1510,4235,1.0,0,0,3,1510,0,59,1,9,0.34195652173913044
375000.0,3.0,1.75,960,8106,1.0,0,0,3,960,0,52,1,11,0.051086956521739134
455000.0,4.0,2.25,1740,8449,1.0,0,0,4,1170,570,56,1,42,0.06217391304347826
445000.0,4.0,2.0,1470,8395,1.0,0,0,4,1470,0,49,0,49,0.06217391304347826
568500.0,4.0,2.5,2460,4200,2.0,0,0,3,2460,0,16,1,8,0.03804347826086957
352500.0,3.0,1.75,1170,8182,1.0,0,0,3,1170,0,52,1,11,0.02673913043478261
342500.0,2.0,1.75,1210,7507,1.0,0,0,3,1210,0,32,0,32,0.04065217391304348
299950.0,3.0,2.5,1870,7942,2.0,0,0,3,1870,0,24,1,5,0.03826086956521739
425000.0,3.0,2.5,1950,5689,2.0,0,0,3,1950,0,5,0,5,0.015434782608695652
561000.0,4.0,2.5,2570,5250,2.0,0,0,3,2570,0,24,1,5,0.04065217391304348
455500.0,3.0,2.0,1460,10311,1.0,0,0,4,1460,0,39,0,39,0.051086956521739134
400000.0,3.0,2.5,2970,23100,1.0,0,0,3,1510,1460,47,1,3,0.025
443500.0,4.0,2.5,2040,21781,2.0,0,0,3,2040,0,20,0,20,0.004782608695652174
370000.0,4.0,2.75,3150,67518,1.0,0,0,4,2250,900,49,0,49,0.03826086956521739
475000.0,3.0,2.25,1820,8008,1.0,0,0,3,1240,580,33,1,1,0.051086956521739134
580000.0,4.0,2.5,2130,35752,1.0,0,0,3,1490,640,34,0,34,0.03804347826086957
518000.0,3.0,1.5,1430,8000,1.0,0,0,4,1430,0,58,0,58,0.06217391304347826
525000.0,3.0,2.5,2030,6970,2.0,0,0,4,2030,0,23,0,23,0.04065217391304348
236000.0,4.0,2.75,2000,5827,2.0,0,0,3,2000,0,17,0,17,0.020869565217391306
278500.0,4.0,2.25,1940,6206,2.0,0,0,3,1940,0,24,1,5,0.03217391304347826
205425.0,2.0,1.75,880,6780,1.0,0,0,4,880,0,69,0,69,0.34195652173913044
248000.0,3.0,1.0,950,9400,1.0,0,0,4,950,0,60,1,35,0.06217391304347826
505000.0,3.0,2.25,1670,1596,2.0,0,0,3,1220,450,12,0,12,0.34195652173913044
657500.0,3.0,2.5,2670,10496,2.0,0,0,3,2670,0,25,0,25,0.03804347826086957
670000.0,3.0,2.5,2700,1438,2.0,0,0,3,1280,1420,11,0,11,0.34195652173913044
202000.0,1.0,1.0,590,833,1.0,0,0,4,590,0,88,1,21,0.34195652173913044
440000.0,4.0,2.25,2160,8119,1.0,0,0,3,1080,1080,48,1,101,0.06217391304347826
690000.0,4.0,2.5,2700,8810,2.0,0,0,3,2700,0,10,1,11,0.051086956521739134
375000.0,6.0,2.25,3206,5793,2.0,0,0,3,3206,0,2,1,102,0.04021739130434782
291000.0,3.0,1.75,1560,9788,1.0,0,0,3,1560,0,50,1,14,0.34195652173913044
230000.0,3.0,1.75,1400,6956,1.0,0,0,4,1400,0,57,1,13,0.04021739130434782
850000.0,4.0,3.25,3090,6744,2.0,0,4,3,3090,0,1,1,91,0.02673913043478261
84350.0,4.0,2.0,2630,16475,2.0,0,0,4,2630,0,61,1,31,0.0008695652173913044
188000.0,4.0,2.75,3260,19542,1.0,0,0,4,2170,1090,46,0,46,0.002391304347826087
7800.0,2.0,1.0,780,16344,1.0,0,0,1,780,0,72,0,72,0.006304347826086957
237227.86,4.0,2.5,2200,9397,2.0,0,0,3,2200,0,27,1,14,0.03826086956521739
117833.33,3.0,1.0,1340,306848,1.0,0,0,3,1340,0,61,0,61,0.009130434782608696
0.0,3.0,1.75,1490,10125,1.0,0,0,4,1490,0,52,0,52,0.03217391304347826
744312.5,4.0,2.5,2800,5900,1.0,0,0,3,1660,1140,51,1,6,0.34195652173913044
0.0,4.0,2.75,2600,5390,1.0,0,0,4,1300,1300,54,1,13,0.34195652173913044
0.0,6.0,2.75,3200,9200,1.0,0,2,4,1600,1600,61,1,31,0.01608695652173913
0.0,5.0,3.5,3480,36615,2.0,0,0,4,2490,990,31,0,31,0.04065217391304348
439333.33,3.0,3.5,3020,4082,2.0,0,0,3,2080,940,60,1,10,0.34195652173913044
280000.0,3.0,2.25,1970,11088,1.0,0,0,4,1180,790,47,0,47,0.00782608695652174
0.0,5.0,1.5,1500,7112,1.0,0,0,5,760,740,94,0,94,0.01608695652173913
0.0,4.0,4.0,3680,18804,2.0,0,0,3,3680,0,24,1,5,0.03804347826086957
176225.0,3.0,2.0,1570,7200,1.0,0,0,4,1570,0,62,0,62,0.02673913043478261
500324.0,3.0,2.5,2280,2289,2.0,0,0,3,1880,400,8,0,8,0.04065217391304348
444845.0,3.0,2.5,1600,3573,2.0,0,0,3,1600,0,1,1,91,0.06369565217391304
330000.0,3.0,3.0,1680,1570,3.0,0,0,3,1680,0,0,0,0,0.34195652173913044
292285.71,3.0,1.75,1890,13860,1.0,0,0,5,1890,0,48,0,48,0.04021739130434782
160000.0,2.0,1.0,520,22334,1.0,0,0,2,520,0,63,0,63,0.006304347826086957
274333.33,3.0,2.25,1780,191228,2.0,0,2,3,1780,0,26,1,14,0.010869565217391304
537500.0,4.0,3.0,2920,33976,1.0,0,3,5,1460,1460,50,0,50,0.06217391304347826
232333.33,3.0,2.25,2430,73151,1.0,0,0,3,2430,0,40,0,40,0.06369565217391304
237333.33,3.0,2.75,3010,1842,2.0,0,0,3,3010,0,3,0,3,0.03804347826086957
346750.0,3.0,1.0,1620,30736,1.5,0,0,4,1620,0,103,1,37,0.06217391304347826
0.0,2.0,2.5,2200,188200,1.0,0,3,3,2200,0,7,0,7,0.00608695652173913
1020000.0,3.0,2.25,2950,78843,1.5,0,0,3,2950,0,8,0,8,0.03804347826086957
0.0,4.0,2.25,2170,10500,1.0,0,2,4,1270,900,54,1,13,0.00391304347826087
254000.0,3.0,1.5,1770,17208,1.0,0,0,3,1160,610,55,1,25,0.06217391304347826
238750.0,3.0,1.0,1830,8209,1.0,0,0,3,1830,0,72,1,15,0.014347826086956521
268971.88,4.0,2.5,2380,7066,2.0,0,0,4,2380,0,17,0,17,0.04021739130434782
642000.0,4.0,2.5,2550,10000,1.0,0,0,3,1290,1260,50,1,14,0.06217391304347826
571986.11,3.0,2.5,3720,11610,2.0,0,0,3,3720,0,32,0,32,0.03804347826086957
554250.0,3.0,2.5,1490,1709,3.0,0,0,3,1490,0,10,1,11,0.34195652173913044
0.0,4.0,1.5,2180,22870,1.0,0,0,4,1280,900,60,1,39,0.04021739130434782
107500.0,4.0,1.5,1590,131551,1.0,0,3,4,1590,0,48,0,48,0.00608695652173913
300000.0,3.0,2.0,1510,7066,1.0,0,2,3,1230,280,41,1,1,0.34195652173913044
540833.33,3.0,2.0,1640,9972,1.0,0,0,4,1640,0,37,0,37,0.03804347826086957
274750.0,4.0,2.5,1840,1562,2.0,0,0,3,1400,440,10,1,11,0.34195652173913044
148612.5,3.0,1.0,1040,5000,1.0,0,0,3,1040,0,55,1,25,0.34195652173913044
326428.57,3.0,1.0,1250,4800,1.0,0,0,4,1250,0,63,1,15,0.34195652173913044
0.0,5.0,3.25,3690,12353,2.0,0,0,5,3690,0,37,0,37,0.00782608695652174
135333.33,4.0,1.0,1530,7200,1.5,0,0,3,1400,130,66,1,20,0.34195652173913044
577437.5,4.0,2.5,2110,3750,2.0,0,0,3,2110,0,14,0,14,0.34195652173913044
440825.0,3.0,1.75,2150,4333,1.0,0,0,3,1200,950,58,1,13,0.34195652173913044
257500.0,4.0,1.75,2420,7672,1.0,0,0,3,1480,940,35,1,0,0.04065217391304348
176400.0,2.0,1.0,910,9612,1.0,0,0,4,910,0,33,0,33,0.06369565217391304
193000.0,3.0,1.5,2200,5000,1.5,0,0,3,2200,0,82,0,82,0.34195652173913044
646212.5,4.0,2.5,3430,64441,2.0,0,0,3,3430,0,1,1,91,0.025
268971.88,4.0,2.5,1860,6687,1.0,0,0,4,1220,640,31,0,31,0.04021739130434782
0.0,4.0,3.75,3300,4545,1.5,0,4,3,2600,700,88,1,15,0.34195652173913044
317061.88,3.0,1.75,1280,10716,1.0,0,0,4,1280,0,45,0,45,0.06369565217391304
83300.0,3.0,2.0,1490,7770,1.0,0,0,4,1490,0,24,0,24,0.009347826086956522
0.0,5.0,2.25,2880,11965,2.0,0,0,4,2880,0,24,0,24,0.009347826086956522
266066.67,4.0,1.0,1310,5200,1.5,0,0,3,1160,150,69,1,4,0.34195652173913044
342246.43,4.0,2.5,1980,7403,2.0,0,0,3,1980,0,26,1,14,0.03217391304347826
0.0,5.0,2.25,2000,7900,1.0,0,0,4,1300,700,28,0,28,0.006304347826086957
0.0,3.0,3.0,1860,7440,1.0,0,0,5,1040,820,60,0,60,0.34195652173913044
0.0,4.0,3.0,1990,6180,2.0,0,0,3,1990,0,24,1,5,0.03217391304347826
240015.33,4.0,2.25,1720,8300,1.0,0,0,4,1720,0,41,0,41,0.03217391304347826
83300.0,3.0,2.0,1370,78408,1.0,0,0,5,1370,0,50,0,50,0.009347826086956522
316850.0,4.0,3.0,4060,35621,1.0,0,0,3,2030,2030,25,0,25,0.03826086956521739
259585.57,4.0,2.5,1960,9898,2.0,0,0,3,1960,0,13,0,13,0.04021739130434782
328211.9,4.0,2.5,1720,9600,1.0,0,0,3,1120,600,53,1,10,0.03826086956521739
673476.82,4.0,2.5,2740,12899,2.0,0,0,4,2740,0,24,0,24,0.03804347826086957
0.0,4.0,1.0,1360,13372,1.0,0,0,3,1360,0,59,1,9,0.014347826086956521
425000.0,3.0,2.5,1870,5449,2.0,0,0,3,1870,0,11,0,11,0.007173913043478261
127160.0,2.0,1.0,720,4222,1.0,0,0,4,720,0,72,1,32,0.06369565217391304
341750.0,3.0,2.25,2180,7741,2.0,0,0,3,2180,0,28,0,28,0.03804347826086957
178650.0,3.0,1.5,1430,8960,1.0,0,0,4,1430,0,61,1,31,0.01608695652173913
87500.0,2.0,1.0,780,6685,1.0,0,0,4,780,0,66,0,66,0.03826086956521739
282508.89,3.0,1.0,1180,5002,1.5,0,0,3,1180,0,68,0,68,0.02673913043478261
450385.71,3.0,2.0,1300,3731,1.0,0,0,3,900,400,21,0,21,0.34195652173913044
532500.0,2.0,1.75,2050,11900,1.0,0,0,4,2050,0,64,1,31,0.06217391304347826
408900.0,3.0,1.75,2930,19876,1.0,0,0,3,2030,900,21,0,21,0.025
156766.67,2.0,1.0,1500,4120,1.5,0,0,3,880,620,86,1,60,0.06369565217391304
308830.77,2.0,1.0,810,4800,1.0,0,0,3,810,0,95,1,13,0.34195652173913044
484991.67,4.0,2.75,2320,4344,2.0,0,0,3,2320,0,2,1,102,0.06369565217391304
287919.78,2.0,1.0,1090,5000,1.0,0,0,4,730,360,72,1,32,0.34195652173913044
247875.0,2.0,1.0,1000,4776,1.0,0,0,4,1000,0,72,1,32,0.34195652173913044
309487.5,3.0,2.5,2260,19821,2.0,0,0,3,2260,0,20,0,20,0.06369565217391304
173666.67,4.0,1.0,1290,5000,1.5,0,0,3,1290,0,57,1,14,0.34195652173913044
237481.25,3.0,2.0,2120,7560,1.0,0,0,3,2120,0,23,0,23,0.06369565217391304
326983.33,3.0,2.25,1490,4522,2.0,0,0,3,1490,0,5,0,5,0.014347826086956521
790000.0,4.0,2.5,2310,5100,2.0,0,0,3,2310,0,1,1,91,0.34195652173913044
0.0,1.0,1.0,720,6000,1.0,0,0,3,720,0,74,1,18,0.34195652173913044
678333.33,3.0,2.5,1840,3035,1.0,0,0,3,920,920,88,1,11,0.34195652173913044
542804.75,5.0,2.75,2910,36250,1.0,0,0,3,1590,1320,37,1,10,0.03804347826086957
723243.75,4.0,2.75,3270,12880,2.0,0,0,3,3270,0,0,0,0,0.04065217391304348
667781.25,5.0,2.75,3040,10257,2.0,0,0,3,3040,0,21,0,21,0.06217391304347826
108333.33,3.0,1.0,1200,9936,1.0,0,0,4,1200,0,45,0,45,0.020869565217391306
0.0,5.0,2.75,2740,5616,1.5,0,0,5,1670,1070,89,0,89,0.34195652173913044
535000.0,4.0,2.25,2290,5350,2.0,0,0,4,2120,170,56,1,42,0.34195652173913044
596165.43,4.0,2.0,2580,6000,1.0,0,0,5,1300,1280,64,0,64,0.34195652173913044
269187.5,3.0,1.75,1590,27200,1.5,0,0,4,1590,0,88,1,21,0.020869565217391306
148612.5,3.0,1.0,1040,6860,2.0,0,0,3,1040,0,72,1,15,0.34195652173913044
0.0,3.0,1.0,1300,6710,1.0,0,0,4,1300,0,62,0,62,0.018695652173913044
0.0,5.0,2.5,2090,4698,2.0,0,0,3,2090,0,16,1,8,0.020869565217391306
341166.67,5.0,2.75,2670,3800,2.0,0,0,3,2670,0,0,0,0,0.06369565217391304
132500.0,4.0,1.0,1540,115434,1.5,0,0,4,1540,0,91,0,91,0.04021739130434782
557125.0,4.0,2.75,3370,12447,2.0,0,0,3,3370,0,23,0,23,0.025
228944.44,3.0,1.75,1730,11325,1.0,0,0,5,1730,0,42,0,42,0.04021739130434782
592105.71,3.0,2.5,1640,29970,2.0,0,0,3,1640,0,22,0,22,0.051086956521739134
535000.0,4.0,2.25,2980,8051,1.5,0,2,4,2020,960,79,0,79,0.34195652173913044
420642.86,3.0,2.0,1330,8100,1.0,0,0,4,1330,0,45,0,45,0.04065217391304348
132250.0,4.0,2.25,2192,12128,2.0,0,0,3,2192,0,8,0,8,0.04021739130434782
237227.86,4.0,2.5,2068,7242,2.0,0,0,4,2068,0,38,1,22,0.03826086956521739
440825.0,3.0,1.75,1980,6250,1.0,0,1,5,1090,890,104,0,104,0.34195652173913044
423050.93,2.0,1.0,890,4590,1.0,0,0,3,890,0,91,1,16,0.34195652173913044
315368.7,3.0,2.5,3080,12476,2.0,0,0,3,3080,0,24,1,5,0.020869565217391306
417985.71,4.0,2.25,2070,7500,2.0,0,0,4,2070,0,37,0,37,0.04065217391304348
723243.75,4.0,2.75,3010,7215,2.0,0,0,3,3010,0,0,0,0,0.04065217391304348
259950.0,4.0,2.0,2030,9300,1.0,0,0,4,2030,0,38,1,22,0.051086956521739134
0.0,4.0,3.75,4060,19290,2.0,0,0,3,4060,0,12,0,12,0.03804347826086957
237333.33,3.0,2.75,2340,16500,1.0,0,0,4,1500,840,42,0,42,0.03804347826086957
426090.0,3.0,2.5,2340,5957,2.0,0,0,3,2340,0,19,0,19,0.014347826086956521
458663.89,2.0,1.0,1470,7137,1.0,0,0,3,1020,450,73,1,20,0.34195652173913044
812650.0,4.0,2.5,3700,21755,1.0,0,4,3,2620,1080,26,1,14,0.06217391304347826
135333.33,4.0,1.0,1200,7200,1.5,0,0,3,1200,0,70,0,70,0.34195652173913044
0.0,5.0,2.75,2910,53898,1.0,0,0,5,1510,1400,35,0,35,0.025
0.0,5.0,2.0,1910,7200,1.0,0,0,4,1110,800,63,1,15,0.34195652173913044
0.0,3.0,2.5,2880,13500,1.0,0,4,5,1520,1360,64,0,64,0.002391304347826087
0.0,5.0,2.75,3240,6863,2.0,0,0,3,3240,0,1,1,91,0.06369565217391304
387884.62,3.0,1.75,1590,8219,1.5,0,0,5,970,620,76,0,76,0.04065217391304348
437500.0,5.0,3.5,3690,11928,2.0,0,0,3,2540,1150,8,0,8,0.03804347826086957
641633.33,3.0,2.5,2480,5137,2.0,0,0,3,2480,0,14,0,14,0.051086956521739134
681965.78,4.0,2.5,2683,40386,2.0,0,0,4,2683,0,27,0,27,0.051086956521739134
229629.5,2.0,1.0,1100,8281,1.0,0,0,4,1100,0,67,1,26,0.02673913043478261
0.0,4.0,1.0,2080,3500,1.5,0,0,5,1260,820,88,0,88,0.34195652173913044
210614.29,3.0,2.5,2210,10119,1.0,0,0,4,1450,760,48,0,48,0.04021739130434782
790000.0,4.0,3.25,2420,4000,1.5,0,0,5,1870,550,103,1,30,0.34195652173913044
435500.0,3.0,3.5,1240,1666,2.0,0,0,3,1000,240,6,0,6,0.34195652173913044
738190.86,3.0,2.5,2300,3060,1.5,0,0,3,1510,790,84,1,12,0.34195652173913044
497333.33,3.0,1.75,1760,12874,1.0,0,0,4,1230,530,47,0,47,0.06217391304347826
300000.0,3.0,2.0,2020,8555,1.0,0,0,4,1220,800,57,1,13,0.34195652173913044
1036200.0,4.0,3.25,2500,5801,1.5,0,0,3,1960,540,88,1,11,0.34195652173913044
163785.71,2.0,1.0,760,5500,1.5,0,0,3,760,0,67,1,2,0.34195652173913044
351250.0,4.0,1.75,1580,5340,1.0,0,0,3,1130,450,67,1,2,0.34195652173913044
645325.0,3.0,2.5,2670,10481,2.0,0,0,3,2670,0,11,0,11,0.04065217391304348
171224.8,3.0,1.0,1140,8366,1.0,0,0,5,1140,0,71,0,71,0.06369565217391304
0.0,5.0,3.75,3870,8225,2.0,0,0,3,3870,0,16,1,8,0.03804347826086957
540000.0,3.0,2.75,2750,18029,1.0,0,2,5,1810,940,36,0,36,0.06217391304347826
233166.67,3.0,2.0,1570,7000,2.0,0,2,4,1050,520,43,0,43,0.34195652173913044
329333.33,3.0,1.75,1160,22470,1.0,0,0,4,1160,0,38,1,22,0.014347826086956521
225279.43,3.0,2.25,2110,7665,1.0,0,0,4,1360,750,41,0,41,0.03217391304347826
331366.67,3.0,2.5,1270,2509,2.0,0,0,3,1270,0,10,1,11,0.34195652173913044
460886.92,4.0,2.5,3250,4500,2.0,0,0,3,3250,0,5,0,5,0.06369565217391304
337945.75,2.0,1.0,940,9839,1.0,0,0,3,940,0,104,1,8,0.34195652173913044
0.0,4.0,1.5,2310,68824,2.0,0,0,4,2310,0,46,0,46,0.001956521739130435
243069.23,3.0,1.0,1130,12519,1.0,0,0,3,1130,0,56,1,10,0.06369565217391304
0.0,6.0,3.0,3020,13783,2.0,0,0,3,3020,0,62,1,12,0.018695652173913044
690408.62,4.0,2.5,3210,14910,2.0,0,0,3,3210,0,19,0,19,0.03804347826086957
592105.71,3.0,2.5,2650,40705,2.0,0,0,3,2650,0,20,0,20,0.051086956521739134
220083.33,3.0,1.75,1150,8079,1.0,0,0,4,1150,0,31,0,31,0.04021739130434782
280000.0,3.0,3.0,3910,19023,2.0,0,0,3,3910,0,29,0,29,0.004782608695652174
297857.14,4.0,2.5,3490,5000,2.0,0,0,3,3490,0,11,0,11,0.009347826086956522
950833.33,5.0,3.0,3330,19126,2.0,0,0,4,2610,720,37,0,37,0.018695652173913044
323833.33,4.0,1.0,1940,5753,1.5,0,0,3,1940,0,67,1,2,0.34195652173913044
309000.0,3.0,2.5,1800,2700,2.0,0,0,3,1800,0,3,0,3,0.34195652173913044
248400.0,3.0,1.75,1880,11249,1.0,0,0,3,1330,550,29,0,29,0.03826086956521739
994500.0,4.0,2.25,2870,6280,1.5,0,0,4,1980,890,109,0,109,0.34195652173913044
0.0,4.0,2.5,1960,11600,1.0,0,0,5,980,980,83,0,83,0.03826086956521739
0.0,4.0,1.0,1810,7500,1.0,0,0,2,1410,400,55,0,55,0.34195652173913044
0.0,2.0,2.25,1490,6770,1.5,0,0,3,1490,0,88,1,11,0.34195652173913044
288500.0,5.0,2.5,3390,9760,1.0,0,0,5,1750,1640,36,0,36,0.06369565217391304
379509.17,2.0,1.0,880,6413,1.0,0,0,3,880,0,64,1,9,0.34195652173913044
180785.71,2.0,1.0,2550,21675,1.0,0,1,4,1610,940,56,1,42,0.012608695652173913
950100.0,4.0,2.5,3160,13194,2.0,0,0,5,3160,0,49,0,49,0.018695652173913044
542500.0,5.0,2.75,3831,13800,2.0,1,4,3,3831,0,55,1,34,0.018695652173913044
362750.0,2.0,1.75,1240,3000,1.5,0,0,3,1240,0,108,1,0,0.34195652173913044
234975.0,4.0,2.75,2520,14021,2.0,0,0,3,2520,0,15,0,15,0.009130434782608696
672500.0,4.0,2.25,2420,10200,2.0,0,0,4,2420,0,41,0,41,0.018695652173913044
391400.0,4.0,1.75,1250,7400,1.0,0,0,5,1250,0,55,0,55,0.06217391304347826
0.0,3.0,2.75,1310,7300,1.0,0,0,3,1310,0,57,1,14,0.06217391304347826
198995.0,3.0,1.0,1410,8053,1.0,0,0,4,1410,0,63,1,15,0.34195652173913044
278900.0,3.0,1.0,990,9798,1.0,0,0,3,990,0,46,1,17,0.025
171758.33,3.0,1.0,1000,8512,1.0,0,0,3,1000,0,23,0,23,0.00608695652173913
325187.5,3.0,1.75,2000,7560,1.0,0,0,4,1300,700,46,0,46,0.06369565217391304
190368.75,2.0,1.0,1120,5650,1.0,0,0,3,1120,0,70,0,70,0.34195652173913044
375000.0,5.0,3.25,3370,7947,2.0,0,0,3,3370,0,13,0,13,0.04065217391304348
216000.0,3.0,2.75,2210,4000,2.0,0,0,3,2210,0,6,0,6,0.051086956521739134
0.0,5.0,3.5,2640,6895,2.0,0,0,3,2640,0,13,0,13,0.015434782608695652
360500.0,3.0,2.5,1150,887,3.0,0,0,3,1150,0,7,0,7,0.34195652173913044
677099.57,4.0,2.5,2150,27540,2.0,0,0,3,2150,0,17,0,17,0.051086956521739134
289987.5,3.0,1.75,1570,15330,1.0,0,0,3,1080,490,58,1,13,0.01608695652173913
264270.0,3.0,2.5,1630,7700,1.0,0,0,3,1120,510,36,0,36,0.04021739130434782
602761.0,4.0,2.5,2770,10274,2.0,0,0,3,2770,0,25,0,25,0.04065217391304348
251555.56,3.0,1.0,1750,7800,1.0,0,0,4,1150,600,58,0,58,0.01608695652173913
214750.0,3.0,1.5,1090,8160,1.0,0,0,3,1090,0,47,1,0,0.06369565217391304
258125.0,2.0,1.0,930,7740,1.0,0,0,3,930,0,90,1,3,0.34195652173913044
0.0,4.0,2.0,2100,4857,2.0,0,0,3,2100,0,49,1,30,0.00782608695652174
677099.57,4.0,2.5,2540,38677,2.0,0,0,3,2540,0,27,1,14,0.051086956521739134
0.0,2.0,1.0,810,8424,1.0,0,0,4,810,0,55,0,55,0.03217391304347826
0.0,2.0,1.5,1520,8040,1.0,0,0,5,1520,0,63,0,63,0.34195652173913044
167500.0,1.0,1.0,690,1950,1.0,0,0,3,690,0,86,1,60,0.34195652173913044
471500.0,4.0,3.0,2370,3672,1.5,0,0,5,1650,720,98,0,98,0.34195652173913044
0.0,4.0,4.25,3500,8750,1.0,0,4,5,2140,1360,63,0,63,0.34195652173913044
464600.0,2.0,1.0,840,3400,1.0,0,2,4,840,0,90,0,90,0.34195652173913044
132250.0,4.0,2.25,1830,8734,2.0,0,0,4,1830,0,23,0,23,0.04021739130434782
433111.11,3.0,2.25,1370,1524,3.0,0,0,3,1370,0,9,0,9,0.34195652173913044
542500.0,5.0,2.75,2520,16100,1.0,0,3,4,1570,950,54,1,13,0.018695652173913044
0.0,2.0,2.25,2130,4920,1.5,0,4,4,1530,600,73,1,16,0.34195652173913044
368112.5,4.0,2.5,2590,8483,2.0,0,0,3,2590,0,23,0,23,0.007173913043478261
673476.82,4.0,2.5,1820,20011,2.0,0,0,3,1820,0,27,1,14,0.03804347826086957
558653.85,3.0,2.5,1530,3210,1.5,0,0,5,1010,520,86,1,44,0.34195652173913044
0.0,4.0,2.5,4080,18362,2.0,0,2,4,4080,0,31,0,31,0.002391304347826087
168333.33,2.0,1.0,1050,6600,1.5,0,0,3,1050,0,50,1,14,0.01608695652173913
268971.88,4.0,2.5,1954,4805,2.0,0,0,3,1954,0,9,0,9,0.04021739130434782
318000.0,2.0,1.75,1530,3503,1.0,0,1,4,830,700,98,0,98,0.34195652173913044
550607.14,4.0,2.0,1660,4800,1.5,0,0,3,1660,0,92,1,6,0.34195652173913044
584000.0,3.0,1.75,1490,1036,2.0,0,0,3,1090,400,6,0,6,0.34195652173913044
0.0,3.0,1.0,1520,9030,1.0,0,0,3,1520,0,58,1,13,0.06217391304347826
245000.0,3.0,3.0,2470,7410,2.0,0,0,5,1860,610,37,0,37,0.34195652173913044
287919.78,2.0,1.0,870,4600,1.0,0,0,4,870,0,72,1,32,0.34195652173913044
672500.0,4.0,2.25,2110,12653,2.0,0,0,4,2110,0,42,0,42,0.018695652173913044
454790.0,2.0,1.75,1990,4000,1.0,0,0,5,1090,900,62,1,16,0.34195652173913044
282508.89,3.0,1.0,1560,7552,1.0,0,0,4,910,650,66,0,66,0.02673913043478261
473200.0,3.0,1.5,1740,4200,1.5,0,0,4,1640,100,94,0,94,0.34195652173913044
406062.5,2.0,1.0,1290,4650,1.0,0,0,4,1290,0,108,1,24,0.34195652173913044
282766.67,4.0,2.0,1700,8640,1.0,0,0,3,850,850,59,1,4,0.06217391304347826
486445.83,3.0,1.75,1880,10032,1.0,0,0,4,1880,0,30,0,30,0.06217391304347826
486895.0,3.0,1.0,1890,3330,1.5,0,0,4,1390,500,113,0,113,0.34195652173913044
430277.78,3.0,2.25,1620,1075,3.0,0,0,3,1540,80,5,0,5,0.04065217391304348
229629.5,2.0,1.0,770,8149,1.0,0,0,3,770,0,66,1,20,0.02673913043478261
0.0,4.0,2.25,2890,18226,3.0,1,4,3,2890,0,30,0,30,0.06369565217391304
182805.0,3.0,1.0,1040,8892,1.0,0,0,4,800,240,56,1,42,0.03217391304347826
380680.56,4.0,2.5,2620,8331,2.0,0,0,3,2620,0,23,0,23,0.06369565217391304
396166.67,3.0,1.75,1880,5752,1.0,0,0,4,940,940,69,0,69,0.34195652173913044
252980.0,4.0,2.5,2530,8169,2.0,0,0,3,2530,0,21,0,21,0.03217391304347826
289373.31,3.0,2.5,2538,4600,2.0,0,0,3,2538,0,1,1,91,0.03826086956521739
210614.29,3.0,2.5,1610,7223,2.0,0,0,3,1610,0,20,0,20,0.04021739130434782
308166.67,3.0,1.75,1510,6360,1.0,0,0,4,1510,0,60,1,35,0.34195652173913044
534333.33,3.0,2.5,1460,7573,2.0,0,0,3,1460,0,31,1,5,0.06217391304347826
416904.17,3.0,2.5,3010,7014,2.0,0,0,3,3010,0,5,0,5,0.06369565217391304
203400.0,4.0,2.0,2090,6630,1.0,0,0,3,1070,1020,40,0,40,0.34195652173913044
220600.0,3.0,2.5,1490,8102,2.0,0,0,4,1490,0,24,0,24,0.009347826086956522
